timestamp,irradiance,temperature,humidity,voltage,current,power,battery,data_source
2026-03-15 00:00:00,1.92,22.03,68.01,0.027,0.0,0.0,3.62,
2026-03-15 00:10:00,2.21,22.68,70.73,0.01,0.0,0.0,3.62,
2026-03-15 00:20:00,1.27,22.03,67.76,0.061,0.0,0.0,3.62,
2026-03-15 00:30:00,0.08,22.2,69.66,0.065,0.0,0.0,3.61,
2026-03-15 00:40:00,0.66,22.59,70.36,0.001,0.0,0.0,3.61,
2026-03-15 00:50:00,2.42,22.7,68.3,0.019,0.0,0.0,3.61,
2026-03-15 01:00:00,2.87,22.34,67.21,0.012,0.0,0.0,3.61,
2026-03-15 01:10:00,2.54,22.6,70.35,0.088,0.0,0.0,3.61,
2026-03-15 01:20:00,1.61,22.97,68.47,0.066,0.0,0.0,3.61,
2026-03-15 01:30:00,2.49,22.62,70.59,0.069,0.0,0.0,3.6,
2026-03-15 01:40:00,2.11,22.05,67.8,0.035,0.0,0.0,3.6,
2026-03-15 01:50:00,0.24,22.23,67.24,0.033,0.0,0.0,3.6,
2026-03-15 02:00:00,1.91,22.36,68.43,0.025,0.0,0.0,3.6,
2026-03-15 02:10:00,0.8,22.94,69.65,0.073,0.0,0.0,3.6,
2026-03-15 02:20:00,0.51,22.73,67.52,0.046,0.0,0.0,3.6,
2026-03-15 02:30:00,2.97,22.64,69.25,0.082,0.0,0.0,3.59,
2026-03-15 02:40:00,2.53,22.78,67.81,0.004,0.0,0.0,3.59,
2026-03-15 02:50:00,0.95,22.27,67.73,0.113,0.0,0.0,3.59,
2026-03-15 03:00:00,2.63,22.31,69.68,0.047,0.0,0.0,3.59,
2026-03-15 03:10:00,2.74,22.46,67.97,0.03,0.0,0.0,3.59,
2026-03-15 03:20:00,1.68,22.26,69.37,0.108,0.0,0.0,3.59,
2026-03-15 03:30:00,1.2,22.22,71.19,0.061,0.0,0.0,3.58,
2026-03-15 03:40:00,0.27,22.05,67.28,0.075,0.0,0.0,3.58,
2026-03-15 03:50:00,2.38,22.42,67.08,0.046,0.0,0.0,3.58,
2026-03-15 04:00:00,2.99,22.53,71.07,0.103,0.0,0.0,3.58,
2026-03-15 04:10:00,0.03,22.72,69.8,0.064,0.0,0.0,3.58,
2026-03-15 04:20:00,0.8,22.64,67.29,0.052,0.0,0.0,3.58,
2026-03-15 04:30:00,1.36,22.95,70.65,0.032,0.0,0.0,3.58,
2026-03-15 04:40:00,1.5,22.18,70.82,0.104,0.0,0.0,3.57,
2026-03-15 04:50:00,0.9,22.64,69.48,0.018,0.0,0.0,3.57,
2026-03-15 05:00:00,2.29,22.54,70.23,0.064,0.0,0.0,3.57,
2026-03-15 05:10:00,0.0,22.32,66.89,0.111,0.0,0.0,3.57,
2026-03-15 05:20:00,2.64,22.83,68.15,0.007,0.0,0.0,3.57,
2026-03-15 05:30:00,2.63,22.95,67.18,0.058,0.0,0.0,3.57,
2026-03-15 05:40:00,0.21,22.76,70.17,0.015,0.0,0.0,3.56,
2026-03-15 05:50:00,20.0,22.74,67.38,4.807,0.0,0.0,3.56,
2026-03-15 06:00:00,62.95,23.3,65.93,4.76,0.049,0.232,3.56,
2026-03-15 06:10:00,100.21,23.46,64.41,4.807,0.048,0.232,3.56,
2026-03-15 06:20:00,133.45,23.53,63.02,4.953,0.073,0.364,3.56,
2026-03-15 06:30:00,196.58,23.76,62.6,5.024,0.081,0.406,3.57,
2026-03-15 06:40:00,239.46,24.63,62.49,5.111,0.123,0.631,3.57,
2026-03-15 06:50:00,249.03,24.85,61.13,5.11,0.155,0.794,3.57,
2026-03-15 07:00:00,320.27,24.88,59.92,5.147,0.175,0.9,3.57,
2026-03-15 07:10:00,330.45,25.59,58.9,5.196,0.193,1.001,3.58,
2026-03-15 07:20:00,377.72,26.35,58.37,5.211,0.238,1.241,3.58,
2026-03-15 07:30:00,434.15,26.76,58.61,5.293,0.231,1.222,3.58,
2026-03-15 07:40:00,450.47,26.23,55.5,5.515,0.25,1.377,3.59,
2026-03-15 07:50:00,488.38,26.92,57.01,5.574,0.277,1.543,3.59,
2026-03-15 08:00:00,512.68,27.12,56.06,5.546,0.301,1.669,3.59,
2026-03-15 08:10:00,543.36,27.72,53.03,5.655,0.31,1.755,3.6,
2026-03-15 08:20:00,577.39,27.63,52.49,5.672,0.316,1.793,3.6,
2026-03-15 08:30:00,638.73,27.98,51.57,5.712,0.349,1.993,3.61,
2026-03-15 08:40:00,656.57,28.96,48.96,5.78,0.356,2.057,3.62,
2026-03-15 08:50:00,691.85,28.6,48.6,5.835,0.368,2.148,3.62,
2026-03-15 09:00:00,732.33,29.56,46.71,5.773,0.406,2.341,3.63,
2026-03-15 09:10:00,755.57,29.69,47.23,5.805,0.432,2.509,3.64,
2026-03-15 09:20:00,772.04,30.04,47.73,5.816,0.44,2.559,3.64,
2026-03-15 09:30:00,798.72,30.22,44.74,5.877,0.437,2.569,3.65,
2026-03-15 09:40:00,808.07,30.1,46.64,5.932,0.457,2.708,3.66,
2026-03-15 09:50:00,837.84,30.6,46.57,5.944,0.464,2.76,3.67,
2026-03-15 10:00:00,840.91,30.66,45.07,6.011,0.486,2.923,3.67,
2026-03-15 10:10:00,875.19,30.07,42.05,6.165,0.49,3.022,3.68,
2026-03-15 10:20:00,907.32,30.8,41.87,6.041,0.503,3.037,3.69,
2026-03-15 10:30:00,921.84,31.23,44.72,6.083,0.492,2.993,3.7,
2026-03-15 10:40:00,935.57,31.38,42.15,6.188,0.507,3.135,3.71,
2026-03-15 10:50:00,951.3,31.59,43.56,6.26,0.502,3.14,3.72,
2026-03-15 11:00:00,943.17,31.65,43.21,6.274,0.518,3.25,3.73,
2026-03-15 11:10:00,968.93,30.91,43.25,6.288,0.519,3.261,3.73,
2026-03-15 11:20:00,964.85,31.18,42.69,6.174,0.515,3.182,3.74,
2026-03-15 11:30:00,966.09,31.79,43.28,6.194,0.538,3.33,3.75,
2026-03-15 11:40:00,993.88,31.5,43.03,6.168,0.537,3.31,3.76,
2026-03-15 11:50:00,995.79,31.26,39.3,6.236,0.534,3.327,3.77,
2026-03-15 12:00:00,983.82,31.51,40.49,6.265,0.533,3.337,3.78,
2026-03-15 12:10:00,961.2,31.92,41.19,6.293,0.536,3.371,3.79,
2026-03-15 12:20:00,971.67,31.04,41.82,6.211,0.539,3.35,3.8,
2026-03-15 12:30:00,980.18,31.23,40.38,6.219,0.527,3.279,3.81,
2026-03-15 12:40:00,952.86,31.29,43.33,6.264,0.537,3.364,3.82,
2026-03-15 12:50:00,951.42,31.35,39.41,6.174,0.529,3.265,3.83,
2026-03-15 13:00:00,954.78,31.18,41.63,6.144,0.533,3.274,3.84,
2026-03-15 13:10:00,948.83,30.79,40.37,6.187,0.515,3.187,3.85,
2026-03-15 13:20:00,936.95,31.25,43.32,6.109,0.496,3.03,3.85,
2026-03-15 13:30:00,902.0,30.84,44.51,6.056,0.509,3.083,3.86,
2026-03-15 13:40:00,884.27,30.92,43.4,6.065,0.492,2.984,3.87,
2026-03-15 13:50:00,886.83,30.83,42.19,6.073,0.487,2.955,3.88,
2026-03-15 14:00:00,859.43,29.94,43.36,6.128,0.475,2.908,3.89,
2026-03-15 14:10:00,844.29,30.69,45.47,6.116,0.47,2.876,3.9,
2026-03-15 14:20:00,824.16,30.0,47.13,6.001,0.468,2.808,3.9,
2026-03-15 14:30:00,791.92,29.54,45.24,5.982,0.446,2.67,3.91,
2026-03-15 14:40:00,772.58,29.33,45.2,5.872,0.421,2.473,3.92,
2026-03-15 14:50:00,743.3,28.95,46.62,5.912,0.408,2.414,3.92,
2026-03-15 15:00:00,711.06,29.1,48.22,5.771,0.409,2.363,3.93,
2026-03-15 15:10:00,688.7,28.99,50.98,5.838,0.367,2.145,3.94,
2026-03-15 15:20:00,650.41,28.78,51.82,5.828,0.365,2.126,3.94,
2026-03-15 15:30:00,626.34,28.34,49.92,5.632,0.343,1.933,3.95,
2026-03-15 15:40:00,586.61,28.12,51.65,5.57,0.329,1.831,3.95,
2026-03-15 15:50:00,563.7,27.16,52.55,5.597,0.303,1.698,3.96,
2026-03-15 16:00:00,512.0,27.28,52.02,5.506,0.285,1.569,3.96,
2026-03-15 16:10:00,499.4,26.88,56.11,5.541,0.257,1.424,3.97,
2026-03-15 16:20:00,436.73,26.71,58.23,5.388,0.267,1.437,3.97,
2026-03-15 16:30:00,422.73,26.59,59.06,5.3,0.215,1.141,3.97,
2026-03-15 16:40:00,366.31,26.16,58.43,5.244,0.226,1.186,3.98,
2026-03-15 16:50:00,329.64,25.74,60.33,5.163,0.212,1.096,3.98,
2026-03-15 17:00:00,288.73,24.81,59.52,5.214,0.178,0.931,3.98,
2026-03-15 17:10:00,271.28,24.5,62.31,5.142,0.137,0.704,3.98,
2026-03-15 17:20:00,236.39,24.66,60.94,5.151,0.125,0.642,3.99,
2026-03-15 17:30:00,181.06,24.06,63.78,4.959,0.116,0.576,3.99,
2026-03-15 17:40:00,128.96,24.28,65.51,4.992,0.079,0.393,3.99,
2026-03-15 17:50:00,110.85,23.91,65.06,4.924,0.052,0.254,3.99,
2026-03-15 18:00:00,59.22,23.3,66.22,4.868,0.031,0.152,3.99,
2026-03-15 18:10:00,34.26,22.43,68.26,4.755,0.0,0.0,3.99,
2026-03-15 18:20:00,2.55,22.18,67.73,0.096,0.0,0.0,3.99,
2026-03-15 18:30:00,1.02,22.88,69.89,0.033,0.0,0.0,3.99,
2026-03-15 18:40:00,0.03,22.95,67.18,0.086,0.0,0.0,3.98,
2026-03-15 18:50:00,1.47,22.76,69.84,0.078,0.0,0.0,3.98,
2026-03-15 19:00:00,1.47,22.79,67.21,0.027,0.0,0.0,3.98,
2026-03-15 19:10:00,2.08,22.31,69.36,0.057,0.0,0.0,3.98,
2026-03-15 19:20:00,1.59,22.43,70.08,0.04,0.0,0.0,3.98,
2026-03-15 19:30:00,2.11,22.27,67.91,0.014,0.0,0.0,3.98,
2026-03-15 19:40:00,0.58,22.12,69.16,0.091,0.0,0.0,3.97,
2026-03-15 19:50:00,0.56,22.22,68.93,0.087,0.0,0.0,3.97,
2026-03-15 20:00:00,2.93,22.52,68.05,0.012,0.0,0.0,3.97,
2026-03-15 20:10:00,0.58,22.23,67.59,0.002,0.0,0.0,3.97,
2026-03-15 20:20:00,1.6,22.27,71.09,0.066,0.0,0.0,3.97,
2026-03-15 20:30:00,2.09,22.13,70.62,0.059,0.0,0.0,3.97,
2026-03-15 20:40:00,2.62,22.57,68.87,0.053,0.0,0.0,3.97,
2026-03-15 20:50:00,0.55,22.05,70.94,0.057,0.0,0.0,3.96,
2026-03-15 21:00:00,2.47,22.4,67.13,0.076,0.0,0.0,3.96,
2026-03-15 21:10:00,0.16,22.15,69.28,0.036,0.0,0.0,3.96,
2026-03-15 21:20:00,2.98,22.12,70.16,0.073,0.0,0.0,3.96,
2026-03-15 21:30:00,2.37,22.23,69.1,0.054,0.0,0.0,3.96,
2026-03-15 21:40:00,1.33,22.86,71.16,0.037,0.0,0.0,3.96,
2026-03-15 21:50:00,1.86,22.61,70.06,0.114,0.0,0.0,3.95,
2026-03-15 22:00:00,0.62,22.21,69.71,0.019,0.0,0.0,3.95,
2026-03-15 22:10:00,0.52,22.08,66.81,0.054,0.0,0.0,3.95,
2026-03-15 22:20:00,1.78,22.29,67.82,0.085,0.0,0.0,3.95,
2026-03-15 22:30:00,2.11,22.45,69.82,0.111,0.0,0.0,3.95,
2026-03-15 22:40:00,2.36,22.63,69.71,0.112,0.0,0.0,3.95,
2026-03-15 22:50:00,1.28,22.54,69.65,0.109,0.0,0.0,3.94,
2026-03-15 23:00:00,2.48,22.07,67.53,0.037,0.0,0.0,3.94,
2026-03-15 23:10:00,2.25,22.57,68.07,0.015,0.0,0.0,3.94,
2026-03-15 23:20:00,2.07,22.7,70.95,0.06,0.0,0.0,3.94,
2026-03-15 23:30:00,1.48,22.08,66.98,0.052,0.0,0.0,3.94,
2026-03-15 23:40:00,0.97,22.25,67.2,0.115,0.0,0.0,3.94,
2026-03-15 23:50:00,2.51,22.58,70.98,0.12,0.0,0.0,3.93,
2026-03-16 00:00:00,2.02,21.77,69.98,0.091,0.0,0.0,3.93,
2026-03-16 00:10:00,1.41,22.15,73.83,0.022,0.0,0.0,3.93,
2026-03-16 00:20:00,1.76,22.13,71.96,0.011,0.0,0.0,3.93,
2026-03-16 00:30:00,1.04,21.83,72.75,0.103,0.0,0.0,3.93,
2026-03-16 00:40:00,0.99,22.19,71.07,0.113,0.0,0.0,3.93,
2026-03-16 00:50:00,2.44,22.05,71.8,0.038,0.0,0.0,3.93,
2026-03-16 01:00:00,0.97,22.47,71.58,0.062,0.0,0.0,3.92,
2026-03-16 01:10:00,2.96,22.16,72.19,0.05,0.0,0.0,3.92,
2026-03-16 01:20:00,0.56,21.86,73.13,0.075,0.0,0.0,3.92,
2026-03-16 01:30:00,2.28,21.7,72.22,0.111,0.0,0.0,3.92,
2026-03-16 01:40:00,1.31,22.2,70.33,0.117,0.0,0.0,3.92,
2026-03-16 01:50:00,1.83,21.74,70.5,0.066,0.0,0.0,3.92,
2026-03-16 02:00:00,1.66,21.59,74.17,0.11,0.0,0.0,3.91,
2026-03-16 02:10:00,1.38,21.62,73.46,0.06,0.0,0.0,3.91,
2026-03-16 02:20:00,2.15,22.01,71.0,0.1,0.0,0.0,3.91,
2026-03-16 02:30:00,2.94,21.74,72.23,0.046,0.0,0.0,3.91,
2026-03-16 02:40:00,2.77,22.01,73.67,0.104,0.0,0.0,3.91,
2026-03-16 02:50:00,0.83,22.29,71.63,0.112,0.0,0.0,3.91,
2026-03-16 03:00:00,1.52,22.32,71.04,0.036,0.0,0.0,3.9,
2026-03-16 03:10:00,1.76,22.5,71.95,0.018,0.0,0.0,3.9,
2026-03-16 03:20:00,1.62,21.85,72.23,0.065,0.0,0.0,3.9,
2026-03-16 03:30:00,1.37,21.82,70.63,0.084,0.0,0.0,3.9,
2026-03-16 03:40:00,1.72,21.73,73.21,0.005,0.0,0.0,3.9,
2026-03-16 03:50:00,2.23,22.21,73.37,0.046,0.0,0.0,3.9,
2026-03-16 04:00:00,1.99,22.32,74.12,0.059,0.0,0.0,3.89,
2026-03-16 04:10:00,0.11,22.0,72.4,0.104,0.0,0.0,3.89,
2026-03-16 04:20:00,2.62,21.94,72.11,0.055,0.0,0.0,3.89,
2026-03-16 04:30:00,2.17,21.91,72.68,0.019,0.0,0.0,3.89,
2026-03-16 04:40:00,1.41,22.47,71.29,0.083,0.0,0.0,3.89,
2026-03-16 04:50:00,1.95,22.35,73.55,0.103,0.0,0.0,3.89,
2026-03-16 05:00:00,1.14,21.82,72.96,0.091,0.0,0.0,3.89,
2026-03-16 05:10:00,2.62,21.54,70.1,0.076,0.0,0.0,3.88,
2026-03-16 05:20:00,2.76,22.5,73.09,0.052,0.0,0.0,3.88,
2026-03-16 05:30:00,0.3,22.13,73.64,0.053,0.0,0.0,3.88,
2026-03-16 05:40:00,2.08,22.4,70.0,0.096,0.0,0.0,3.88,
2026-03-16 05:50:00,20.0,22.22,71.7,4.783,0.0,0.0,3.88,
2026-03-16 06:00:00,54.77,22.31,72.06,4.708,0.018,0.084,3.88,
2026-03-16 06:10:00,94.81,23.34,69.85,4.764,0.038,0.18,3.88,
2026-03-16 06:20:00,122.39,23.24,66.81,4.955,0.049,0.241,3.88,
2026-03-16 06:30:00,141.12,23.76,67.08,5.037,0.083,0.416,3.88,
2026-03-16 06:40:00,175.38,24.12,66.42,5.039,0.088,0.441,3.88,
2026-03-16 06:50:00,230.65,24.21,65.79,5.063,0.118,0.597,3.88,
2026-03-16 07:00:00,254.73,25.0,64.05,5.16,0.15,0.774,3.88,
2026-03-16 07:10:00,273.23,25.08,62.59,5.19,0.141,0.731,3.88,
2026-03-16 07:20:00,299.73,25.12,61.32,5.287,0.184,0.972,3.89,
2026-03-16 07:30:00,333.41,26.16,60.0,5.302,0.198,1.051,3.89,
2026-03-16 07:40:00,287.67,26.64,60.61,5.22,0.199,1.041,3.89,
2026-03-16 07:50:00,396.97,26.79,55.86,5.343,0.234,1.249,3.9,
2026-03-16 08:00:00,433.63,27.14,58.93,5.303,0.235,1.247,3.9,
2026-03-16 08:10:00,460.84,27.55,54.79,5.338,0.288,1.537,3.9,
2026-03-16 08:20:00,433.21,27.89,54.21,5.404,0.258,1.392,3.91,
2026-03-16 08:30:00,471.9,27.98,56.11,5.42,0.275,1.489,3.91,
2026-03-16 08:40:00,523.28,28.01,52.86,5.641,0.291,1.641,3.92,
2026-03-16 08:50:00,578.47,28.65,50.65,5.626,0.335,1.883,3.92,
2026-03-16 09:00:00,582.13,28.25,49.93,5.696,0.337,1.921,3.93,
2026-03-16 09:10:00,611.82,28.33,52.07,5.611,0.346,1.942,3.93,
2026-03-16 09:20:00,522.86,28.77,51.68,5.509,0.317,1.746,3.94,
2026-03-16 09:30:00,525.72,28.91,48.25,5.487,0.32,1.757,3.94,
2026-03-16 09:40:00,554.15,29.32,47.24,5.502,0.348,1.916,3.95,
2026-03-16 09:50:00,686.52,29.98,48.11,5.709,0.411,2.347,3.96,
2026-03-16 10:00:00,607.1,29.91,47.28,5.732,0.335,1.918,3.96,
2026-03-16 10:10:00,726.49,30.05,48.72,5.753,0.411,2.366,3.97,
2026-03-16 10:20:00,698.54,30.27,45.65,5.896,0.397,2.339,3.97,
2026-03-16 10:30:00,732.74,30.57,47.52,5.912,0.439,2.595,3.98,
2026-03-16 10:40:00,680.59,30.34,45.35,5.775,0.392,2.266,3.99,
2026-03-16 10:50:00,764.78,30.27,47.06,5.83,0.449,2.618,3.99,
2026-03-16 11:00:00,674.57,30.77,45.26,5.761,0.379,2.186,4.0,
2026-03-16 11:10:00,791.99,31.05,46.23,5.987,0.462,2.765,4.01,
2026-03-16 11:20:00,795.15,30.59,45.08,5.898,0.455,2.681,4.02,
2026-03-16 11:30:00,806.72,31.0,45.57,6.03,0.47,2.836,4.02,
2026-03-16 11:40:00,805.92,30.49,45.99,6.032,0.441,2.66,4.03,
2026-03-16 11:50:00,796.02,30.83,41.85,6.044,0.454,2.743,4.04,
2026-03-16 12:00:00,684.94,31.25,42.75,5.794,0.407,2.359,4.05,
2026-03-16 12:10:00,812.86,31.06,42.2,5.88,0.46,2.703,4.05,
2026-03-16 12:20:00,792.58,31.13,44.04,5.955,0.252,1.499,4.06,
2026-03-16 12:30:00,720.91,31.11,44.16,5.886,0.218,1.283,4.06,
2026-03-16 12:40:00,774.62,30.68,43.12,5.881,0.243,1.427,4.07,
2026-03-16 12:50:00,656.93,30.68,45.51,5.758,0.233,1.341,4.07,
2026-03-16 13:00:00,627.72,30.24,46.73,5.791,0.212,1.226,4.07,
2026-03-16 13:10:00,766.34,30.23,43.09,5.882,0.255,1.499,4.08,
2026-03-16 13:20:00,774.01,30.09,47.07,5.849,0.245,1.432,4.08,
2026-03-16 13:30:00,740.34,30.21,45.23,5.815,0.232,1.346,4.08,
2026-03-16 13:40:00,748.74,30.07,47.42,5.925,0.233,1.381,4.09,
2026-03-16 13:50:00,695.08,30.32,47.6,5.729,0.231,1.322,4.09,
2026-03-16 14:00:00,713.56,29.84,49.33,5.827,0.229,1.334,4.1,
2026-03-16 14:10:00,691.95,29.35,46.15,5.776,0.209,1.205,4.1,
2026-03-16 14:20:00,594.59,29.45,46.73,5.718,0.188,1.074,4.1,
2026-03-16 14:30:00,654.27,29.29,49.18,5.739,0.222,1.276,4.11,
2026-03-16 14:40:00,640.93,29.21,49.27,5.691,0.182,1.036,4.11,
2026-03-16 14:50:00,493.29,29.03,50.82,5.424,0.157,0.853,4.11,
2026-03-16 15:00:00,586.62,28.22,51.03,5.583,0.182,1.018,4.11,
2026-03-16 15:10:00,572.66,28.44,50.5,5.508,0.183,1.007,4.12,
2026-03-16 15:20:00,543.35,28.43,54.91,5.517,0.168,0.926,4.12,
2026-03-16 15:30:00,420.24,27.63,54.57,5.441,0.125,0.682,4.12,
2026-03-16 15:40:00,497.13,27.61,56.52,5.516,0.09,0.495,4.12,
2026-03-16 15:50:00,455.87,27.0,55.42,5.361,0.081,0.435,4.12,
2026-03-16 16:00:00,420.75,26.46,55.14,5.45,0.067,0.368,4.12,
2026-03-16 16:10:00,415.61,26.04,57.28,5.389,0.055,0.299,4.13,
2026-03-16 16:20:00,320.16,26.48,57.56,5.178,0.056,0.288,4.13,
2026-03-16 16:30:00,304.02,26.08,59.85,5.2,0.054,0.283,4.13,
2026-03-16 16:40:00,323.47,25.36,63.12,5.289,0.047,0.248,4.13,
2026-03-16 16:50:00,281.1,25.6,63.63,5.203,0.031,0.161,4.13,
2026-03-16 17:00:00,261.79,24.84,61.6,5.162,0.048,0.248,4.13,
2026-03-16 17:10:00,207.92,24.83,62.92,5.029,0.045,0.225,4.13,
2026-03-16 17:20:00,178.09,23.58,63.64,4.991,0.032,0.158,4.13,
2026-03-16 17:30:00,133.59,24.12,68.25,4.968,0.026,0.131,4.13,
2026-03-16 17:40:00,104.97,22.95,68.81,4.845,0.0,0.0,4.13,
2026-03-16 17:50:00,71.73,23.17,69.2,4.733,0.0,0.001,4.13,
2026-03-16 18:00:00,56.8,22.52,68.53,4.854,0.0,0.0,4.12,
2026-03-16 18:10:00,20.0,21.83,71.1,4.75,0.003,0.012,4.12,
2026-03-16 18:20:00,1.99,21.59,74.09,0.008,0.0,0.0,4.12,
2026-03-16 18:30:00,1.58,22.01,74.15,0.066,0.0,0.0,4.12,
2026-03-16 18:40:00,1.17,21.97,72.6,0.118,0.0,0.0,4.12,
2026-03-16 18:50:00,0.76,21.52,73.27,0.041,0.0,0.0,4.12,
2026-03-16 19:00:00,2.2,22.13,73.19,0.088,0.0,0.0,4.11,
2026-03-16 19:10:00,1.0,21.54,72.2,0.098,0.0,0.0,4.11,
2026-03-16 19:20:00,0.53,22.28,71.84,0.083,0.0,0.0,4.11,
2026-03-16 19:30:00,1.9,22.31,70.08,0.093,0.0,0.0,4.11,
2026-03-16 19:40:00,1.37,21.79,69.99,0.024,0.0,0.0,4.11,
2026-03-16 19:50:00,0.13,22.43,72.07,0.119,0.0,0.0,4.11,
2026-03-16 20:00:00,1.63,21.75,73.11,0.023,0.0,0.0,4.1,
2026-03-16 20:10:00,1.07,22.28,73.61,0.04,0.0,0.0,4.1,
2026-03-16 20:20:00,0.37,21.87,73.71,0.089,0.0,0.0,4.1,
2026-03-16 20:30:00,2.68,21.89,74.08,0.06,0.0,0.0,4.1,
2026-03-16 20:40:00,1.49,22.42,72.08,0.096,0.0,0.0,4.1,
2026-03-16 20:50:00,2.18,21.58,72.45,0.099,0.0,0.0,4.1,
2026-03-16 21:00:00,1.64,21.82,70.15,0.079,0.0,0.0,4.09,
2026-03-16 21:10:00,0.92,22.1,71.67,0.083,0.0,0.0,4.09,
2026-03-16 21:20:00,1.05,21.54,73.63,0.042,0.0,0.0,4.09,
2026-03-16 21:30:00,2.99,21.77,74.11,0.114,0.0,0.0,4.09,
2026-03-16 21:40:00,0.23,22.14,71.4,0.096,0.0,0.0,4.09,
2026-03-16 21:50:00,2.04,22.45,70.43,0.073,0.0,0.0,4.09,
2026-03-16 22:00:00,2.34,21.53,70.1,0.093,0.0,0.0,4.09,
2026-03-16 22:10:00,1.1,21.88,72.3,0.073,0.0,0.0,4.08,
2026-03-16 22:20:00,2.04,22.45,71.44,0.092,0.0,0.0,4.08,
2026-03-16 22:30:00,1.72,22.03,71.55,0.078,0.0,0.0,4.08,
2026-03-16 22:40:00,0.75,21.61,73.04,0.06,0.0,0.0,4.08,
2026-03-16 22:50:00,1.16,22.06,70.95,0.031,0.0,0.0,4.08,
2026-03-16 23:00:00,1.34,22.5,71.06,0.11,0.0,0.0,4.08,
2026-03-16 23:10:00,1.47,21.62,73.55,0.054,0.0,0.0,4.07,
2026-03-16 23:20:00,2.7,21.95,70.19,0.082,0.0,0.0,4.07,
2026-03-16 23:30:00,2.54,21.82,71.33,0.008,0.0,0.0,4.07,
2026-03-16 23:40:00,1.63,22.39,73.55,0.085,0.0,0.0,4.07,
2026-03-16 23:50:00,2.78,22.14,73.29,0.061,0.0,0.0,4.07,
2026-03-17 00:00:00,0.36,22.2,67.41,0.095,0.0,0.0,4.07,
2026-03-17 00:10:00,0.08,22.55,68.42,0.096,0.0,0.0,4.06,
2026-03-17 00:20:00,1.65,22.61,67.18,0.037,0.0,0.0,4.06,
2026-03-17 00:30:00,3.0,22.72,69.11,0.092,0.0,0.0,4.06,
2026-03-17 00:40:00,2.47,22.07,71.08,0.077,0.0,0.0,4.06,
2026-03-17 00:50:00,1.35,22.68,68.32,0.105,0.0,0.0,4.06,
2026-03-17 01:00:00,2.34,22.64,67.6,0.116,0.0,0.0,4.06,
2026-03-17 01:10:00,1.3,22.91,67.04,0.015,0.0,0.0,4.05,
2026-03-17 01:20:00,0.46,22.16,68.22,0.085,0.0,0.0,4.05,
2026-03-17 01:30:00,1.04,22.94,70.74,0.102,0.0,0.0,4.05,
2026-03-17 01:40:00,0.75,22.64,69.22,0.015,0.0,0.0,4.05,
2026-03-17 01:50:00,0.91,22.53,69.01,0.02,0.0,0.0,4.05,
2026-03-17 02:00:00,2.82,22.15,69.7,0.086,0.0,0.0,4.05,
2026-03-17 02:10:00,1.82,22.84,69.28,0.099,0.0,0.0,4.05,
2026-03-17 02:20:00,0.09,22.05,69.62,0.069,0.0,0.0,4.04,
2026-03-17 02:30:00,1.95,22.77,68.63,0.077,0.0,0.0,4.04,
2026-03-17 02:40:00,1.49,22.63,68.07,0.115,0.0,0.0,4.04,
2026-03-17 02:50:00,1.45,22.8,69.81,0.036,0.0,0.0,4.04,
2026-03-17 03:00:00,0.22,22.06,68.73,0.058,0.0,0.0,4.04,
2026-03-17 03:10:00,0.61,22.61,68.18,0.086,0.0,0.0,4.04,
2026-03-17 03:20:00,2.2,22.86,71.09,0.016,0.0,0.0,4.03,
2026-03-17 03:30:00,1.11,22.56,68.2,0.056,0.0,0.0,4.03,
2026-03-17 03:40:00,0.8,22.25,67.23,0.035,0.0,0.0,4.03,
2026-03-17 03:50:00,1.15,22.62,67.89,0.104,0.0,0.0,4.03,
2026-03-17 04:00:00,0.48,22.33,69.34,0.038,0.0,0.0,4.03,
2026-03-17 04:10:00,2.29,22.5,69.06,0.06,0.0,0.0,4.03,
2026-03-17 04:20:00,0.93,22.02,70.96,0.061,0.0,0.0,4.02,
2026-03-17 04:30:00,2.9,22.22,68.35,0.006,0.0,0.0,4.02,
2026-03-17 04:40:00,1.48,22.88,69.68,0.056,0.0,0.0,4.02,
2026-03-17 04:50:00,1.61,22.85,68.7,0.106,0.0,0.0,4.02,
2026-03-17 05:00:00,2.18,22.76,68.41,0.048,0.0,0.0,4.02,
2026-03-17 05:10:00,1.71,22.19,69.23,0.009,0.0,0.0,4.02,
2026-03-17 05:20:00,1.51,22.76,68.03,0.119,0.0,0.0,4.01,
2026-03-17 05:30:00,2.04,22.12,71.09,0.047,0.0,0.0,4.01,
2026-03-17 05:40:00,2.38,22.34,70.93,0.091,0.0,0.0,4.01,
2026-03-17 05:50:00,20.0,22.7,68.41,4.641,0.001,0.005,4.01,
2026-03-17 06:00:00,59.36,23.02,67.71,4.798,0.025,0.119,4.01,
2026-03-17 06:10:00,88.24,23.93,67.13,4.819,0.052,0.25,4.01,
2026-03-17 06:20:00,141.46,24.02,64.03,4.985,0.071,0.356,4.01,
2026-03-17 06:30:00,197.24,24.27,65.06,5.03,0.092,0.461,4.01,
2026-03-17 06:40:00,218.39,25.02,63.85,5.102,0.125,0.636,4.01,
2026-03-17 06:50:00,261.28,24.59,62.04,5.132,0.145,0.743,4.02,
2026-03-17 07:00:00,303.29,24.81,62.32,5.091,0.148,0.755,4.02,
2026-03-17 07:10:00,322.22,25.83,58.85,5.284,0.205,1.084,4.02,
2026-03-17 07:20:00,380.66,25.55,56.56,5.23,0.209,1.093,4.02,
2026-03-17 07:30:00,409.84,26.15,55.64,5.429,0.219,1.189,4.03,
2026-03-17 07:40:00,454.74,26.89,56.66,5.442,0.246,1.339,4.03,
2026-03-17 07:50:00,471.07,27.06,53.79,5.554,0.256,1.424,4.03,
2026-03-17 08:00:00,504.07,27.53,53.19,5.484,0.311,1.704,4.04,
2026-03-17 08:10:00,539.96,27.26,53.8,5.543,0.331,1.835,4.04,
2026-03-17 08:20:00,597.02,28.25,51.15,5.576,0.333,1.858,4.05,
2026-03-17 08:30:00,610.11,27.99,51.06,5.609,0.359,2.011,4.06,
2026-03-17 08:40:00,649.7,28.16,50.77,5.734,0.195,1.116,4.06,
2026-03-17 08:50:00,673.07,28.93,47.44,5.745,0.206,1.186,4.06,
2026-03-17 09:00:00,709.85,28.57,48.81,5.893,0.219,1.292,4.07,
2026-03-17 09:10:00,740.64,29.29,46.48,5.943,0.219,1.3,4.07,
2026-03-17 09:20:00,767.34,29.14,47.38,5.897,0.246,1.451,4.07,
2026-03-17 09:30:00,791.86,29.46,48.03,5.864,0.263,1.541,4.08,
2026-03-17 09:40:00,796.23,29.99,47.6,6.058,0.26,1.577,4.08,
2026-03-17 09:50:00,803.83,30.27,43.32,6.096,0.252,1.534,4.09,
2026-03-17 10:00:00,843.16,30.38,46.39,6.101,0.247,1.509,4.09,
2026-03-17 10:10:00,846.3,30.22,43.74,6.012,0.261,1.569,4.09,
2026-03-17 10:20:00,887.84,30.79,44.55,6.023,0.288,1.732,4.1,
2026-03-17 10:30:00,904.73,30.88,41.15,6.146,0.255,1.566,4.1,
2026-03-17 10:40:00,900.63,30.75,41.5,6.082,0.294,1.786,4.11,
2026-03-17 10:50:00,912.28,31.34,40.05,6.185,0.274,1.694,4.11,
2026-03-17 11:00:00,916.48,31.02,41.46,6.172,0.296,1.829,4.12,
2026-03-17 11:10:00,932.61,30.92,43.44,6.145,0.284,1.744,4.12,
2026-03-17 11:20:00,933.76,31.03,42.48,6.219,0.155,0.962,4.13,
2026-03-17 11:30:00,951.78,31.47,41.94,6.151,0.157,0.967,4.13,
2026-03-17 11:40:00,970.46,31.05,40.86,6.254,0.147,0.921,4.13,
2026-03-17 11:50:00,943.78,31.54,41.05,6.232,0.145,0.906,4.13,
2026-03-17 12:00:00,961.13,31.12,39.7,6.236,0.148,0.921,4.14,
2026-03-17 12:10:00,970.67,31.45,41.08,6.209,0.146,0.908,4.14,
2026-03-17 12:20:00,968.08,31.69,40.64,6.277,0.164,1.03,4.14,
2026-03-17 12:30:00,936.46,31.27,39.3,6.306,0.157,0.991,4.14,
2026-03-17 12:40:00,962.57,30.91,40.99,6.252,0.171,1.071,4.15,
2026-03-17 12:50:00,944.66,31.22,43.78,6.162,0.174,1.069,4.15,
2026-03-17 13:00:00,925.75,31.4,42.59,6.179,0.155,0.955,4.15,
2026-03-17 13:10:00,907.83,31.15,42.32,6.2,0.134,0.831,4.16,
2026-03-17 13:20:00,889.8,30.8,43.32,6.143,0.157,0.967,4.16,
2026-03-17 13:30:00,883.87,30.71,41.98,6.2,0.144,0.894,4.16,
2026-03-17 13:40:00,888.51,30.64,44.59,6.164,0.126,0.774,4.16,
2026-03-17 13:50:00,845.87,30.09,44.35,6.101,0.135,0.825,4.17,
2026-03-17 14:00:00,838.09,30.12,43.22,6.104,0.127,0.776,4.17,
2026-03-17 14:10:00,813.91,30.51,46.07,5.963,0.144,0.859,4.17,
2026-03-17 14:20:00,793.48,29.8,44.11,5.997,0.122,0.73,4.17,
2026-03-17 14:30:00,761.17,30.23,48.02,6.011,0.13,0.783,4.17,
2026-03-17 14:40:00,752.5,30.03,49.0,5.925,0.13,0.768,4.18,
2026-03-17 14:50:00,724.01,28.96,47.26,5.901,0.127,0.752,4.18,
2026-03-17 15:00:00,692.93,29.27,49.93,5.89,0.127,0.75,4.18,
2026-03-17 15:10:00,674.02,28.43,48.28,5.703,0.127,0.725,4.18,
2026-03-17 15:20:00,655.13,28.11,51.25,5.655,0.107,0.603,4.18,
2026-03-17 15:30:00,615.89,28.61,49.78,5.721,0.11,0.629,4.19,
2026-03-17 15:40:00,579.92,28.31,51.34,5.71,0.092,0.525,4.19,
2026-03-17 15:50:00,564.75,27.25,55.22,5.563,0.088,0.487,4.19,
2026-03-17 16:00:00,503.97,27.74,54.23,5.569,0.084,0.465,4.19,
2026-03-17 16:10:00,475.13,26.76,55.06,5.459,0.079,0.432,4.19,
2026-03-17 16:20:00,443.85,27.01,57.85,5.378,0.074,0.4,4.19,
2026-03-17 16:30:00,398.88,25.98,56.03,5.434,0.069,0.373,4.19,
2026-03-17 16:40:00,359.66,25.82,57.62,5.355,0.065,0.348,4.19,
2026-03-17 16:50:00,341.42,25.39,60.65,5.323,0.059,0.315,4.2,
2026-03-17 17:00:00,284.84,25.58,58.89,5.213,0.057,0.297,4.2,
2026-03-17 17:10:00,259.79,25.06,59.53,5.015,0.063,0.318,4.2,
2026-03-17 17:20:00,225.36,24.82,62.22,5.115,0.031,0.158,4.2,
2026-03-17 17:30:00,162.29,24.19,63.2,5.008,0.036,0.182,4.2,
2026-03-17 17:40:00,139.69,23.8,62.74,4.932,0.007,0.033,4.2,
2026-03-17 17:50:00,92.28,23.92,63.95,4.921,0.027,0.131,4.2,
2026-03-17 18:00:00,75.06,22.67,65.47,4.725,0.005,0.023,4.19,
2026-03-17 18:10:00,31.46,22.46,67.96,4.706,0.006,0.026,4.19,
2026-03-17 18:20:00,2.97,22.23,69.81,0.102,0.0,0.0,4.19,
2026-03-17 18:30:00,1.96,22.86,70.14,0.011,0.0,0.0,4.19,
2026-03-17 18:40:00,1.14,22.55,67.05,0.001,0.0,0.0,4.19,
2026-03-17 18:50:00,0.51,22.5,68.71,0.094,0.0,0.0,4.19,
2026-03-17 19:00:00,1.7,22.86,67.22,0.063,0.0,0.0,4.18,
2026-03-17 19:10:00,0.13,22.21,70.62,0.107,0.0,0.0,4.18,
2026-03-17 19:20:00,1.43,22.05,67.13,0.111,0.0,0.0,4.18,
2026-03-17 19:30:00,2.7,22.56,66.94,0.111,0.0,0.0,4.18,
2026-03-17 19:40:00,0.94,22.96,69.38,0.09,0.0,0.0,4.18,
2026-03-17 19:50:00,2.14,22.4,67.14,0.019,0.0,0.0,4.18,
2026-03-17 20:00:00,0.72,22.83,68.51,0.108,0.0,0.0,4.17,
2026-03-17 20:10:00,1.0,22.76,67.42,0.119,0.0,0.0,4.17,
2026-03-17 20:20:00,2.17,22.5,71.09,0.006,0.0,0.0,4.17,
2026-03-17 20:30:00,1.31,22.84,68.3,0.092,0.0,0.0,4.17,
2026-03-17 20:40:00,2.86,22.4,70.2,0.004,0.0,0.0,4.17,
2026-03-17 20:50:00,0.82,22.99,68.96,0.043,0.0,0.0,4.17,
2026-03-17 21:00:00,2.82,22.43,69.79,0.079,0.0,0.0,4.16,
2026-03-17 21:10:00,0.26,22.62,70.31,0.086,0.0,0.0,4.16,
2026-03-17 21:20:00,0.25,22.15,69.93,0.076,0.0,0.0,4.16,
2026-03-17 21:30:00,2.22,22.32,67.27,0.001,0.0,0.0,4.16,
2026-03-17 21:40:00,0.92,22.36,67.99,0.016,0.0,0.0,4.16,
2026-03-17 21:50:00,0.56,22.45,69.24,0.049,0.0,0.0,4.16,
2026-03-17 22:00:00,0.08,22.35,67.21,0.072,0.0,0.0,4.16,
2026-03-17 22:10:00,0.97,22.39,68.08,0.047,0.0,0.0,4.15,
2026-03-17 22:20:00,0.25,22.9,70.78,0.117,0.0,0.0,4.15,
2026-03-17 22:30:00,1.72,22.17,68.48,0.017,0.0,0.0,4.15,
2026-03-17 22:40:00,0.9,22.49,67.08,0.052,0.0,0.0,4.15,
2026-03-17 22:50:00,1.26,22.48,67.14,0.03,0.0,0.0,4.15,
2026-03-17 23:00:00,0.74,22.63,69.41,0.023,0.0,0.0,4.15,
2026-03-17 23:10:00,0.32,22.3,70.97,0.04,0.0,0.0,4.14,
2026-03-17 23:20:00,1.86,22.8,68.25,0.04,0.0,0.0,4.14,
2026-03-17 23:30:00,2.45,22.86,71.09,0.016,0.0,0.0,4.14,
2026-03-17 23:40:00,0.96,22.95,67.68,0.038,0.0,0.0,4.14,
2026-03-17 23:50:00,2.89,22.97,68.08,0.083,0.0,0.0,4.14,
2026-03-18 00:00:00,1.47,20.58,78.87,0.045,0.0,0.0,4.14,
2026-03-18 00:10:00,2.45,20.39,78.3,0.068,0.0,0.0,4.13,
2026-03-18 00:20:00,1.78,20.55,80.8,0.066,0.0,0.0,4.13,
2026-03-18 00:30:00,2.86,20.46,80.92,0.053,0.0,0.0,4.13,
2026-03-18 00:40:00,0.87,20.69,81.4,0.095,0.0,0.0,4.13,
2026-03-18 00:50:00,1.23,20.5,80.59,0.029,0.0,0.0,4.13,
2026-03-18 01:00:00,1.98,20.72,81.27,0.009,0.0,0.0,4.13,
2026-03-18 01:10:00,2.97,20.48,79.56,0.061,0.0,0.0,4.12,
2026-03-18 01:20:00,2.76,20.69,80.19,0.095,0.0,0.0,4.12,
2026-03-18 01:30:00,1.08,20.9,80.16,0.077,0.0,0.0,4.12,
2026-03-18 01:40:00,0.25,20.77,80.69,0.043,0.0,0.0,4.12,
2026-03-18 01:50:00,1.94,20.04,82.13,0.081,0.0,0.0,4.12,
2026-03-18 02:00:00,1.2,20.75,82.05,0.052,0.0,0.0,4.12,
2026-03-18 02:10:00,0.03,20.26,80.05,0.062,0.0,0.0,4.12,
2026-03-18 02:20:00,1.74,20.58,79.76,0.047,0.0,0.0,4.11,
2026-03-18 02:30:00,2.32,20.59,80.0,0.041,0.0,0.0,4.11,
2026-03-18 02:40:00,0.07,20.1,79.63,0.115,0.0,0.0,4.11,
2026-03-18 02:50:00,0.35,20.94,78.42,0.037,0.0,0.0,4.11,
2026-03-18 03:00:00,1.37,20.21,79.92,0.057,0.0,0.0,4.11,
2026-03-18 03:10:00,1.31,20.7,79.2,0.036,0.0,0.0,4.11,
2026-03-18 03:20:00,2.43,20.12,81.54,0.078,0.0,0.0,4.1,
2026-03-18 03:30:00,2.03,20.16,82.13,0.029,0.0,0.0,4.1,
2026-03-18 03:40:00,0.52,20.16,80.26,0.115,0.0,0.0,4.1,
2026-03-18 03:50:00,0.7,20.41,78.61,0.077,0.0,0.0,4.1,
2026-03-18 04:00:00,1.3,20.03,80.5,0.024,0.0,0.0,4.1,
2026-03-18 04:10:00,1.78,20.39,80.9,0.025,0.0,0.0,4.1,
2026-03-18 04:20:00,2.26,20.81,78.08,0.012,0.0,0.0,4.09,
2026-03-18 04:30:00,2.62,20.19,79.23,0.055,0.0,0.0,4.09,
2026-03-18 04:40:00,0.79,20.86,80.12,0.077,0.0,0.0,4.09,
2026-03-18 04:50:00,1.79,20.61,80.38,0.042,0.0,0.0,4.09,
2026-03-18 05:00:00,2.54,20.62,81.38,0.085,0.0,0.0,4.09,
2026-03-18 05:10:00,0.89,20.61,78.17,0.016,0.0,0.0,4.09,
2026-03-18 05:20:00,0.35,20.31,78.61,0.083,0.0,0.0,4.08,
2026-03-18 05:30:00,1.53,20.42,78.41,0.046,0.0,0.0,4.08,
2026-03-18 05:40:00,0.56,20.64,80.85,0.077,0.0,0.0,4.08,
2026-03-18 05:50:00,20.0,20.68,77.83,4.682,0.0,0.0,4.08,
2026-03-18 06:00:00,20.08,21.38,80.28,4.754,0.012,0.058,4.08,
2026-03-18 06:10:00,45.62,21.02,75.01,4.825,0.001,0.007,4.08,
2026-03-18 06:20:00,73.17,22.06,77.08,4.828,0.001,0.006,4.08,
2026-03-18 06:30:00,121.82,22.05,76.17,4.783,0.042,0.201,4.08,
2026-03-18 06:40:00,119.96,22.89,74.71,4.872,0.057,0.277,4.08,
2026-03-18 06:50:00,116.87,23.41,73.68,4.836,0.05,0.242,4.08,
2026-03-18 07:00:00,145.07,22.95,69.76,4.863,0.027,0.131,4.08,
2026-03-18 07:10:00,175.49,23.46,71.14,4.933,0.056,0.278,4.08,
2026-03-18 07:20:00,234.31,23.58,71.19,5.118,0.096,0.489,4.08,
2026-03-18 07:30:00,236.93,24.7,66.98,5.138,0.096,0.494,4.08,
2026-03-18 07:40:00,272.04,24.75,66.01,5.114,0.09,0.462,4.08,
2026-03-18 07:50:00,279.35,25.02,65.02,5.252,0.1,0.525,4.08,
2026-03-18 08:00:00,293.29,25.56,66.01,5.14,0.097,0.497,4.08,
2026-03-18 08:10:00,259.58,25.57,62.75,5.08,0.099,0.502,4.08,
2026-03-18 08:20:00,283.2,25.79,63.87,5.058,0.091,0.459,4.09,
2026-03-18 08:30:00,341.82,26.18,59.96,5.312,0.104,0.55,4.09,
2026-03-18 08:40:00,295.79,26.95,60.27,5.218,0.094,0.492,4.09,
2026-03-18 08:50:00,399.36,26.69,59.55,5.391,0.131,0.707,4.09,
2026-03-18 09:00:00,410.67,27.04,57.97,5.323,0.14,0.745,4.09,
2026-03-18 09:10:00,456.53,27.8,58.46,5.33,0.135,0.721,4.09,
2026-03-18 09:20:00,446.5,27.37,59.73,5.356,0.169,0.906,4.1,
2026-03-18 09:30:00,330.25,27.81,55.18,5.273,0.121,0.639,4.1,
2026-03-18 09:40:00,477.21,27.91,57.5,5.547,0.142,0.785,4.1,
2026-03-18 09:50:00,506.18,28.08,58.09,5.458,0.154,0.842,4.1,
2026-03-18 10:00:00,416.02,28.49,56.69,5.39,0.155,0.833,4.11,
2026-03-18 10:10:00,425.27,28.81,54.02,5.283,0.17,0.898,4.11,
2026-03-18 10:20:00,472.53,28.82,54.55,5.543,0.181,1.002,4.11,
2026-03-18 10:30:00,409.79,28.73,54.77,5.397,0.159,0.859,4.11,
2026-03-18 10:40:00,484.45,28.54,51.62,5.538,0.169,0.934,4.12,
2026-03-18 10:50:00,471.79,28.7,53.36,5.458,0.149,0.811,4.12,
2026-03-18 11:00:00,502.83,29.25,52.4,5.505,0.18,0.994,4.12,
2026-03-18 11:10:00,453.58,29.65,50.67,5.322,0.083,0.44,4.12,
2026-03-18 11:20:00,572.9,29.62,53.45,5.541,0.117,0.649,4.12,
2026-03-18 11:30:00,425.78,29.71,53.19,5.306,0.076,0.405,4.13,
2026-03-18 11:40:00,443.63,29.0,53.45,5.341,0.074,0.398,4.13,
2026-03-18 11:50:00,518.97,29.35,52.02,5.537,0.088,0.486,4.13,
2026-03-18 12:00:00,476.48,29.23,52.04,5.35,0.096,0.511,4.13,
2026-03-18 12:10:00,475.64,29.92,53.6,5.483,0.108,0.593,4.13,
2026-03-18 12:20:00,490.39,29.69,51.09,5.396,0.09,0.486,4.13,
2026-03-18 12:30:00,571.82,29.73,54.34,5.713,0.092,0.525,4.13,
2026-03-18 12:40:00,427.41,29.43,50.23,5.326,0.081,0.433,4.14,
2026-03-18 12:50:00,573.85,29.4,52.58,5.664,0.103,0.585,4.14,
2026-03-18 13:00:00,560.35,28.72,52.48,5.547,0.107,0.594,4.14,
2026-03-18 13:10:00,579.14,28.62,53.89,5.66,0.1,0.565,4.14,
2026-03-18 13:20:00,475.67,28.56,55.74,5.495,0.085,0.465,4.14,
2026-03-18 13:30:00,547.42,29.07,53.41,5.66,0.078,0.442,4.14,
2026-03-18 13:40:00,388.86,28.79,54.13,5.432,0.063,0.341,4.14,
2026-03-18 13:50:00,405.32,28.8,54.12,5.284,0.057,0.302,4.14,
2026-03-18 14:00:00,518.32,28.04,53.99,5.508,0.092,0.507,4.15,
2026-03-18 14:10:00,492.43,28.01,55.02,5.419,0.087,0.469,4.15,
2026-03-18 14:20:00,496.85,27.54,58.16,5.44,0.073,0.396,4.15,
2026-03-18 14:30:00,390.54,27.54,59.51,5.214,0.069,0.361,4.15,
2026-03-18 14:40:00,451.81,27.52,59.39,5.357,0.077,0.413,4.15,
2026-03-18 14:50:00,431.82,27.64,58.24,5.43,0.087,0.47,4.15,
2026-03-18 15:00:00,305.85,26.63,61.36,5.2,0.057,0.299,4.15,
2026-03-18 15:10:00,405.34,26.34,60.24,5.284,0.084,0.446,4.15,
2026-03-18 15:20:00,358.61,26.19,60.01,5.194,0.066,0.344,4.15,
2026-03-18 15:30:00,286.4,26.03,61.76,5.178,0.037,0.19,4.16,
2026-03-18 15:40:00,321.04,25.97,63.65,5.246,0.074,0.391,4.16,
2026-03-18 15:50:00,330.51,25.68,63.95,5.313,0.057,0.305,4.16,
2026-03-18 16:00:00,255.36,25.72,66.22,5.032,0.065,0.33,4.16,
2026-03-18 16:10:00,311.99,25.47,64.24,5.196,0.051,0.267,4.16,
2026-03-18 16:20:00,256.43,25.17,65.79,5.2,0.054,0.281,4.16,
2026-03-18 16:30:00,262.79,24.01,68.49,5.157,0.058,0.3,4.16,
2026-03-18 16:40:00,192.45,24.05,69.43,4.917,0.055,0.272,4.16,
2026-03-18 16:50:00,172.72,23.23,69.06,4.917,0.022,0.107,4.16,
2026-03-18 17:00:00,170.95,22.91,72.3,5.071,0.038,0.193,4.16,
2026-03-18 17:10:00,140.64,23.19,73.99,4.971,0.034,0.167,4.16,
2026-03-18 17:20:00,130.51,22.16,72.73,4.84,0.02,0.099,4.16,
2026-03-18 17:30:00,126.76,22.34,73.32,4.968,0.033,0.161,4.16,
2026-03-18 17:40:00,75.93,21.9,74.48,4.797,0.013,0.06,4.16,
2026-03-18 17:50:00,77.62,21.89,76.6,4.896,0.015,0.074,4.16,
2026-03-18 18:00:00,52.08,21.53,77.01,4.772,0.013,0.061,4.15,
2026-03-18 18:10:00,20.0,21.17,77.95,4.797,0.008,0.04,4.15,
2026-03-18 18:20:00,1.92,20.89,79.77,0.032,0.0,0.0,4.15,
2026-03-18 18:30:00,0.75,20.07,78.93,0.013,0.0,0.0,4.15,
2026-03-18 18:40:00,0.0,20.39,81.02,0.116,0.0,0.0,4.15,
2026-03-18 18:50:00,2.65,20.49,79.47,0.066,0.0,0.0,4.15,
2026-03-18 19:00:00,0.3,20.48,81.6,0.078,0.0,0.0,4.15,
2026-03-18 19:10:00,2.06,20.16,78.12,0.101,0.0,0.0,4.14,
2026-03-18 19:20:00,0.88,20.32,81.99,0.009,0.0,0.0,4.14,
2026-03-18 19:30:00,0.51,20.38,81.02,0.066,0.0,0.0,4.14,
2026-03-18 19:40:00,2.69,20.09,80.41,0.074,0.0,0.0,4.14,
2026-03-18 19:50:00,1.45,20.03,81.95,0.02,0.0,0.0,4.14,
2026-03-18 20:00:00,2.67,20.16,78.25,0.025,0.0,0.0,4.14,
2026-03-18 20:10:00,0.57,20.7,80.98,0.088,0.0,0.0,4.13,
2026-03-18 20:20:00,0.8,20.28,78.85,0.006,0.0,0.0,4.13,
2026-03-18 20:30:00,1.72,20.84,78.48,0.043,0.0,0.0,4.13,
2026-03-18 20:40:00,1.28,20.29,80.71,0.072,0.0,0.0,4.13,
2026-03-18 20:50:00,0.6,20.03,78.55,0.035,0.0,0.0,4.13,
2026-03-18 21:00:00,0.25,20.84,79.16,0.048,0.0,0.0,4.13,
2026-03-18 21:10:00,1.47,20.66,78.2,0.065,0.0,0.0,4.12,
2026-03-18 21:20:00,0.55,20.89,79.43,0.053,0.0,0.0,4.12,
2026-03-18 21:30:00,0.79,20.47,78.8,0.032,0.0,0.0,4.12,
2026-03-18 21:40:00,0.18,20.75,80.74,0.01,0.0,0.0,4.12,
2026-03-18 21:50:00,1.03,20.54,82.07,0.071,0.0,0.0,4.12,
2026-03-18 22:00:00,1.66,20.84,81.4,0.05,0.0,0.0,4.12,
2026-03-18 22:10:00,1.61,20.87,79.89,0.106,0.0,0.0,4.11,
2026-03-18 22:20:00,1.43,20.08,81.77,0.086,0.0,0.0,4.11,
2026-03-18 22:30:00,1.51,20.9,81.32,0.081,0.0,0.0,4.11,
2026-03-18 22:40:00,1.86,20.12,81.13,0.021,0.0,0.0,4.11,
2026-03-18 22:50:00,2.95,20.97,81.36,0.015,0.0,0.0,4.11,
2026-03-18 23:00:00,1.27,20.99,79.72,0.12,0.0,0.0,4.11,
2026-03-18 23:10:00,1.88,20.83,78.93,0.109,0.0,0.0,4.11,
2026-03-18 23:20:00,2.74,20.07,79.51,0.048,0.0,0.0,4.1,
2026-03-18 23:30:00,0.98,20.28,79.82,0.105,0.0,0.0,4.1,
2026-03-18 23:40:00,2.36,20.62,80.1,0.05,0.0,0.0,4.1,
2026-03-18 23:50:00,1.24,20.15,80.39,0.091,0.0,0.0,4.1,
2026-03-19 00:00:00,2.82,22.92,69.28,0.012,0.0,0.0,4.1,
2026-03-19 00:10:00,0.86,22.54,68.31,0.049,0.0,0.0,4.1,
2026-03-19 00:20:00,1.15,22.49,69.48,0.004,0.0,0.0,4.09,
2026-03-19 00:30:00,0.83,22.14,69.48,0.083,0.0,0.0,4.09,
2026-03-19 00:40:00,0.12,22.89,68.26,0.029,0.0,0.0,4.09,
2026-03-19 00:50:00,2.24,22.92,70.75,0.002,0.0,0.0,4.09,
2026-03-19 01:00:00,2.45,22.3,68.03,0.059,0.0,0.0,4.09,
2026-03-19 01:10:00,2.09,22.1,70.62,0.016,0.0,0.0,4.09,
2026-03-19 01:20:00,2.92,22.44,70.43,0.032,0.0,0.0,4.08,
2026-03-19 01:30:00,1.25,22.65,67.63,0.025,0.0,0.0,4.08,
2026-03-19 01:40:00,2.47,22.74,70.14,0.104,0.0,0.0,4.08,
2026-03-19 01:50:00,2.46,22.52,67.5,0.037,0.0,0.0,4.08,
2026-03-19 02:00:00,1.52,22.14,70.55,0.106,0.0,0.0,4.08,
2026-03-19 02:10:00,0.09,22.19,70.46,0.1,0.0,0.0,4.08,
2026-03-19 02:20:00,0.75,22.46,70.84,0.085,0.0,0.0,4.07,
2026-03-19 02:30:00,0.82,22.82,69.02,0.076,0.0,0.0,4.07,
2026-03-19 02:40:00,0.37,22.03,68.44,0.071,0.0,0.0,4.07,
2026-03-19 02:50:00,0.53,22.87,69.38,0.042,0.0,0.0,4.07,
2026-03-19 03:00:00,0.49,22.89,70.1,0.083,0.0,0.0,4.07,
2026-03-19 03:10:00,0.86,22.39,67.52,0.069,0.0,0.0,4.07,
2026-03-19 03:20:00,2.89,22.86,69.65,0.081,0.0,0.0,4.07,
2026-03-19 03:30:00,0.81,22.41,66.89,0.094,0.0,0.0,4.06,
2026-03-19 03:40:00,2.3,22.01,70.81,0.078,0.0,0.0,4.06,
2026-03-19 03:50:00,1.8,22.01,67.91,0.097,0.0,0.0,4.06,
2026-03-19 04:00:00,0.92,22.97,69.63,0.051,0.0,0.0,4.06,
2026-03-19 04:10:00,1.13,22.35,67.91,0.056,0.0,0.0,4.06,
2026-03-19 04:20:00,2.03,22.82,68.55,0.012,0.0,0.0,4.06,
2026-03-19 04:30:00,1.53,22.66,70.51,0.045,0.0,0.0,4.05,
2026-03-19 04:40:00,1.94,22.61,68.11,0.013,0.0,0.0,4.05,
2026-03-19 04:50:00,0.19,22.99,69.62,0.103,0.0,0.0,4.05,
2026-03-19 05:00:00,0.78,22.71,70.73,0.036,0.0,0.0,4.05,
2026-03-19 05:10:00,0.45,22.77,70.76,0.097,0.0,0.0,4.05,
2026-03-19 05:20:00,2.41,22.6,69.71,0.082,0.0,0.0,4.05,
2026-03-19 05:30:00,2.16,22.66,71.19,0.031,0.0,0.0,4.04,
2026-03-19 05:40:00,1.26,22.39,66.96,0.085,0.0,0.0,4.04,
2026-03-19 05:50:00,23.12,22.38,69.41,4.677,0.015,0.071,4.04,
2026-03-19 06:00:00,76.17,23.24,67.27,4.866,0.047,0.23,4.04,
2026-03-19 06:10:00,90.96,23.04,64.44,4.814,0.067,0.324,4.04,
2026-03-19 06:20:00,131.75,23.99,64.19,4.844,0.076,0.367,4.04,
2026-03-19 06:30:00,176.69,24.47,63.01,4.943,0.099,0.49,4.05,
2026-03-19 06:40:00,222.72,24.92,62.97,5.143,0.114,0.584,4.05,
2026-03-19 06:50:00,263.56,25.29,60.95,5.076,0.139,0.704,4.05,
2026-03-19 07:00:00,289.78,24.98,59.95,5.193,0.179,0.929,4.05,
2026-03-19 07:10:00,334.99,25.85,60.47,5.238,0.102,0.535,4.05,
2026-03-19 07:20:00,384.61,25.49,57.15,5.353,0.111,0.595,4.05,
2026-03-19 07:30:00,416.89,26.6,55.27,5.383,0.13,0.701,4.06,
2026-03-19 07:40:00,470.78,26.55,53.99,5.358,0.128,0.688,4.06,
2026-03-19 07:50:00,483.6,27.33,53.64,5.51,0.149,0.823,4.06,
2026-03-19 08:00:00,532.08,27.17,52.36,5.507,0.159,0.877,4.06,
2026-03-19 08:10:00,570.96,27.43,52.1,5.63,0.171,0.964,4.07,
2026-03-19 08:20:00,606.47,28.44,51.38,5.717,0.171,0.975,4.07,
2026-03-19 08:30:00,640.81,28.66,50.73,5.634,0.194,1.093,4.07,
2026-03-19 08:40:00,664.17,28.61,48.81,5.71,0.198,1.132,4.07,
2026-03-19 08:50:00,699.23,28.55,49.56,5.694,0.232,1.319,4.08,
2026-03-19 09:00:00,719.92,28.58,49.42,5.813,0.218,1.267,4.08,
2026-03-19 09:10:00,740.93,28.97,48.66,5.899,0.225,1.325,4.09,
2026-03-19 09:20:00,773.87,29.32,47.52,5.842,0.239,1.399,4.09,
2026-03-19 09:30:00,800.71,29.4,44.65,5.875,0.232,1.36,4.09,
2026-03-19 09:40:00,807.73,30.02,44.37,6.032,0.233,1.405,4.1,
2026-03-19 09:50:00,838.13,29.91,46.96,5.992,0.247,1.481,4.1,
2026-03-19 10:00:00,873.43,30.72,45.21,5.988,0.254,1.519,4.11,
2026-03-19 10:10:00,885.85,30.16,42.85,6.035,0.278,1.677,4.11,
2026-03-19 10:20:00,893.99,30.32,41.99,6.024,0.276,1.663,4.12,
2026-03-19 10:30:00,904.44,31.11,41.18,6.193,0.269,1.665,4.12,
2026-03-19 10:40:00,931.37,30.67,41.93,6.151,0.291,1.791,4.12,
2026-03-19 10:50:00,923.52,31.43,40.8,6.164,0.163,1.002,4.13,
2026-03-19 11:00:00,945.1,31.57,43.2,6.231,0.155,0.968,4.13,
2026-03-19 11:10:00,965.65,30.86,43.56,6.148,0.159,0.978,4.13,
2026-03-19 11:20:00,977.16,31.55,39.99,6.204,0.146,0.908,4.14,
2026-03-19 11:30:00,978.91,31.77,43.3,6.164,0.165,1.015,4.14,
2026-03-19 11:40:00,973.37,31.01,40.05,6.207,0.17,1.056,4.14,
2026-03-19 11:50:00,988.77,31.57,41.31,6.344,0.159,1.011,4.14,
2026-03-19 12:00:00,980.83,31.7,39.22,6.282,0.15,0.945,4.15,
2026-03-19 12:10:00,985.49,31.38,42.52,6.26,0.164,1.026,4.15,
2026-03-19 12:20:00,981.73,31.13,42.63,6.315,0.159,1.006,4.15,
2026-03-19 12:30:00,971.97,31.17,43.29,6.148,0.158,0.969,4.16,
2026-03-19 12:40:00,962.79,31.11,41.21,6.289,0.163,1.025,4.16,
2026-03-19 12:50:00,956.68,30.92,41.6,6.247,0.145,0.905,4.16,
2026-03-19 13:00:00,951.27,30.72,40.08,6.222,0.155,0.964,4.16,
2026-03-19 13:10:00,938.47,30.82,42.95,6.274,0.14,0.878,4.17,
2026-03-19 13:20:00,915.51,30.95,42.82,6.188,0.155,0.956,4.17,
2026-03-19 13:30:00,918.95,30.48,44.11,6.086,0.154,0.939,4.17,
2026-03-19 13:40:00,911.99,30.51,43.52,6.156,0.129,0.792,4.17,
2026-03-19 13:50:00,864.85,30.78,44.89,6.01,0.144,0.866,4.18,
2026-03-19 14:00:00,874.27,30.28,44.27,6.115,0.139,0.85,4.18,
2026-03-19 14:10:00,835.18,30.62,46.53,6.044,0.145,0.877,4.18,
2026-03-19 14:20:00,821.97,30.45,44.07,5.991,0.128,0.765,4.18,
2026-03-19 14:30:00,808.51,30.12,46.27,5.956,0.137,0.817,4.19,
2026-03-19 14:40:00,770.85,29.78,45.42,5.892,0.139,0.821,4.19,
2026-03-19 14:50:00,742.0,29.2,49.91,5.957,0.125,0.745,4.19,
2026-03-19 15:00:00,731.08,29.53,48.38,5.757,0.123,0.708,4.19,
2026-03-19 15:10:00,694.61,28.6,50.3,5.857,0.128,0.751,4.19,
2026-03-19 15:20:00,660.52,28.22,50.81,5.695,0.11,0.628,4.2,
2026-03-19 15:30:00,642.0,28.39,53.17,5.689,0.107,0.61,4.2,
2026-03-19 15:40:00,578.66,27.79,51.98,5.651,0.103,0.581,4.2,
2026-03-19 15:50:00,568.22,27.98,52.08,5.654,0.102,0.579,4.2,
2026-03-19 16:00:00,508.02,26.97,54.75,5.471,0.09,0.493,4.2,
2026-03-19 16:10:00,482.32,26.75,56.49,5.513,0.081,0.448,4.2,
2026-03-19 16:20:00,437.19,26.98,54.28,5.492,0.09,0.493,4.2,
2026-03-19 16:30:00,425.99,26.39,55.92,5.417,0.074,0.401,4.2,
2026-03-19 16:40:00,385.69,26.41,57.65,5.392,0.073,0.394,4.2,
2026-03-19 16:50:00,343.48,25.15,58.15,5.264,0.073,0.383,4.2,
2026-03-19 17:00:00,314.72,25.69,61.25,5.209,0.059,0.306,4.2,
2026-03-19 17:10:00,267.26,25.2,63.51,5.076,0.037,0.189,4.2,
2026-03-19 17:20:00,212.52,24.23,62.67,5.029,0.035,0.178,4.2,
2026-03-19 17:30:00,170.32,24.27,62.68,4.957,0.029,0.146,4.2,
2026-03-19 17:40:00,130.69,23.64,62.93,5.013,0.029,0.145,4.2,
2026-03-19 17:50:00,102.1,23.51,65.45,4.919,0.004,0.018,4.2,
2026-03-19 18:00:00,50.15,22.63,67.26,4.781,0.002,0.009,4.19,
2026-03-19 18:10:00,20.0,22.4,67.67,4.705,0.009,0.044,4.19,
2026-03-19 18:20:00,1.59,23.0,70.42,0.118,0.0,0.0,4.19,
2026-03-19 18:30:00,0.03,22.67,68.76,0.109,0.0,0.0,4.19,
2026-03-19 18:40:00,1.84,22.62,71.02,0.082,0.0,0.0,4.19,
2026-03-19 18:50:00,0.96,22.92,70.96,0.046,0.0,0.0,4.19,
2026-03-19 19:00:00,1.62,22.28,70.81,0.099,0.0,0.0,4.18,
2026-03-19 19:10:00,1.12,22.8,68.76,0.005,0.0,0.0,4.18,
2026-03-19 19:20:00,2.69,22.19,69.06,0.114,0.0,0.0,4.18,
2026-03-19 19:30:00,0.5,22.96,69.17,0.001,0.0,0.0,4.18,
2026-03-19 19:40:00,0.2,22.67,70.2,0.104,0.0,0.0,4.18,
2026-03-19 19:50:00,1.27,22.1,69.17,0.084,0.0,0.0,4.18,
2026-03-19 20:00:00,2.93,22.78,69.64,0.113,0.0,0.0,4.17,
2026-03-19 20:10:00,2.24,22.15,68.82,0.04,0.0,0.0,4.17,
2026-03-19 20:20:00,0.26,22.05,70.29,0.067,0.0,0.0,4.17,
2026-03-19 20:30:00,1.72,22.23,67.94,0.047,0.0,0.0,4.17,
2026-03-19 20:40:00,1.89,22.43,66.87,0.081,0.0,0.0,4.17,
2026-03-19 20:50:00,1.6,22.64,69.52,0.091,0.0,0.0,4.17,
2026-03-19 21:00:00,1.76,22.7,67.12,0.111,0.0,0.0,4.16,
2026-03-19 21:10:00,0.32,22.79,68.13,0.01,0.0,0.0,4.16,
2026-03-19 21:20:00,2.3,22.44,68.54,0.079,0.0,0.0,4.16,
2026-03-19 21:30:00,1.42,22.53,67.4,0.047,0.0,0.0,4.16,
2026-03-19 21:40:00,2.39,22.55,71.02,0.017,0.0,0.0,4.16,
2026-03-19 21:50:00,2.03,22.91,70.3,0.088,0.0,0.0,4.16,
2026-03-19 22:00:00,1.12,22.95,69.24,0.067,0.0,0.0,4.16,
2026-03-19 22:10:00,0.37,22.01,69.43,0.064,0.0,0.0,4.15,
2026-03-19 22:20:00,2.84,22.3,70.09,0.108,0.0,0.0,4.15,
2026-03-19 22:30:00,1.03,22.41,69.64,0.062,0.0,0.0,4.15,
2026-03-19 22:40:00,0.48,22.22,70.47,0.023,0.0,0.0,4.15,
2026-03-19 22:50:00,0.54,22.8,70.55,0.102,0.0,0.0,4.15,
2026-03-19 23:00:00,2.8,22.99,68.83,0.066,0.0,0.0,4.15,
2026-03-19 23:10:00,0.87,22.07,67.23,0.087,0.0,0.0,4.14,
2026-03-19 23:20:00,1.46,22.33,67.36,0.079,0.0,0.0,4.14,
2026-03-19 23:30:00,0.3,22.62,70.76,0.038,0.0,0.0,4.14,
2026-03-19 23:40:00,1.35,22.62,68.14,0.07,0.0,0.0,4.14,
2026-03-19 23:50:00,1.7,22.36,68.19,0.051,0.0,0.0,4.14,
2026-03-20 00:00:00,0.01,21.75,70.77,0.089,0.0,0.0,4.14,
2026-03-20 00:10:00,1.31,22.34,70.39,0.088,0.0,0.0,4.13,
2026-03-20 00:20:00,2.63,21.96,71.38,0.037,0.0,0.0,4.13,
2026-03-20 00:30:00,1.66,21.68,72.47,0.101,0.0,0.0,4.13,
2026-03-20 00:40:00,2.58,21.64,72.17,0.032,0.0,0.0,4.13,
2026-03-20 00:50:00,2.66,21.58,70.13,0.002,0.0,0.0,4.13,
2026-03-20 01:00:00,1.52,21.53,72.36,0.049,0.0,0.0,4.13,
2026-03-20 01:10:00,1.77,22.41,72.23,0.065,0.0,0.0,4.12,
2026-03-20 01:20:00,3.0,21.97,73.21,0.044,0.0,0.0,4.12,
2026-03-20 01:30:00,0.67,22.27,73.03,0.035,0.0,0.0,4.12,
2026-03-20 01:40:00,1.39,22.01,71.55,0.06,0.0,0.0,4.12,
2026-03-20 01:50:00,1.99,22.35,73.35,0.074,0.0,0.0,4.12,
2026-03-20 02:00:00,0.5,22.01,71.76,0.021,0.0,0.0,4.12,
2026-03-20 02:10:00,2.85,22.16,74.06,0.088,0.0,0.0,4.12,
2026-03-20 02:20:00,1.45,21.86,70.76,0.059,0.0,0.0,4.11,
2026-03-20 02:30:00,0.19,21.87,69.99,0.025,0.0,0.0,4.11,
2026-03-20 02:40:00,2.72,21.86,71.87,0.055,0.0,0.0,4.11,
2026-03-20 02:50:00,0.14,22.48,71.23,0.084,0.0,0.0,4.11,
2026-03-20 03:00:00,1.56,22.33,73.47,0.032,0.0,0.0,4.11,
2026-03-20 03:10:00,1.63,21.67,72.68,0.044,0.0,0.0,4.11,
2026-03-20 03:20:00,1.96,22.34,72.07,0.045,0.0,0.0,4.1,
2026-03-20 03:30:00,2.72,22.02,71.35,0.104,0.0,0.0,4.1,
2026-03-20 03:40:00,1.46,21.98,72.46,0.06,0.0,0.0,4.1,
2026-03-20 03:50:00,0.42,21.67,70.14,0.077,0.0,0.0,4.1,
2026-03-20 04:00:00,0.63,21.69,71.39,0.086,0.0,0.0,4.1,
2026-03-20 04:10:00,0.35,21.73,73.37,0.086,0.0,0.0,4.1,
2026-03-20 04:20:00,1.44,21.98,70.73,0.019,0.0,0.0,4.09,
2026-03-20 04:30:00,2.5,21.52,69.99,0.069,0.0,0.0,4.09,
2026-03-20 04:40:00,0.48,22.13,69.97,0.069,0.0,0.0,4.09,
2026-03-20 04:50:00,0.17,21.76,70.59,0.115,0.0,0.0,4.09,
2026-03-20 05:00:00,1.8,22.06,69.88,0.086,0.0,0.0,4.09,
2026-03-20 05:10:00,1.99,21.78,70.18,0.054,0.0,0.0,4.09,
2026-03-20 05:20:00,2.98,22.37,70.55,0.1,0.0,0.0,4.08,
2026-03-20 05:30:00,1.8,22.29,73.41,0.022,0.0,0.0,4.08,
2026-03-20 05:40:00,1.98,21.76,72.99,0.041,0.0,0.0,4.08,
2026-03-20 05:50:00,20.0,21.92,70.91,4.646,0.011,0.053,4.08,
2026-03-20 06:00:00,43.26,22.21,68.47,4.768,0.007,0.032,4.08,
2026-03-20 06:10:00,76.95,22.56,69.0,4.748,0.032,0.151,4.08,
2026-03-20 06:20:00,117.27,23.46,68.01,4.844,0.017,0.081,4.08,
2026-03-20 06:30:00,133.8,23.57,67.15,4.943,0.049,0.242,4.08,
2026-03-20 06:40:00,158.5,23.79,67.19,4.909,0.059,0.291,4.08,
2026-03-20 06:50:00,188.96,24.5,62.79,4.884,0.065,0.319,4.08,
2026-03-20 07:00:00,199.03,24.93,62.26,5.105,0.06,0.307,4.08,
2026-03-20 07:10:00,241.18,25.05,63.49,5.063,0.071,0.357,4.08,
2026-03-20 07:20:00,260.84,25.69,62.19,5.192,0.094,0.486,4.08,
2026-03-20 07:30:00,320.12,25.49,58.82,5.175,0.096,0.497,4.08,
2026-03-20 07:40:00,347.97,25.83,61.07,5.14,0.091,0.469,4.09,
2026-03-20 07:50:00,365.17,26.06,56.78,5.197,0.103,0.537,4.09,
2026-03-20 08:00:00,397.94,26.84,57.93,5.342,0.146,0.78,4.09,
2026-03-20 08:10:00,417.28,26.84,56.71,5.424,0.118,0.64,4.09,
2026-03-20 08:20:00,444.95,27.17,53.62,5.31,0.128,0.68,4.09,
2026-03-20 08:30:00,422.47,27.59,53.69,5.369,0.14,0.753,4.1,
2026-03-20 08:40:00,460.83,28.35,55.09,5.411,0.163,0.879,4.1,
2026-03-20 08:50:00,503.26,28.73,52.74,5.466,0.157,0.859,4.1,
2026-03-20 09:00:00,517.84,28.86,53.6,5.569,0.172,0.958,4.1,
2026-03-20 09:10:00,573.17,28.88,51.99,5.632,0.19,1.072,4.11,
2026-03-20 09:20:00,579.14,28.58,48.37,5.525,0.203,1.12,4.11,
2026-03-20 09:30:00,584.9,29.1,51.35,5.644,0.185,1.042,4.11,
2026-03-20 09:40:00,589.41,29.82,46.81,5.709,0.183,1.046,4.11,
2026-03-20 09:50:00,620.38,30.15,48.86,5.776,0.194,1.12,4.12,
2026-03-20 10:00:00,657.5,29.59,46.16,5.669,0.206,1.167,4.12,
2026-03-20 10:10:00,589.88,30.22,47.42,5.676,0.096,0.543,4.12,
2026-03-20 10:20:00,675.8,30.21,48.56,5.841,0.126,0.737,4.12,
2026-03-20 10:30:00,698.36,30.15,44.74,5.796,0.113,0.657,4.13,
2026-03-20 10:40:00,695.58,30.5,45.09,5.835,0.122,0.709,4.13,
2026-03-20 10:50:00,702.19,30.81,43.05,5.755,0.123,0.71,4.13,
2026-03-20 11:00:00,703.26,30.77,43.72,5.82,0.125,0.729,4.13,
2026-03-20 11:10:00,708.52,31.0,44.05,5.908,0.112,0.662,4.13,
2026-03-20 11:20:00,652.56,30.47,43.38,5.695,0.115,0.653,4.14,
2026-03-20 11:30:00,631.47,31.23,42.8,5.719,0.136,0.779,4.14,
2026-03-20 11:40:00,740.36,31.25,43.22,5.871,0.128,0.75,4.14,
2026-03-20 11:50:00,718.52,31.31,43.92,5.887,0.123,0.725,4.14,
2026-03-20 12:00:00,688.2,30.76,41.89,5.688,0.141,0.801,4.14,
2026-03-20 12:10:00,676.52,30.67,45.26,5.733,0.125,0.714,4.15,
2026-03-20 12:20:00,746.45,30.85,43.16,5.885,0.111,0.655,4.15,
2026-03-20 12:30:00,723.35,31.06,44.54,5.923,0.108,0.638,4.15,
2026-03-20 12:40:00,669.84,30.64,45.03,5.726,0.127,0.726,4.15,
2026-03-20 12:50:00,673.18,30.72,43.22,5.643,0.129,0.726,4.15,
2026-03-20 13:00:00,719.13,30.3,43.41,5.747,0.122,0.7,4.16,
2026-03-20 13:10:00,686.58,30.51,46.36,5.73,0.112,0.639,4.16,
2026-03-20 13:20:00,707.99,30.31,44.45,5.755,0.119,0.684,4.16,
2026-03-20 13:30:00,666.41,30.53,47.55,5.746,0.129,0.744,4.16,
2026-03-20 13:40:00,663.26,30.17,48.49,5.802,0.11,0.639,4.16,
2026-03-20 13:50:00,663.24,30.13,47.02,5.769,0.107,0.616,4.17,
2026-03-20 14:00:00,655.05,29.83,46.87,5.671,0.099,0.559,4.17,
2026-03-20 14:10:00,641.22,29.54,47.91,5.596,0.134,0.747,4.17,
2026-03-20 14:20:00,594.53,29.43,47.77,5.615,0.092,0.518,4.17,
2026-03-20 14:30:00,596.81,29.18,47.87,5.688,0.098,0.559,4.17,
2026-03-20 14:40:00,524.14,29.32,51.86,5.605,0.095,0.533,4.17,
2026-03-20 14:50:00,567.51,28.73,52.36,5.516,0.096,0.529,4.18,
2026-03-20 15:00:00,527.59,28.68,50.22,5.451,0.084,0.456,4.18,
2026-03-20 15:10:00,481.17,28.51,53.41,5.421,0.077,0.419,4.18,
2026-03-20 15:20:00,470.66,28.52,53.1,5.486,0.083,0.455,4.18,
2026-03-20 15:30:00,452.52,28.01,52.27,5.435,0.08,0.437,4.18,
2026-03-20 15:40:00,456.2,27.06,56.25,5.353,0.086,0.46,4.18,
2026-03-20 15:50:00,402.68,27.1,57.21,5.368,0.088,0.47,4.18,
2026-03-20 16:00:00,387.07,26.65,57.57,5.231,0.084,0.44,4.18,
2026-03-20 16:10:00,323.18,26.89,59.6,5.172,0.05,0.261,4.18,
2026-03-20 16:20:00,314.28,25.79,60.3,5.112,0.049,0.25,4.19,
2026-03-20 16:30:00,316.41,25.7,58.27,5.127,0.045,0.229,4.19,
2026-03-20 16:40:00,302.71,25.61,59.21,5.179,0.061,0.316,4.19,
2026-03-20 16:50:00,258.52,25.43,63.37,5.143,0.033,0.17,4.19,
2026-03-20 17:00:00,222.02,24.42,65.1,5.056,0.033,0.165,4.19,
2026-03-20 17:10:00,186.49,24.11,63.8,5.059,0.032,0.164,4.19,
2026-03-20 17:20:00,169.8,23.62,64.09,4.925,0.018,0.087,4.19,
2026-03-20 17:30:00,120.83,23.37,64.64,4.969,0.024,0.118,4.19,
2026-03-20 17:40:00,113.07,23.35,67.41,4.875,0.018,0.087,4.18,
2026-03-20 17:50:00,70.44,23.08,67.36,4.826,0.011,0.052,4.18,
2026-03-20 18:00:00,30.35,22.55,68.48,4.779,0.02,0.097,4.18,
2026-03-20 18:10:00,22.64,21.94,70.83,4.746,0.013,0.061,4.18,
2026-03-20 18:20:00,0.63,21.99,73.71,0.01,0.0,0.0,4.18,
2026-03-20 18:30:00,2.4,21.56,72.26,0.113,0.0,0.0,4.18,
2026-03-20 18:40:00,1.25,21.87,72.92,0.099,0.0,0.0,4.17,
2026-03-20 18:50:00,0.8,21.54,70.11,0.036,0.0,0.0,4.17,
2026-03-20 19:00:00,2.83,22.46,70.23,0.087,0.0,0.0,4.17,
2026-03-20 19:10:00,1.59,21.69,72.12,0.03,0.0,0.0,4.17,
2026-03-20 19:20:00,1.88,21.68,73.1,0.05,0.0,0.0,4.17,
2026-03-20 19:30:00,0.32,22.14,71.38,0.055,0.0,0.0,4.17,
2026-03-20 19:40:00,2.0,22.38,70.53,0.022,0.0,0.0,4.16,
2026-03-20 19:50:00,1.2,21.84,70.5,0.12,0.0,0.0,4.16,
2026-03-20 20:00:00,1.33,21.85,71.19,0.119,0.0,0.0,4.16,
2026-03-20 20:10:00,0.97,21.87,73.16,0.052,0.0,0.0,4.16,
2026-03-20 20:20:00,2.18,22.11,72.28,0.026,0.0,0.0,4.16,
2026-03-20 20:30:00,2.3,22.43,70.92,0.115,0.0,0.0,4.16,
2026-03-20 20:40:00,1.34,21.9,73.0,0.118,0.0,0.0,4.15,
2026-03-20 20:50:00,1.79,22.02,74.17,0.036,0.0,0.0,4.15,
2026-03-20 21:00:00,0.9,21.72,73.57,0.003,0.0,0.0,4.15,
2026-03-20 21:10:00,2.47,22.19,71.01,0.066,0.0,0.0,4.15,
2026-03-20 21:20:00,1.67,22.43,70.48,0.005,0.0,0.0,4.15,
2026-03-20 21:30:00,1.07,21.64,71.42,0.07,0.0,0.0,4.15,
2026-03-20 21:40:00,0.7,22.31,70.2,0.048,0.0,0.0,4.15,
2026-03-20 21:50:00,2.75,22.23,72.98,0.095,0.0,0.0,4.14,
2026-03-20 22:00:00,0.52,22.33,72.83,0.069,0.0,0.0,4.14,
2026-03-20 22:10:00,2.72,22.1,71.12,0.088,0.0,0.0,4.14,
2026-03-20 22:20:00,1.73,21.58,70.05,0.093,0.0,0.0,4.14,
2026-03-20 22:30:00,1.04,22.32,71.63,0.104,0.0,0.0,4.14,
2026-03-20 22:40:00,2.61,21.73,72.67,0.072,0.0,0.0,4.14,
2026-03-20 22:50:00,0.03,22.28,71.48,0.037,0.0,0.0,4.13,
2026-03-20 23:00:00,0.12,22.04,70.46,0.06,0.0,0.0,4.13,
2026-03-20 23:10:00,0.66,21.55,73.02,0.047,0.0,0.0,4.13,
2026-03-20 23:20:00,1.34,22.1,72.02,0.027,0.0,0.0,4.13,
2026-03-20 23:30:00,0.87,21.89,70.38,0.01,0.0,0.0,4.13,
2026-03-20 23:40:00,1.71,21.55,71.56,0.01,0.0,0.0,4.13,
2026-03-20 23:50:00,1.51,22.27,70.37,0.016,0.0,0.0,4.12,
2026-03-21 00:00:00,1.68,22.49,69.67,0.024,0.0,0.0,4.12,
2026-03-21 00:10:00,1.85,22.74,67.88,0.009,0.0,0.0,4.12,
2026-03-21 00:20:00,2.33,22.32,70.87,0.011,0.0,0.0,4.12,
2026-03-21 00:30:00,2.02,22.42,68.33,0.038,0.0,0.0,4.12,
2026-03-21 00:40:00,1.78,22.02,68.14,0.119,0.0,0.0,4.12,
2026-03-21 00:50:00,1.85,22.99,68.75,0.017,0.0,0.0,4.11,
2026-03-21 01:00:00,0.13,22.82,67.68,0.045,0.0,0.0,4.11,
2026-03-21 01:10:00,2.27,22.85,67.29,0.007,0.0,0.0,4.11,
2026-03-21 01:20:00,2.85,22.93,70.62,0.098,0.0,0.0,4.11,
2026-03-21 01:30:00,0.04,22.69,67.29,0.054,0.0,0.0,4.11,
2026-03-21 01:40:00,0.07,22.21,69.17,0.024,0.0,0.0,4.11,
2026-03-21 01:50:00,1.57,22.26,68.93,0.088,0.0,0.0,4.11,
2026-03-21 02:00:00,0.42,22.7,66.88,0.07,0.0,0.0,4.1,
2026-03-21 02:10:00,1.99,22.04,67.55,0.034,0.0,0.0,4.1,
2026-03-21 02:20:00,2.37,22.62,67.03,0.079,0.0,0.0,4.1,
2026-03-21 02:30:00,0.03,22.39,67.99,0.102,0.0,0.0,4.1,
2026-03-21 02:40:00,1.98,22.86,66.88,0.104,0.0,0.0,4.1,
2026-03-21 02:50:00,1.95,22.23,68.48,0.117,0.0,0.0,4.1,
2026-03-21 03:00:00,0.3,22.32,70.61,0.064,0.0,0.0,4.09,
2026-03-21 03:10:00,0.56,22.5,68.82,0.111,0.0,0.0,4.09,
2026-03-21 03:20:00,0.06,22.25,69.13,0.04,0.0,0.0,4.09,
2026-03-21 03:30:00,1.18,22.16,68.33,0.042,0.0,0.0,4.09,
2026-03-21 03:40:00,1.88,22.24,71.1,0.06,0.0,0.0,4.09,
2026-03-21 03:50:00,2.44,22.63,70.67,0.107,0.0,0.0,4.09,
2026-03-21 04:00:00,2.44,22.03,69.24,0.034,0.0,0.0,4.08,
2026-03-21 04:10:00,0.46,22.9,69.69,0.011,0.0,0.0,4.08,
2026-03-21 04:20:00,1.15,22.96,69.49,0.075,0.0,0.0,4.08,
2026-03-21 04:30:00,0.68,22.24,67.47,0.116,0.0,0.0,4.08,
2026-03-21 04:40:00,2.73,22.33,69.19,0.025,0.0,0.0,4.08,
2026-03-21 04:50:00,0.42,22.54,70.32,0.104,0.0,0.0,4.08,
2026-03-21 05:00:00,0.93,22.71,69.1,0.016,0.0,0.0,4.07,
2026-03-21 05:10:00,2.99,22.98,67.44,0.112,0.0,0.0,4.07,
2026-03-21 05:20:00,2.75,22.32,69.25,0.114,0.0,0.0,4.07,
2026-03-21 05:30:00,0.36,22.32,70.67,0.087,0.0,0.0,4.07,
2026-03-21 05:40:00,2.3,22.88,68.62,0.049,0.0,0.0,4.07,
2026-03-21 05:50:00,20.0,23.12,70.15,4.818,0.01,0.047,4.07,
2026-03-21 06:00:00,44.92,22.75,68.4,4.816,0.009,0.042,4.07,
2026-03-21 06:10:00,88.65,23.17,66.9,4.827,0.033,0.16,4.07,
2026-03-21 06:20:00,137.52,23.92,65.84,4.892,0.051,0.249,4.07,
2026-03-21 06:30:00,163.24,23.88,61.7,5.032,0.031,0.157,4.07,
2026-03-21 06:40:00,211.7,24.8,64.75,5.091,0.058,0.298,4.07,
2026-03-21 06:50:00,270.48,25.29,61.43,5.065,0.071,0.358,4.07,
2026-03-21 07:00:00,287.3,24.82,61.38,5.136,0.086,0.44,4.07,
2026-03-21 07:10:00,336.67,25.73,59.35,5.294,0.109,0.574,4.07,
2026-03-21 07:20:00,362.83,26.31,56.14,5.376,0.109,0.586,4.07,
2026-03-21 07:30:00,409.04,26.39,57.15,5.36,0.106,0.568,4.07,
2026-03-21 07:40:00,432.2,26.47,57.47,5.382,0.136,0.73,4.08,
2026-03-21 07:50:00,454.36,27.02,53.43,5.51,0.148,0.814,4.08,
2026-03-21 08:00:00,490.18,27.6,55.92,5.537,0.144,0.795,4.08,
2026-03-21 08:10:00,535.16,27.32,53.42,5.592,0.157,0.875,4.08,
2026-03-21 08:20:00,559.81,28.13,53.86,5.659,0.174,0.984,4.09,
2026-03-21 08:30:00,585.8,28.19,50.55,5.653,0.189,1.068,4.09,
2026-03-21 08:40:00,629.94,28.97,49.73,5.672,0.212,1.204,4.09,
2026-03-21 08:50:00,660.6,28.96,47.87,5.815,0.197,1.146,4.1,
2026-03-21 09:00:00,682.92,28.87,49.77,5.774,0.209,1.206,4.1,
2026-03-21 09:10:00,698.92,29.02,48.34,5.777,0.228,1.319,4.1,
2026-03-21 09:20:00,738.86,29.06,48.74,5.814,0.232,1.348,4.11,
2026-03-21 09:30:00,757.89,29.36,46.79,5.853,0.241,1.408,4.11,
2026-03-21 09:40:00,785.68,30.32,43.69,5.869,0.239,1.404,4.11,
2026-03-21 09:50:00,817.46,30.37,46.54,5.932,0.251,1.492,4.12,
2026-03-21 10:00:00,821.44,30.07,45.22,6.026,0.259,1.562,4.12,
2026-03-21 10:10:00,853.03,30.24,43.72,6.049,0.144,0.87,4.13,
2026-03-21 10:20:00,852.24,30.59,42.89,5.973,0.145,0.864,4.13,
2026-03-21 10:30:00,867.28,30.5,43.82,6.038,0.148,0.895,4.13,
2026-03-21 10:40:00,895.52,31.11,40.84,6.151,0.16,0.984,4.13,
2026-03-21 10:50:00,900.06,31.3,44.1,6.222,0.144,0.897,4.14,
2026-03-21 11:00:00,904.64,31.24,44.06,6.112,0.144,0.878,4.14,
2026-03-21 11:10:00,920.95,31.44,41.58,6.091,0.161,0.984,4.14,
2026-03-21 11:20:00,944.88,30.88,39.3,6.192,0.15,0.931,4.14,
2026-03-21 11:30:00,944.17,31.93,40.84,6.143,0.16,0.983,4.15,
2026-03-21 11:40:00,919.91,31.17,40.14,6.241,0.149,0.931,4.15,
2026-03-21 11:50:00,933.64,31.0,41.84,6.155,0.165,1.014,4.15,
2026-03-21 12:00:00,923.85,31.18,40.25,6.156,0.17,1.044,4.15,
2026-03-21 12:10:00,950.68,31.64,40.94,6.212,0.166,1.031,4.16,
2026-03-21 12:20:00,931.56,31.75,40.72,6.231,0.159,0.99,4.16,
2026-03-21 12:30:00,941.48,31.24,41.38,6.118,0.167,1.022,4.16,
2026-03-21 12:40:00,941.59,31.23,43.46,6.123,0.152,0.933,4.17,
2026-03-21 12:50:00,924.8,31.65,41.92,6.133,0.163,1.001,4.17,
2026-03-21 13:00:00,920.3,31.42,41.06,6.048,0.151,0.916,4.17,
2026-03-21 13:10:00,891.2,31.07,44.18,6.068,0.138,0.839,4.17,
2026-03-21 13:20:00,898.73,31.28,44.38,6.094,0.135,0.825,4.18,
2026-03-21 13:30:00,874.74,30.56,44.83,6.13,0.151,0.925,4.18,
2026-03-21 13:40:00,846.62,31.09,44.84,6.147,0.139,0.853,4.18,
2026-03-21 13:50:00,850.77,30.52,44.86,6.037,0.136,0.823,4.18,
2026-03-21 14:00:00,831.16,30.48,42.65,5.997,0.127,0.759,4.19,
2026-03-21 14:10:00,810.45,30.01,45.39,5.935,0.143,0.848,4.19,
2026-03-21 14:20:00,772.54,29.77,44.88,5.928,0.115,0.679,4.19,
2026-03-21 14:30:00,752.97,29.3,46.89,5.907,0.117,0.691,4.19,
2026-03-21 14:40:00,730.76,29.19,47.96,5.823,0.11,0.638,4.19,
2026-03-21 14:50:00,716.26,29.15,47.56,5.752,0.124,0.716,4.2,
2026-03-21 15:00:00,671.63,28.61,48.27,5.721,0.122,0.697,4.2,
2026-03-21 15:10:00,670.35,29.0,49.92,5.704,0.125,0.715,4.2,
2026-03-21 15:20:00,635.67,28.56,52.35,5.747,0.097,0.56,4.2,
2026-03-21 15:30:00,610.95,28.66,51.01,5.64,0.111,0.628,4.2,
2026-03-21 15:40:00,567.56,27.67,50.86,5.672,0.107,0.606,4.2,
2026-03-21 15:50:00,533.04,27.84,53.75,5.607,0.1,0.562,4.2,
2026-03-21 16:00:00,487.2,27.3,53.34,5.49,0.082,0.448,4.2,
2026-03-21 16:10:00,474.16,26.63,53.25,5.508,0.084,0.463,4.2,
2026-03-21 16:20:00,441.25,26.96,56.17,5.37,0.074,0.397,4.2,
2026-03-21 16:30:00,402.3,26.81,56.57,5.302,0.079,0.421,4.2,
2026-03-21 16:40:00,374.81,25.92,59.41,5.286,0.057,0.299,4.2,
2026-03-21 16:50:00,312.74,26.07,59.57,5.216,0.057,0.298,4.2,
2026-03-21 17:00:00,292.71,25.6,58.92,5.251,0.027,0.14,4.2,
2026-03-21 17:10:00,264.31,25.19,60.94,5.099,0.039,0.197,4.2,
2026-03-21 17:20:00,226.25,24.94,64.38,5.067,0.012,0.061,4.2,
2026-03-21 17:30:00,163.66,24.22,63.27,4.994,0.022,0.11,4.2,
2026-03-21 17:40:00,130.83,23.89,66.73,4.878,0.035,0.17,4.2,
2026-03-21 17:50:00,115.71,23.29,64.27,4.757,0.03,0.141,4.19,
2026-03-21 18:00:00,45.67,22.86,66.67,4.803,0.008,0.04,4.19,
2026-03-21 18:10:00,31.25,22.55,70.0,4.804,0.008,0.039,4.19,
2026-03-21 18:20:00,1.18,22.32,68.48,0.046,0.0,0.0,4.19,
2026-03-21 18:30:00,1.64,22.66,68.89,0.023,0.0,0.0,4.19,
2026-03-21 18:40:00,1.15,22.92,70.5,0.019,0.0,0.0,4.19,
2026-03-21 18:50:00,2.99,22.67,67.39,0.009,0.0,0.0,4.19,
2026-03-21 19:00:00,0.05,22.72,68.94,0.052,0.0,0.0,4.18,
2026-03-21 19:10:00,2.97,22.08,69.63,0.05,0.0,0.0,4.18,
2026-03-21 19:20:00,1.37,22.79,69.46,0.051,0.0,0.0,4.18,
2026-03-21 19:30:00,0.54,22.51,69.23,0.054,0.0,0.0,4.18,
2026-03-21 19:40:00,1.07,22.19,69.46,0.069,0.0,0.0,4.18,
2026-03-21 19:50:00,2.54,22.24,69.01,0.049,0.0,0.0,4.18,
2026-03-21 20:00:00,1.64,22.37,71.1,0.068,0.0,0.0,4.17,
2026-03-21 20:10:00,2.11,22.11,68.92,0.083,0.0,0.0,4.17,
2026-03-21 20:20:00,0.43,22.73,71.13,0.118,0.0,0.0,4.17,
2026-03-21 20:30:00,2.34,22.46,67.14,0.107,0.0,0.0,4.17,
2026-03-21 20:40:00,0.27,22.47,70.06,0.115,0.0,0.0,4.17,
2026-03-21 20:50:00,0.23,22.63,70.31,0.037,0.0,0.0,4.17,
2026-03-21 21:00:00,0.16,22.34,70.23,0.056,0.0,0.0,4.16,
2026-03-21 21:10:00,1.54,22.47,70.03,0.051,0.0,0.0,4.16,
2026-03-21 21:20:00,2.88,22.8,68.07,0.004,0.0,0.0,4.16,
2026-03-21 21:30:00,2.77,22.75,70.0,0.068,0.0,0.0,4.16,
2026-03-21 21:40:00,0.18,22.47,67.54,0.006,0.0,0.0,4.16,
2026-03-21 21:50:00,2.97,22.81,69.55,0.034,0.0,0.0,4.16,
2026-03-21 22:00:00,0.25,22.51,70.55,0.033,0.0,0.0,4.15,
2026-03-21 22:10:00,0.4,22.28,70.57,0.002,0.0,0.0,4.15,
2026-03-21 22:20:00,0.33,22.17,69.4,0.018,0.0,0.0,4.15,
2026-03-21 22:30:00,1.34,22.81,67.95,0.084,0.0,0.0,4.15,
2026-03-21 22:40:00,1.45,22.8,70.59,0.041,0.0,0.0,4.15,
2026-03-21 22:50:00,0.25,22.15,70.91,0.018,0.0,0.0,4.15,
2026-03-21 23:00:00,1.49,22.99,70.19,0.029,0.0,0.0,4.15,
2026-03-21 23:10:00,1.32,22.64,67.73,0.088,0.0,0.0,4.14,
2026-03-21 23:20:00,1.04,22.64,70.12,0.014,0.0,0.0,4.14,
2026-03-21 23:30:00,0.5,22.4,68.13,0.09,0.0,0.0,4.14,
2026-03-21 23:40:00,2.26,22.53,68.47,0.085,0.0,0.0,4.14,
2026-03-21 23:50:00,1.42,22.15,70.63,0.001,0.0,0.0,4.14,
2026-03-22 00:00:00,2.78,18.95,88.79,0.115,0.0,0.0,4.14,
2026-03-22 00:10:00,2.05,18.54,89.84,0.076,0.0,0.0,4.13,
2026-03-22 00:20:00,2.87,18.93,89.84,0.103,0.0,0.0,4.13,
2026-03-22 00:30:00,1.0,18.77,86.23,0.079,0.0,0.0,4.13,
2026-03-22 00:40:00,1.17,19.27,89.1,0.088,0.0,0.0,4.13,
2026-03-22 00:50:00,1.77,18.69,87.28,0.083,0.0,0.0,4.13,
2026-03-22 01:00:00,0.54,19.05,88.76,0.1,0.0,0.0,4.13,
2026-03-22 01:10:00,0.04,18.6,86.26,0.054,0.0,0.0,4.12,
2026-03-22 01:20:00,0.66,18.78,86.65,0.003,0.0,0.0,4.12,
2026-03-22 01:30:00,0.28,19.44,88.69,0.1,0.0,0.0,4.12,
2026-03-22 01:40:00,2.85,19.14,88.92,0.014,0.0,0.0,4.12,
2026-03-22 01:50:00,2.57,18.63,88.69,0.108,0.0,0.0,4.12,
2026-03-22 02:00:00,1.7,19.47,89.74,0.083,0.0,0.0,4.12,
2026-03-22 02:10:00,0.76,18.97,89.92,0.077,0.0,0.0,4.11,
2026-03-22 02:20:00,2.77,18.78,87.68,0.108,0.0,0.0,4.11,
2026-03-22 02:30:00,2.31,18.82,86.51,0.009,0.0,0.0,4.11,
2026-03-22 02:40:00,2.33,18.88,87.26,0.007,0.0,0.0,4.11,
2026-03-22 02:50:00,2.87,18.76,87.74,0.059,0.0,0.0,4.11,
2026-03-22 03:00:00,2.79,19.11,86.59,0.059,0.0,0.0,4.11,
2026-03-22 03:10:00,0.43,19.27,86.76,0.077,0.0,0.0,4.11,
2026-03-22 03:20:00,2.74,19.22,86.25,0.009,0.0,0.0,4.1,
2026-03-22 03:30:00,1.71,18.75,87.76,0.108,0.0,0.0,4.1,
2026-03-22 03:40:00,0.45,19.14,89.9,0.08,0.0,0.0,4.1,
2026-03-22 03:50:00,0.8,19.2,89.78,0.069,0.0,0.0,4.1,
2026-03-22 04:00:00,1.55,19.44,87.96,0.052,0.0,0.0,4.1,
2026-03-22 04:10:00,2.53,19.28,89.26,0.065,0.0,0.0,4.1,
2026-03-22 04:20:00,0.01,19.45,89.4,0.058,0.0,0.0,4.09,
2026-03-22 04:30:00,1.7,19.44,87.38,0.082,0.0,0.0,4.09,
2026-03-22 04:40:00,1.2,19.13,90.02,0.011,0.0,0.0,4.09,
2026-03-22 04:50:00,1.6,19.46,86.15,0.055,0.0,0.0,4.09,
2026-03-22 05:00:00,2.3,19.15,86.58,0.005,0.0,0.0,4.09,
2026-03-22 05:10:00,1.15,18.69,88.86,0.108,0.0,0.0,4.09,
2026-03-22 05:20:00,1.89,18.86,86.17,0.076,0.0,0.0,4.08,
2026-03-22 05:30:00,2.21,18.64,86.65,0.086,0.0,0.0,4.08,
2026-03-22 05:40:00,1.78,18.99,86.08,0.065,0.0,0.0,4.08,
2026-03-22 05:50:00,20.0,19.14,89.6,4.616,0.01,0.047,4.08,
2026-03-22 06:00:00,28.85,19.73,86.06,4.764,0.01,0.049,4.08,
2026-03-22 06:10:00,20.0,19.58,85.75,4.732,0.012,0.056,4.08,
2026-03-22 06:20:00,29.48,19.86,83.06,4.824,0.004,0.019,4.07,
2026-03-22 06:30:00,29.95,20.68,84.07,4.714,0.023,0.106,4.07,
2026-03-22 06:40:00,95.68,21.23,80.83,4.919,0.019,0.094,4.07,
2026-03-22 06:50:00,102.79,21.68,80.88,4.813,0.01,0.047,4.07,
2026-03-22 07:00:00,77.26,21.72,81.22,4.727,0.019,0.088,4.07,
2026-03-22 07:10:00,65.59,22.12,76.07,4.767,0.017,0.082,4.07,
2026-03-22 07:20:00,129.9,22.8,78.35,4.949,0.037,0.184,4.07,
2026-03-22 07:30:00,127.87,22.94,74.04,4.813,0.048,0.229,4.07,
2026-03-22 07:40:00,104.72,22.67,73.86,4.798,0.031,0.151,4.07,
2026-03-22 07:50:00,121.1,23.22,75.19,4.921,0.028,0.137,4.07,
2026-03-22 08:00:00,190.46,24.29,72.88,4.926,0.06,0.297,4.07,
2026-03-22 08:10:00,152.88,23.97,73.36,4.997,0.044,0.219,4.07,
2026-03-22 08:20:00,195.71,24.73,71.01,4.951,0.09,0.447,4.07,
2026-03-22 08:30:00,160.74,24.91,69.39,5.027,0.046,0.233,4.07,
2026-03-22 08:40:00,150.67,24.74,69.14,4.942,0.061,0.302,4.07,
2026-03-22 08:50:00,238.36,25.18,66.81,5.124,0.097,0.498,4.07,
2026-03-22 09:00:00,213.09,25.12,65.99,5.096,0.065,0.33,4.07,
2026-03-22 09:10:00,178.4,26.1,67.41,4.999,0.062,0.309,4.07,
2026-03-22 09:20:00,253.92,26.41,66.01,5.224,0.103,0.537,4.08,
2026-03-22 09:30:00,203.86,26.03,64.59,5.025,0.085,0.428,4.08,
2026-03-22 09:40:00,192.24,26.98,62.65,5.026,0.076,0.38,4.08,
2026-03-22 09:50:00,231.99,27.02,63.84,4.998,0.073,0.367,4.08,
2026-03-22 10:00:00,185.16,26.68,64.11,4.932,0.07,0.343,4.08,
2026-03-22 10:10:00,217.33,26.59,62.72,5.084,0.086,0.436,4.08,
2026-03-22 10:20:00,308.68,27.19,63.01,5.268,0.105,0.554,4.08,
2026-03-22 10:30:00,266.32,27.14,63.93,5.134,0.112,0.577,4.08,
2026-03-22 10:40:00,226.76,27.05,63.52,5.08,0.085,0.429,4.09,
2026-03-22 10:50:00,233.61,27.29,61.45,4.991,0.09,0.449,4.09,
2026-03-22 11:00:00,322.81,27.33,60.79,5.313,0.129,0.683,4.09,
2026-03-22 11:10:00,225.3,27.66,59.59,5.108,0.071,0.36,4.09,
2026-03-22 11:20:00,255.54,27.5,61.32,5.138,0.09,0.462,4.09,
2026-03-22 11:30:00,250.84,28.24,62.16,4.985,0.1,0.499,4.09,
2026-03-22 11:40:00,221.53,28.43,58.38,5.018,0.092,0.462,4.09,
2026-03-22 11:50:00,343.44,28.12,59.11,5.336,0.115,0.612,4.1,
2026-03-22 12:00:00,266.31,27.79,58.08,5.187,0.095,0.494,4.1,
2026-03-22 12:10:00,257.42,28.14,59.26,5.135,0.109,0.561,4.1,
2026-03-22 12:20:00,256.49,28.26,58.65,5.079,0.109,0.552,4.1,
2026-03-22 12:30:00,324.0,27.78,60.03,5.171,0.141,0.729,4.1,
2026-03-22 12:40:00,233.86,28.07,61.12,4.981,0.066,0.328,4.1,
2026-03-22 12:50:00,268.07,27.49,60.89,5.045,0.094,0.473,4.1,
2026-03-22 13:00:00,234.37,27.52,62.73,5.071,0.084,0.425,4.11,
2026-03-22 13:10:00,240.23,27.85,63.29,5.074,0.101,0.512,4.11,
2026-03-22 13:20:00,231.48,27.57,60.0,5.052,0.091,0.458,4.11,
2026-03-22 13:30:00,238.82,27.01,62.19,5.017,0.087,0.436,4.11,
2026-03-22 13:40:00,244.53,27.36,62.79,5.057,0.105,0.531,4.11,
2026-03-22 13:50:00,226.1,27.23,61.1,5.063,0.07,0.354,4.11,
2026-03-22 14:00:00,213.48,26.75,61.91,5.085,0.065,0.333,4.11,
2026-03-22 14:10:00,245.96,27.07,62.24,5.107,0.09,0.462,4.11,
2026-03-22 14:20:00,278.08,26.8,66.75,5.137,0.107,0.549,4.12,
2026-03-22 14:30:00,220.57,26.26,66.96,5.163,0.077,0.399,4.12,
2026-03-22 14:40:00,253.99,25.96,67.88,5.108,0.101,0.518,4.12,
2026-03-22 14:50:00,246.58,25.5,66.28,5.121,0.084,0.428,4.12,
2026-03-22 15:00:00,242.98,25.62,67.43,5.001,0.069,0.345,4.12,
2026-03-22 15:10:00,252.02,25.27,69.09,5.158,0.042,0.219,4.12,
2026-03-22 15:20:00,170.15,24.8,71.44,4.904,0.046,0.225,4.12,
2026-03-22 15:30:00,152.48,24.71,71.01,4.858,0.031,0.151,4.12,
2026-03-22 15:40:00,195.24,24.0,70.28,5.104,0.02,0.105,4.12,
2026-03-22 15:50:00,164.8,23.99,71.1,4.943,0.043,0.213,4.12,
2026-03-22 16:00:00,172.39,23.42,74.11,4.999,0.053,0.264,4.12,
2026-03-22 16:10:00,142.12,23.69,72.22,4.93,0.026,0.129,4.12,
2026-03-22 16:20:00,122.68,23.01,76.84,4.815,0.026,0.124,4.12,
2026-03-22 16:30:00,102.02,23.16,76.19,4.861,0.04,0.195,4.12,
2026-03-22 16:40:00,85.49,22.81,79.01,4.855,0.025,0.121,4.12,
2026-03-22 16:50:00,133.59,22.23,79.4,4.858,0.037,0.18,4.12,
2026-03-22 17:00:00,96.0,22.14,77.77,4.813,0.015,0.072,4.12,
2026-03-22 17:10:00,75.88,21.0,81.68,4.855,0.0,0.0,4.11,
2026-03-22 17:20:00,78.81,20.61,79.93,4.774,0.014,0.065,4.11,
2026-03-22 17:30:00,74.44,21.11,81.46,4.882,0.006,0.029,4.11,
2026-03-22 17:40:00,50.02,20.76,83.24,4.686,0.015,0.07,4.11,
2026-03-22 17:50:00,20.0,20.02,82.93,4.685,0.0,0.0,4.11,
2026-03-22 18:00:00,22.87,20.04,84.48,4.677,0.01,0.047,4.11,
2026-03-22 18:10:00,20.0,19.65,86.01,4.679,0.0,0.0,4.1,
2026-03-22 18:20:00,0.68,18.61,90.13,0.015,0.0,0.0,4.1,
2026-03-22 18:30:00,0.33,18.64,89.15,0.085,0.0,0.0,4.1,
2026-03-22 18:40:00,1.67,18.54,87.24,0.014,0.0,0.0,4.1,
2026-03-22 18:50:00,0.85,19.1,87.17,0.117,0.0,0.0,4.1,
2026-03-22 19:00:00,1.33,19.05,87.08,0.103,0.0,0.0,4.1,
2026-03-22 19:10:00,0.57,18.57,89.5,0.057,0.0,0.0,4.1,
2026-03-22 19:20:00,2.04,18.68,90.19,0.059,0.0,0.0,4.09,
2026-03-22 19:30:00,0.32,18.94,88.7,0.01,0.0,0.0,4.09,
2026-03-22 19:40:00,0.43,18.9,88.4,0.012,0.0,0.0,4.09,
2026-03-22 19:50:00,2.78,19.48,86.08,0.117,0.0,0.0,4.09,
2026-03-22 20:00:00,1.02,19.09,90.16,0.015,0.0,0.0,4.09,
2026-03-22 20:10:00,2.51,19.23,87.03,0.086,0.0,0.0,4.09,
2026-03-22 20:20:00,1.75,18.77,89.27,0.077,0.0,0.0,4.08,
2026-03-22 20:30:00,1.2,18.98,88.45,0.049,0.0,0.0,4.08,
2026-03-22 20:40:00,1.45,18.78,89.18,0.013,0.0,0.0,4.08,
2026-03-22 20:50:00,0.75,19.0,88.56,0.016,0.0,0.0,4.08,
2026-03-22 21:00:00,0.3,18.55,86.1,0.081,0.0,0.0,4.08,
2026-03-22 21:10:00,2.92,18.88,88.79,0.018,0.0,0.0,4.08,
2026-03-22 21:20:00,1.87,18.6,86.14,0.09,0.0,0.0,4.07,
2026-03-22 21:30:00,2.3,19.29,86.69,0.079,0.0,0.0,4.07,
2026-03-22 21:40:00,1.47,18.76,87.31,0.103,0.0,0.0,4.07,
2026-03-22 21:50:00,1.64,19.45,85.94,0.052,0.0,0.0,4.07,
2026-03-22 22:00:00,2.74,18.88,87.18,0.045,0.0,0.0,4.07,
2026-03-22 22:10:00,1.38,18.53,88.25,0.103,0.0,0.0,4.07,
2026-03-22 22:20:00,0.91,19.21,87.96,0.016,0.0,0.0,4.06,
2026-03-22 22:30:00,2.15,18.99,86.28,0.081,0.0,0.0,4.06,
2026-03-22 22:40:00,1.98,19.19,88.32,0.057,0.0,0.0,4.06,
2026-03-22 22:50:00,2.56,19.01,87.52,0.059,0.0,0.0,4.06,
2026-03-22 23:00:00,2.91,19.12,87.35,0.117,0.0,0.0,4.06,
2026-03-22 23:10:00,0.96,18.53,86.0,0.1,0.0,0.0,4.06,
2026-03-22 23:20:00,1.05,19.24,85.92,0.107,0.0,0.0,4.06,
2026-03-22 23:30:00,1.02,18.6,87.32,0.043,0.0,0.0,4.05,
2026-03-22 23:40:00,1.05,19.16,86.89,0.078,0.0,0.0,4.05,
2026-03-22 23:50:00,1.78,19.41,86.09,0.037,0.0,0.0,4.05,
2026-03-23 00:00:00,1.01,21.52,71.23,0.055,0.0,0.0,4.05,
2026-03-23 00:10:00,2.59,22.07,73.77,0.032,0.0,0.0,4.05,
2026-03-23 00:20:00,2.09,22.09,74.14,0.045,0.0,0.0,4.05,
2026-03-23 00:30:00,1.17,22.07,73.36,0.012,0.0,0.0,4.04,
2026-03-23 00:40:00,2.03,21.84,72.01,0.092,0.0,0.0,4.04,
2026-03-23 00:50:00,1.02,22.11,71.4,0.052,0.0,0.0,4.04,
2026-03-23 01:00:00,1.49,22.35,73.26,0.101,0.0,0.0,4.04,
2026-03-23 01:10:00,1.61,21.79,70.01,0.12,0.0,0.0,4.04,
2026-03-23 01:20:00,1.21,21.73,73.07,0.011,0.0,0.0,4.04,
2026-03-23 01:30:00,2.53,21.59,71.28,0.008,0.0,0.0,4.03,
2026-03-23 01:40:00,2.4,21.98,70.72,0.095,0.0,0.0,4.03,
2026-03-23 01:50:00,1.95,21.8,73.34,0.052,0.0,0.0,4.03,
2026-03-23 02:00:00,1.62,21.7,71.57,0.075,0.0,0.0,4.03,
2026-03-23 02:10:00,1.36,22.26,70.59,0.002,0.0,0.0,4.03,
2026-03-23 02:20:00,2.11,22.36,72.34,0.026,0.0,0.0,4.03,
2026-03-23 02:30:00,2.89,22.24,71.86,0.112,0.0,0.0,4.02,
2026-03-23 02:40:00,1.6,22.11,73.18,0.052,0.0,0.0,4.02,
2026-03-23 02:50:00,1.7,22.13,72.1,0.044,0.0,0.0,4.02,
2026-03-23 03:00:00,0.44,21.65,72.82,0.036,0.0,0.0,4.02,
2026-03-23 03:10:00,1.31,21.82,73.45,0.008,0.0,0.0,4.02,
2026-03-23 03:20:00,0.61,21.91,73.42,0.078,0.0,0.0,4.02,
2026-03-23 03:30:00,0.77,22.1,71.59,0.014,0.0,0.0,4.02,
2026-03-23 03:40:00,0.58,21.75,73.44,0.056,0.0,0.0,4.01,
2026-03-23 03:50:00,1.68,21.94,72.65,0.004,0.0,0.0,4.01,
2026-03-23 04:00:00,0.48,21.64,70.94,0.096,0.0,0.0,4.01,
2026-03-23 04:10:00,1.98,21.68,73.55,0.116,0.0,0.0,4.01,
2026-03-23 04:20:00,1.46,21.52,73.58,0.01,0.0,0.0,4.01,
2026-03-23 04:30:00,1.8,22.37,73.76,0.049,0.0,0.0,4.01,
2026-03-23 04:40:00,1.09,22.16,70.2,0.113,0.0,0.0,4.0,
2026-03-23 04:50:00,2.17,21.64,70.29,0.088,0.0,0.0,4.0,
2026-03-23 05:00:00,2.8,22.02,73.45,0.114,0.0,0.0,4.0,
2026-03-23 05:10:00,2.79,21.75,73.69,0.029,0.0,0.0,4.0,
2026-03-23 05:20:00,0.37,22.31,71.25,0.07,0.0,0.0,4.0,
2026-03-23 05:30:00,1.17,22.25,70.84,0.051,0.0,0.0,4.0,
2026-03-23 05:40:00,0.43,21.68,74.07,0.053,0.0,0.0,3.99,
2026-03-23 05:50:00,20.0,22.06,73.39,4.686,0.008,0.037,3.99,
2026-03-23 06:00:00,62.89,23.0,69.64,4.821,0.024,0.116,3.99,
2026-03-23 06:10:00,85.76,23.28,69.79,4.918,0.053,0.259,3.99,
2026-03-23 06:20:00,95.0,23.77,67.31,4.924,0.048,0.237,3.99,
2026-03-23 06:30:00,142.89,24.1,66.28,5.028,0.062,0.31,3.99,
2026-03-23 06:40:00,169.5,23.77,67.32,5.066,0.109,0.55,4.0,
2026-03-23 06:50:00,207.46,23.95,66.08,5.098,0.129,0.659,4.0,
2026-03-23 07:00:00,254.55,25.0,65.01,5.147,0.149,0.767,4.0,
2026-03-23 07:10:00,267.95,25.24,63.62,5.18,0.143,0.741,4.0,
2026-03-23 07:20:00,269.51,25.78,59.55,5.099,0.154,0.787,4.0,
2026-03-23 07:30:00,323.86,26.3,61.53,5.264,0.199,1.047,4.01,
2026-03-23 07:40:00,356.72,26.15,60.06,5.227,0.224,1.17,4.01,
2026-03-23 07:50:00,381.15,26.41,56.6,5.395,0.245,1.32,4.01,
2026-03-23 08:00:00,355.66,26.97,57.55,5.32,0.207,1.104,4.02,
2026-03-23 08:10:00,435.51,27.04,55.71,5.36,0.247,1.326,4.02,
2026-03-23 08:20:00,460.23,27.66,54.79,5.534,0.274,1.514,4.02,
2026-03-23 08:30:00,417.28,28.1,55.39,5.335,0.249,1.328,4.03,
2026-03-23 08:40:00,528.2,28.52,52.31,5.565,0.299,1.665,4.03,
2026-03-23 08:50:00,508.12,28.41,54.2,5.491,0.309,1.699,4.04,
2026-03-23 09:00:00,549.92,28.75,52.41,5.623,0.333,1.873,4.04,
2026-03-23 09:10:00,566.29,28.65,49.64,5.702,0.357,2.038,4.05,
2026-03-23 09:20:00,617.95,29.3,48.06,5.623,0.36,2.022,4.05,
2026-03-23 09:30:00,629.62,29.75,49.61,5.719,0.195,1.117,4.06,
2026-03-23 09:40:00,666.61,29.13,47.87,5.739,0.19,1.093,4.06,
2026-03-23 09:50:00,666.84,30.03,49.14,5.819,0.208,1.209,4.06,
2026-03-23 10:00:00,696.44,29.65,46.64,5.865,0.221,1.295,4.07,
2026-03-23 10:10:00,689.68,30.41,47.61,5.87,0.202,1.186,4.07,
2026-03-23 10:20:00,702.45,30.43,46.14,5.924,0.225,1.333,4.07,
2026-03-23 10:30:00,736.47,30.35,45.94,5.922,0.231,1.37,4.08,
2026-03-23 10:40:00,600.34,30.17,45.6,5.622,0.216,1.213,4.08,
2026-03-23 10:50:00,767.52,30.64,45.51,5.87,0.233,1.366,4.09,
2026-03-23 11:00:00,773.31,30.24,45.68,5.937,0.238,1.415,4.09,
2026-03-23 11:10:00,779.0,30.46,42.77,5.979,0.244,1.457,4.09,
2026-03-23 11:20:00,776.41,30.38,46.46,5.954,0.252,1.502,4.1,
2026-03-23 11:30:00,786.25,31.39,44.53,5.872,0.239,1.405,4.1,
2026-03-23 11:40:00,757.12,31.42,43.58,5.902,0.247,1.455,4.11,
2026-03-23 11:50:00,768.52,31.34,42.54,5.995,0.245,1.468,4.11,
2026-03-23 12:00:00,770.34,30.99,43.7,6.001,0.244,1.466,4.11,
2026-03-23 12:10:00,691.0,31.0,43.98,5.851,0.219,1.28,4.12,
2026-03-23 12:20:00,790.48,31.28,44.6,5.922,0.237,1.402,4.12,
2026-03-23 12:30:00,695.78,31.12,42.7,5.815,0.128,0.746,4.12,
2026-03-23 12:40:00,720.06,30.85,42.85,5.741,0.144,0.826,4.13,
2026-03-23 12:50:00,759.51,30.35,42.75,5.822,0.122,0.712,4.13,
2026-03-23 13:00:00,661.47,30.47,43.8,5.659,0.111,0.629,4.13,
2026-03-23 13:10:00,739.0,30.3,44.72,5.804,0.138,0.801,4.13,
2026-03-23 13:20:00,738.77,30.67,46.1,5.824,0.15,0.871,4.13,
2026-03-23 13:30:00,710.85,30.47,47.6,5.732,0.115,0.661,4.14,
2026-03-23 13:40:00,690.8,30.41,48.04,5.887,0.121,0.714,4.14,
2026-03-23 13:50:00,719.3,29.92,47.68,5.849,0.114,0.668,4.14,
2026-03-23 14:00:00,671.15,29.4,49.53,5.855,0.113,0.66,4.14,
2026-03-23 14:10:00,668.29,29.82,49.33,5.699,0.112,0.636,4.14,
2026-03-23 14:20:00,635.8,29.16,47.15,5.773,0.125,0.722,4.15,
2026-03-23 14:30:00,637.34,28.98,49.65,5.77,0.087,0.501,4.15,
2026-03-23 14:40:00,622.09,29.53,51.59,5.719,0.11,0.629,4.15,
2026-03-23 14:50:00,535.12,28.9,51.29,5.583,0.103,0.576,4.15,
2026-03-23 15:00:00,572.53,28.48,50.78,5.517,0.111,0.613,4.15,
2026-03-23 15:10:00,548.35,28.74,51.74,5.607,0.077,0.433,4.15,
2026-03-23 15:20:00,478.88,27.74,55.06,5.44,0.097,0.525,4.15,
2026-03-23 15:30:00,486.46,27.53,55.08,5.582,0.099,0.552,4.16,
2026-03-23 15:40:00,484.66,27.74,56.59,5.474,0.081,0.443,4.16,
2026-03-23 15:50:00,434.09,26.84,56.49,5.328,0.087,0.461,4.16,
2026-03-23 16:00:00,386.19,26.34,58.67,5.308,0.067,0.356,4.16,
2026-03-23 16:10:00,375.15,26.06,57.69,5.344,0.051,0.272,4.16,
2026-03-23 16:20:00,333.29,25.72,60.69,5.189,0.053,0.273,4.16,
2026-03-23 16:30:00,339.91,26.04,61.96,5.216,0.063,0.33,4.16,
2026-03-23 16:40:00,301.36,25.77,63.12,5.235,0.029,0.15,4.16,
2026-03-23 16:50:00,286.63,25.55,60.73,5.091,0.045,0.231,4.16,
2026-03-23 17:00:00,227.84,24.93,62.62,5.011,0.051,0.258,4.16,
2026-03-23 17:10:00,220.52,24.17,65.83,5.002,0.027,0.137,4.16,
2026-03-23 17:20:00,188.2,23.92,66.33,4.913,0.037,0.18,4.16,
2026-03-23 17:30:00,120.23,23.6,66.57,4.966,0.027,0.132,4.16,
2026-03-23 17:40:00,93.55,23.62,69.86,4.793,0.021,0.102,4.16,
2026-03-23 17:50:00,90.27,23.1,69.7,4.909,0.007,0.033,4.16,
2026-03-23 18:00:00,55.0,22.58,69.34,4.758,0.014,0.067,4.15,
2026-03-23 18:10:00,28.71,21.7,70.44,4.728,0.02,0.094,4.15,
2026-03-23 18:20:00,1.34,21.71,72.2,0.095,0.0,0.0,4.15,
2026-03-23 18:30:00,1.96,22.2,73.71,0.094,0.0,0.0,4.15,
2026-03-23 18:40:00,1.21,21.7,71.13,0.004,0.0,0.0,4.15,
2026-03-23 18:50:00,1.0,22.23,73.06,0.015,0.0,0.0,4.15,
2026-03-23 19:00:00,2.98,21.78,70.21,0.066,0.0,0.0,4.14,
2026-03-23 19:10:00,1.56,22.26,70.5,0.003,0.0,0.0,4.14,
2026-03-23 19:20:00,2.39,22.09,70.86,0.093,0.0,0.0,4.14,
2026-03-23 19:30:00,2.18,22.49,70.29,0.007,0.0,0.0,4.14,
2026-03-23 19:40:00,1.12,22.13,71.36,0.006,0.0,0.0,4.14,
2026-03-23 19:50:00,1.95,21.62,71.11,0.088,0.0,0.0,4.14,
2026-03-23 20:00:00,1.36,22.48,73.34,0.119,0.0,0.0,4.14,
2026-03-23 20:10:00,1.7,22.39,72.56,0.064,0.0,0.0,4.13,
2026-03-23 20:20:00,1.79,21.85,71.05,0.094,0.0,0.0,4.13,
2026-03-23 20:30:00,2.14,22.17,72.94,0.062,0.0,0.0,4.13,
2026-03-23 20:40:00,0.74,21.83,72.36,0.099,0.0,0.0,4.13,
2026-03-23 20:50:00,1.08,21.6,72.93,0.099,0.0,0.0,4.13,
2026-03-23 21:00:00,0.25,21.56,73.71,0.057,0.0,0.0,4.13,
2026-03-23 21:10:00,1.34,21.87,72.12,0.071,0.0,0.0,4.12,
2026-03-23 21:20:00,1.56,21.89,70.96,0.06,0.0,0.0,4.12,
2026-03-23 21:30:00,1.27,21.94,73.9,0.059,0.0,0.0,4.12,
2026-03-23 21:40:00,2.92,22.32,70.44,0.015,0.0,0.0,4.12,
2026-03-23 21:50:00,2.13,21.63,72.9,0.104,0.0,0.0,4.12,
2026-03-23 22:00:00,0.35,21.71,71.88,0.09,0.0,0.0,4.12,
2026-03-23 22:10:00,2.83,21.87,73.99,0.072,0.0,0.0,4.11,
2026-03-23 22:20:00,1.23,21.62,72.32,0.005,0.0,0.0,4.11,
2026-03-23 22:30:00,0.46,21.87,74.16,0.036,0.0,0.0,4.11,
2026-03-23 22:40:00,1.46,22.29,70.43,0.071,0.0,0.0,4.11,
2026-03-23 22:50:00,0.15,22.39,73.71,0.026,0.0,0.0,4.11,
2026-03-23 23:00:00,2.46,21.99,70.34,0.042,0.0,0.0,4.11,
2026-03-23 23:10:00,2.61,21.92,72.32,0.068,0.0,0.0,4.1,
2026-03-23 23:20:00,2.7,22.28,71.89,0.086,0.0,0.0,4.1,
2026-03-23 23:30:00,1.82,22.26,72.02,0.055,0.0,0.0,4.1,
2026-03-23 23:40:00,1.35,21.95,73.61,0.039,0.0,0.0,4.1,
2026-03-23 23:50:00,2.4,22.16,71.6,0.028,0.0,0.0,4.1,
2026-03-24 00:00:00,1.19,22.54,71.02,0.107,0.0,0.0,4.1,
2026-03-24 00:10:00,2.21,22.65,70.61,0.085,0.0,0.0,4.1,
2026-03-24 00:20:00,1.72,22.8,69.91,0.067,0.0,0.0,4.09,
2026-03-24 00:30:00,0.37,22.56,67.65,0.074,0.0,0.0,4.09,
2026-03-24 00:40:00,1.73,22.05,69.31,0.023,0.0,0.0,4.09,
2026-03-24 00:50:00,1.43,22.9,67.33,0.112,0.0,0.0,4.09,
2026-03-24 01:00:00,0.54,22.02,70.26,0.029,0.0,0.0,4.09,
2026-03-24 01:10:00,2.12,22.89,68.75,0.097,0.0,0.0,4.09,
2026-03-24 01:20:00,1.82,22.4,67.0,0.103,0.0,0.0,4.08,
2026-03-24 01:30:00,0.07,22.44,68.63,0.103,0.0,0.0,4.08,
2026-03-24 01:40:00,0.95,22.26,67.3,0.012,0.0,0.0,4.08,
2026-03-24 01:50:00,0.5,22.14,67.92,0.011,0.0,0.0,4.08,
2026-03-24 02:00:00,0.92,22.41,67.54,0.074,0.0,0.0,4.08,
2026-03-24 02:10:00,0.98,22.03,67.06,0.047,0.0,0.0,4.08,
2026-03-24 02:20:00,0.96,22.41,68.23,0.045,0.0,0.0,4.07,
2026-03-24 02:30:00,2.48,22.12,67.69,0.09,0.0,0.0,4.07,
2026-03-24 02:40:00,1.76,22.49,70.11,0.046,0.0,0.0,4.07,
2026-03-24 02:50:00,0.35,22.06,68.85,0.049,0.0,0.0,4.07,
2026-03-24 03:00:00,1.45,22.41,67.83,0.106,0.0,0.0,4.07,
2026-03-24 03:10:00,0.81,22.96,69.77,0.03,0.0,0.0,4.07,
2026-03-24 03:20:00,1.66,22.79,68.14,0.049,0.0,0.0,4.06,
2026-03-24 03:30:00,0.25,22.64,67.7,0.116,0.0,0.0,4.06,
2026-03-24 03:40:00,1.12,22.99,70.24,0.065,0.0,0.0,4.06,
2026-03-24 03:50:00,1.27,22.91,68.79,0.0,0.0,0.0,4.06,
2026-03-24 04:00:00,1.39,22.83,68.07,0.117,0.0,0.0,4.06,
2026-03-24 04:10:00,0.0,22.93,68.92,0.072,0.0,0.0,4.06,
2026-03-24 04:20:00,2.52,22.38,68.35,0.076,0.0,0.0,4.06,
2026-03-24 04:30:00,1.76,22.51,67.0,0.089,0.0,0.0,4.05,
2026-03-24 04:40:00,1.69,22.3,68.54,0.015,0.0,0.0,4.05,
2026-03-24 04:50:00,0.42,22.56,68.03,0.052,0.0,0.0,4.05,
2026-03-24 05:00:00,1.83,22.96,68.2,0.082,0.0,0.0,4.05,
2026-03-24 05:10:00,1.03,22.26,70.11,0.054,0.0,0.0,4.05,
2026-03-24 05:20:00,0.74,22.98,68.3,0.055,0.0,0.0,4.05,
2026-03-24 05:30:00,1.8,22.02,69.84,0.078,0.0,0.0,4.04,
2026-03-24 05:40:00,0.01,22.48,70.77,0.081,0.0,0.0,4.04,
2026-03-24 05:50:00,20.0,23.08,69.31,4.785,0.015,0.073,4.04,
2026-03-24 06:00:00,66.9,22.64,65.18,4.864,0.038,0.183,4.04,
2026-03-24 06:10:00,97.15,23.75,67.51,4.834,0.046,0.224,4.04,
2026-03-24 06:20:00,150.25,23.32,64.75,5.014,0.066,0.33,4.04,
2026-03-24 06:30:00,166.35,23.97,65.61,4.962,0.087,0.434,4.04,
2026-03-24 06:40:00,216.7,24.77,61.44,5.053,0.113,0.569,4.05,
2026-03-24 06:50:00,278.1,25.13,60.19,5.056,0.154,0.781,4.05,
2026-03-24 07:00:00,316.15,25.35,60.32,5.189,0.174,0.9,4.05,
2026-03-24 07:10:00,348.17,25.7,57.33,5.166,0.088,0.454,4.05,
2026-03-24 07:20:00,382.28,25.72,58.25,5.357,0.11,0.589,4.05,
2026-03-24 07:30:00,434.97,26.52,57.22,5.311,0.131,0.695,4.06,
2026-03-24 07:40:00,469.79,26.81,57.98,5.328,0.155,0.824,4.06,
2026-03-24 07:50:00,507.82,26.77,55.79,5.468,0.153,0.836,4.06,
2026-03-24 08:00:00,538.93,27.05,53.02,5.515,0.152,0.836,4.06,
2026-03-24 08:10:00,548.31,27.22,53.34,5.49,0.193,1.057,4.07,
2026-03-24 08:20:00,589.76,27.52,50.97,5.57,0.183,1.017,4.07,
2026-03-24 08:30:00,610.16,28.22,52.51,5.707,0.193,1.099,4.07,
2026-03-24 08:40:00,646.76,28.13,49.11,5.705,0.188,1.07,4.07,
2026-03-24 08:50:00,696.26,29.24,50.62,5.808,0.22,1.279,4.08,
2026-03-24 09:00:00,717.23,28.65,46.66,5.737,0.225,1.291,4.08,
2026-03-24 09:10:00,726.2,28.94,49.65,5.862,0.225,1.321,4.09,
2026-03-24 09:20:00,752.39,29.73,47.32,5.874,0.226,1.326,4.09,
2026-03-24 09:30:00,801.91,29.51,46.79,5.986,0.226,1.352,4.09,
2026-03-24 09:40:00,826.89,30.38,46.2,5.959,0.268,1.597,4.1,
2026-03-24 09:50:00,836.6,30.03,43.7,5.946,0.253,1.503,4.1,
2026-03-24 10:00:00,869.2,30.08,44.79,6.086,0.252,1.534,4.11,
2026-03-24 10:10:00,885.88,30.51,42.79,6.148,0.249,1.53,4.11,
2026-03-24 10:20:00,892.97,31.18,44.54,6.078,0.289,1.756,4.11,
2026-03-24 10:30:00,898.49,30.68,42.28,6.115,0.266,1.626,4.12,
2026-03-24 10:40:00,931.91,30.56,42.59,6.231,0.285,1.773,4.12,
2026-03-24 10:50:00,927.21,30.82,43.99,6.241,0.152,0.951,4.13,
2026-03-24 11:00:00,956.22,31.7,42.32,6.168,0.168,1.038,4.13,
2026-03-24 11:10:00,962.76,31.22,40.13,6.207,0.156,0.969,4.13,
2026-03-24 11:20:00,956.17,30.88,40.17,6.174,0.158,0.976,4.14,
2026-03-24 11:30:00,980.72,31.88,40.48,6.286,0.145,0.909,4.14,
2026-03-24 11:40:00,994.2,31.33,39.22,6.151,0.149,0.914,4.14,
2026-03-24 11:50:00,968.14,31.58,42.19,6.157,0.145,0.892,4.14,
2026-03-24 12:00:00,968.27,31.89,41.96,6.218,0.157,0.974,4.15,
2026-03-24 12:10:00,961.91,31.83,42.83,6.153,0.165,1.017,4.15,
2026-03-24 12:20:00,986.91,31.08,43.02,6.206,0.161,0.998,4.15,
2026-03-24 12:30:00,978.07,31.87,43.32,6.337,0.174,1.105,4.15,
2026-03-24 12:40:00,950.63,31.02,43.26,6.287,0.147,0.924,4.16,
2026-03-24 12:50:00,954.06,31.4,43.71,6.165,0.149,0.921,4.16,
2026-03-24 13:00:00,938.02,31.25,43.15,6.167,0.151,0.934,4.16,
2026-03-24 13:10:00,951.6,31.47,44.26,6.261,0.137,0.857,4.16,
2026-03-24 13:20:00,924.43,31.16,40.64,6.166,0.162,0.999,4.17,
2026-03-24 13:30:00,911.51,30.87,42.81,6.106,0.152,0.928,4.17,
2026-03-24 13:40:00,903.04,30.72,42.4,6.096,0.161,0.983,4.17,
2026-03-24 13:50:00,861.12,30.28,42.61,6.161,0.137,0.845,4.18,
2026-03-24 14:00:00,872.77,30.46,46.38,6.033,0.137,0.827,4.18,
2026-03-24 14:10:00,823.28,30.14,44.4,6.043,0.14,0.849,4.18,
2026-03-24 14:20:00,813.6,29.96,45.28,6.052,0.127,0.771,4.18,
2026-03-24 14:30:00,781.3,29.51,46.99,5.926,0.128,0.761,4.18,
2026-03-24 14:40:00,768.48,29.7,48.31,6.0,0.107,0.644,4.19,
2026-03-24 14:50:00,725.23,29.01,46.47,5.839,0.126,0.735,4.19,
2026-03-24 15:00:00,721.0,28.84,49.49,5.93,0.136,0.808,4.19,
2026-03-24 15:10:00,694.3,29.21,47.25,5.744,0.131,0.751,4.19,
2026-03-24 15:20:00,652.29,28.43,50.62,5.768,0.109,0.63,4.19,
2026-03-24 15:30:00,634.08,27.89,50.7,5.633,0.113,0.636,4.2,
2026-03-24 15:40:00,593.08,28.23,53.2,5.682,0.104,0.59,4.2,
2026-03-24 15:50:00,552.57,27.32,54.21,5.624,0.084,0.475,4.2,
2026-03-24 16:00:00,527.21,27.2,54.34,5.456,0.093,0.508,4.2,
2026-03-24 16:10:00,501.17,27.33,54.3,5.459,0.086,0.472,4.2,
2026-03-24 16:20:00,464.06,26.71,55.26,5.323,0.095,0.505,4.2,
2026-03-24 16:30:00,404.8,26.78,56.33,5.386,0.075,0.405,4.2,
2026-03-24 16:40:00,392.98,26.47,56.85,5.279,0.059,0.31,4.2,
2026-03-24 16:50:00,327.51,25.71,59.03,5.319,0.036,0.192,4.2,
2026-03-24 17:00:00,304.74,24.81,61.18,5.177,0.032,0.166,4.2,
2026-03-24 17:10:00,280.21,24.7,60.3,5.149,0.021,0.108,4.2,
2026-03-24 17:20:00,224.45,24.23,64.19,5.036,0.018,0.09,4.2,
2026-03-24 17:30:00,184.95,24.16,61.86,5.081,0.033,0.167,4.2,
2026-03-24 17:40:00,132.57,23.75,65.83,4.921,0.035,0.17,4.2,
2026-03-24 17:50:00,105.59,23.44,66.89,4.817,0.0,0.0,4.2,
2026-03-24 18:00:00,45.84,22.96,68.6,4.802,0.03,0.144,4.19,
2026-03-24 18:10:00,20.0,22.76,69.46,4.69,0.015,0.069,4.19,
2026-03-24 18:20:00,2.1,22.71,68.11,0.074,0.0,0.0,4.19,
2026-03-24 18:30:00,2.43,22.18,67.9,0.108,0.0,0.0,4.19,
2026-03-24 18:40:00,2.2,22.46,70.81,0.022,0.0,0.0,4.19,
2026-03-24 18:50:00,1.71,22.39,70.96,0.029,0.0,0.0,4.19,
2026-03-24 19:00:00,2.61,22.27,69.56,0.035,0.0,0.0,4.18,
2026-03-24 19:10:00,2.75,22.7,69.98,0.026,0.0,0.0,4.18,
2026-03-24 19:20:00,1.48,22.99,69.23,0.119,0.0,0.0,4.18,
2026-03-24 19:30:00,0.23,22.11,70.17,0.039,0.0,0.0,4.18,
2026-03-24 19:40:00,1.35,22.25,69.03,0.055,0.0,0.0,4.18,
2026-03-24 19:50:00,0.22,22.69,70.1,0.046,0.0,0.0,4.18,
2026-03-24 20:00:00,2.24,22.86,68.55,0.001,0.0,0.0,4.18,
2026-03-24 20:10:00,0.34,22.92,68.24,0.09,0.0,0.0,4.17,
2026-03-24 20:20:00,1.45,22.07,69.21,0.029,0.0,0.0,4.17,
2026-03-24 20:30:00,2.85,22.14,70.41,0.101,0.0,0.0,4.17,
2026-03-24 20:40:00,0.51,22.02,67.24,0.035,0.0,0.0,4.17,
2026-03-24 20:50:00,1.6,22.39,67.14,0.092,0.0,0.0,4.17,
2026-03-24 21:00:00,2.03,22.15,68.38,0.026,0.0,0.0,4.17,
2026-03-24 21:10:00,0.1,22.68,67.75,0.084,0.0,0.0,4.16,
2026-03-24 21:20:00,2.51,22.81,69.62,0.086,0.0,0.0,4.16,
2026-03-24 21:30:00,2.69,22.39,68.16,0.006,0.0,0.0,4.16,
2026-03-24 21:40:00,0.01,22.77,70.18,0.111,0.0,0.0,4.16,
2026-03-24 21:50:00,1.12,22.24,67.2,0.051,0.0,0.0,4.16,
2026-03-24 22:00:00,2.97,22.34,67.65,0.08,0.0,0.0,4.16,
2026-03-24 22:10:00,0.66,22.88,70.31,0.1,0.0,0.0,4.15,
2026-03-24 22:20:00,0.5,22.17,68.63,0.013,0.0,0.0,4.15,
2026-03-24 22:30:00,0.98,22.56,67.63,0.025,0.0,0.0,4.15,
2026-03-24 22:40:00,1.63,22.94,67.33,0.026,0.0,0.0,4.15,
2026-03-24 22:50:00,1.07,22.17,68.57,0.038,0.0,0.0,4.15,
2026-03-24 23:00:00,1.17,22.46,67.09,0.098,0.0,0.0,4.15,
2026-03-24 23:10:00,1.95,22.37,67.1,0.026,0.0,0.0,4.14,
2026-03-24 23:20:00,0.9,22.6,71.13,0.012,0.0,0.0,4.14,
2026-03-24 23:30:00,1.61,22.99,70.54,0.021,0.0,0.0,4.14,
2026-03-24 23:40:00,2.88,22.6,71.12,0.084,0.0,0.0,4.14,
2026-03-24 23:50:00,2.03,22.97,69.85,0.04,0.0,0.0,4.14,
2026-03-25 00:00:00,1.91,20.88,79.2,0.102,0.0,0.0,4.14,
2026-03-25 00:10:00,1.45,20.34,80.48,0.07,0.0,0.0,4.14,
2026-03-25 00:20:00,1.15,20.64,78.82,0.07,0.0,0.0,4.13,
2026-03-25 00:30:00,2.97,20.23,80.51,0.108,0.0,0.0,4.13,
2026-03-25 00:40:00,0.93,20.74,81.13,0.074,0.0,0.0,4.13,
2026-03-25 00:50:00,0.18,20.37,79.11,0.018,0.0,0.0,4.13,
2026-03-25 01:00:00,0.61,20.04,81.86,0.072,0.0,0.0,4.13,
2026-03-25 01:10:00,2.84,20.74,79.25,0.033,0.0,0.0,4.13,
2026-03-25 01:20:00,1.93,20.76,80.09,0.117,0.0,0.0,4.12,
2026-03-25 01:30:00,1.94,20.29,77.9,0.102,0.0,0.0,4.12,
2026-03-25 01:40:00,0.99,20.24,80.17,0.109,0.0,0.0,4.12,
2026-03-25 01:50:00,2.0,20.25,80.82,0.086,0.0,0.0,4.12,
2026-03-25 02:00:00,1.82,20.38,79.22,0.053,0.0,0.0,4.12,
2026-03-25 02:10:00,0.02,20.87,78.11,0.023,0.0,0.0,4.12,
2026-03-25 02:20:00,1.9,20.14,78.7,0.011,0.0,0.0,4.11,
2026-03-25 02:30:00,1.78,20.83,81.9,0.028,0.0,0.0,4.11,
2026-03-25 02:40:00,0.23,20.72,79.17,0.087,0.0,0.0,4.11,
2026-03-25 02:50:00,0.73,20.18,78.9,0.034,0.0,0.0,4.11,
2026-03-25 03:00:00,1.34,20.64,79.0,0.094,0.0,0.0,4.11,
2026-03-25 03:10:00,0.24,20.97,79.55,0.02,0.0,0.0,4.11,
2026-03-25 03:20:00,1.32,20.51,81.03,0.091,0.0,0.0,4.1,
2026-03-25 03:30:00,2.46,20.79,77.89,0.046,0.0,0.0,4.1,
2026-03-25 03:40:00,2.56,20.76,81.85,0.071,0.0,0.0,4.1,
2026-03-25 03:50:00,0.46,20.73,78.93,0.056,0.0,0.0,4.1,
2026-03-25 04:00:00,1.36,20.38,80.47,0.009,0.0,0.0,4.1,
2026-03-25 04:10:00,0.41,20.47,78.48,0.023,0.0,0.0,4.1,
2026-03-25 04:20:00,0.04,20.5,80.99,0.059,0.0,0.0,4.1,
2026-03-25 04:30:00,2.78,20.94,82.07,0.045,0.0,0.0,4.09,
2026-03-25 04:40:00,1.47,20.64,80.39,0.049,0.0,0.0,4.09,
2026-03-25 04:50:00,0.12,20.92,79.49,0.068,0.0,0.0,4.09,
2026-03-25 05:00:00,0.58,20.44,78.92,0.11,0.0,0.0,4.09,
2026-03-25 05:10:00,2.17,20.51,79.95,0.083,0.0,0.0,4.09,
2026-03-25 05:20:00,2.09,20.65,81.88,0.088,0.0,0.0,4.09,
2026-03-25 05:30:00,0.73,20.03,81.38,0.076,0.0,0.0,4.08,
2026-03-25 05:40:00,2.03,20.7,80.64,0.031,0.0,0.0,4.08,
2026-03-25 05:50:00,20.0,20.79,81.4,4.783,0.01,0.046,4.08,
2026-03-25 06:00:00,50.7,20.96,78.62,4.837,0.004,0.017,4.08,
2026-03-25 06:10:00,35.7,21.24,79.13,4.802,0.005,0.023,4.08,
2026-03-25 06:20:00,69.83,21.4,76.51,4.853,0.006,0.027,4.08,
2026-03-25 06:30:00,121.99,22.08,73.91,4.966,0.032,0.157,4.08,
2026-03-25 06:40:00,101.45,22.71,74.63,4.793,0.031,0.151,4.08,
2026-03-25 06:50:00,148.71,22.87,73.85,4.847,0.021,0.103,4.08,
2026-03-25 07:00:00,166.98,23.68,70.95,5.003,0.067,0.334,4.08,
2026-03-25 07:10:00,163.46,23.41,69.55,4.983,0.057,0.283,4.08,
2026-03-25 07:20:00,204.88,23.49,69.51,5.107,0.05,0.257,4.08,
2026-03-25 07:30:00,209.07,24.59,69.98,4.998,0.057,0.284,4.08,
2026-03-25 07:40:00,212.79,24.99,68.97,5.041,0.052,0.262,4.08,
2026-03-25 07:50:00,224.49,24.96,66.87,5.123,0.084,0.43,4.08,
2026-03-25 08:00:00,317.85,25.1,65.87,5.245,0.098,0.513,4.08,
2026-03-25 08:10:00,323.5,25.55,62.65,5.31,0.126,0.667,4.08,
2026-03-25 08:20:00,270.65,26.25,62.3,5.143,0.099,0.507,4.09,
2026-03-25 08:30:00,347.24,26.16,64.05,5.359,0.14,0.753,4.09,
2026-03-25 08:40:00,388.77,26.32,59.92,5.23,0.131,0.684,4.09,
2026-03-25 08:50:00,397.86,26.42,61.72,5.289,0.14,0.742,4.09,
2026-03-25 09:00:00,402.4,27.01,57.9,5.388,0.124,0.67,4.09,
2026-03-25 09:10:00,436.03,26.9,58.52,5.424,0.142,0.768,4.1,
2026-03-25 09:20:00,455.04,27.27,56.99,5.4,0.154,0.83,4.1,
2026-03-25 09:30:00,377.73,27.37,58.19,5.359,0.144,0.771,4.1,
2026-03-25 09:40:00,478.62,27.87,57.63,5.496,0.157,0.863,4.1,
2026-03-25 09:50:00,373.75,27.92,54.36,5.191,0.12,0.625,4.1,
2026-03-25 10:00:00,506.9,28.0,54.88,5.558,0.18,0.999,4.11,
2026-03-25 10:10:00,453.82,28.91,57.03,5.38,0.155,0.835,4.11,
2026-03-25 10:20:00,519.97,28.82,53.2,5.5,0.175,0.965,4.11,
2026-03-25 10:30:00,398.08,28.87,53.77,5.331,0.127,0.679,4.11,
2026-03-25 10:40:00,544.09,29.1,52.72,5.647,0.176,0.996,4.12,
2026-03-25 10:50:00,543.36,29.44,53.17,5.601,0.188,1.051,4.12,
2026-03-25 11:00:00,403.03,29.45,54.25,5.394,0.137,0.741,4.12,
2026-03-25 11:10:00,447.7,29.79,53.31,5.484,0.099,0.545,4.12,
2026-03-25 11:20:00,453.66,29.63,51.91,5.395,0.08,0.433,4.12,
2026-03-25 11:30:00,416.79,29.06,53.33,5.381,0.096,0.517,4.13,
2026-03-25 11:40:00,564.88,29.13,50.5,5.635,0.09,0.507,4.13,
2026-03-25 11:50:00,443.08,29.0,53.02,5.403,0.098,0.527,4.13,
2026-03-25 12:00:00,411.7,29.84,53.87,5.275,0.089,0.467,4.13,
2026-03-25 12:10:00,416.31,29.59,54.09,5.375,0.066,0.356,4.13,
2026-03-25 12:20:00,466.72,29.92,52.77,5.403,0.099,0.534,4.13,
2026-03-25 12:30:00,573.92,29.79,52.88,5.547,0.106,0.587,4.13,
2026-03-25 12:40:00,495.67,29.54,52.44,5.389,0.098,0.527,4.14,
2026-03-25 12:50:00,436.38,28.98,52.54,5.402,0.08,0.432,4.14,
2026-03-25 13:00:00,503.92,29.51,51.49,5.536,0.077,0.429,4.14,
2026-03-25 13:10:00,409.76,29.13,53.57,5.391,0.079,0.424,4.14,
2026-03-25 13:20:00,553.55,29.4,52.15,5.569,0.09,0.501,4.14,
2026-03-25 13:30:00,514.91,28.5,52.67,5.468,0.107,0.585,4.14,
2026-03-25 13:40:00,375.96,28.59,54.62,5.279,0.076,0.399,4.14,
2026-03-25 13:50:00,372.2,28.84,55.62,5.277,0.077,0.408,4.14,
2026-03-25 14:00:00,354.56,28.42,54.19,5.189,0.074,0.386,4.15,
2026-03-25 14:10:00,423.32,28.66,56.5,5.294,0.066,0.35,4.15,
2026-03-25 14:20:00,458.11,27.75,56.16,5.53,0.074,0.41,4.15,
2026-03-25 14:30:00,385.66,27.82,55.46,5.345,0.089,0.476,4.15,
2026-03-25 14:40:00,376.73,27.87,58.52,5.271,0.069,0.363,4.15,
2026-03-25 14:50:00,388.97,26.89,57.15,5.231,0.065,0.341,4.15,
2026-03-25 15:00:00,409.41,26.89,58.59,5.429,0.057,0.308,4.15,
2026-03-25 15:10:00,284.2,26.4,62.28,5.092,0.058,0.297,4.15,
2026-03-25 15:20:00,379.96,26.55,62.15,5.375,0.072,0.387,4.15,
2026-03-25 15:30:00,350.46,26.68,61.67,5.242,0.083,0.435,4.16,
2026-03-25 15:40:00,285.09,25.92,61.43,5.033,0.045,0.227,4.16,
2026-03-25 15:50:00,278.31,25.19,65.01,5.222,0.05,0.261,4.16,
2026-03-25 16:00:00,312.01,25.01,67.14,5.241,0.05,0.261,4.16,
2026-03-25 16:10:00,221.34,25.31,65.14,5.1,0.05,0.254,4.16,
2026-03-25 16:20:00,217.59,24.9,68.99,5.001,0.033,0.166,4.16,
2026-03-25 16:30:00,209.82,24.79,67.74,5.012,0.042,0.212,4.16,
2026-03-25 16:40:00,172.64,24.19,68.73,4.974,0.047,0.231,4.16,
2026-03-25 16:50:00,205.42,23.89,69.11,5.061,0.055,0.278,4.16,
2026-03-25 17:00:00,176.66,23.39,71.82,5.071,0.043,0.218,4.16,
2026-03-25 17:10:00,116.08,23.26,72.53,4.998,0.017,0.086,4.16,
2026-03-25 17:20:00,129.08,22.3,73.78,4.934,0.003,0.013,4.16,
2026-03-25 17:30:00,100.34,22.26,73.51,4.806,0.033,0.156,4.16,
2026-03-25 17:40:00,66.31,21.78,76.43,4.829,0.011,0.052,4.16,
2026-03-25 17:50:00,31.87,21.83,75.69,4.749,0.004,0.019,4.15,
2026-03-25 18:00:00,20.0,20.69,78.19,4.677,0.004,0.019,4.15,
2026-03-25 18:10:00,20.0,20.37,80.78,4.638,0.011,0.051,4.15,
2026-03-25 18:20:00,0.49,20.35,79.71,0.043,0.0,0.0,4.15,
2026-03-25 18:30:00,2.61,20.2,78.63,0.005,0.0,0.0,4.15,
2026-03-25 18:40:00,1.18,20.74,81.76,0.019,0.0,0.0,4.15,
2026-03-25 18:50:00,0.6,20.48,80.73,0.032,0.0,0.0,4.15,
2026-03-25 19:00:00,1.26,20.55,81.32,0.086,0.0,0.0,4.14,
2026-03-25 19:10:00,0.97,20.76,81.68,0.06,0.0,0.0,4.14,
2026-03-25 19:20:00,2.77,20.84,79.51,0.013,0.0,0.0,4.14,
2026-03-25 19:30:00,0.32,20.02,78.48,0.06,0.0,0.0,4.14,
2026-03-25 19:40:00,2.3,20.24,80.78,0.041,0.0,0.0,4.14,
2026-03-25 19:50:00,2.93,20.74,79.71,0.035,0.0,0.0,4.14,
2026-03-25 20:00:00,1.46,20.76,78.89,0.018,0.0,0.0,4.13,
2026-03-25 20:10:00,1.53,20.25,81.17,0.104,0.0,0.0,4.13,
2026-03-25 20:20:00,2.98,20.25,81.41,0.024,0.0,0.0,4.13,
2026-03-25 20:30:00,2.12,20.81,80.89,0.06,0.0,0.0,4.13,
2026-03-25 20:40:00,0.54,20.99,80.4,0.076,0.0,0.0,4.13,
2026-03-25 20:50:00,0.69,20.13,77.97,0.119,0.0,0.0,4.13,
2026-03-25 21:00:00,2.79,20.43,80.51,0.011,0.0,0.0,4.12,
2026-03-25 21:10:00,0.15,20.41,79.15,0.076,0.0,0.0,4.12,
2026-03-25 21:20:00,0.69,20.34,79.91,0.061,0.0,0.0,4.12,
2026-03-25 21:30:00,1.93,20.3,78.98,0.034,0.0,0.0,4.12,
2026-03-25 21:40:00,1.05,20.42,79.21,0.006,0.0,0.0,4.12,
2026-03-25 21:50:00,0.12,20.05,81.08,0.025,0.0,0.0,4.12,
2026-03-25 22:00:00,1.42,20.91,78.24,0.022,0.0,0.0,4.11,
2026-03-25 22:10:00,2.84,20.36,79.14,0.012,0.0,0.0,4.11,
2026-03-25 22:20:00,0.04,20.55,81.59,0.04,0.0,0.0,4.11,
2026-03-25 22:30:00,2.22,20.36,81.23,0.063,0.0,0.0,4.11,
2026-03-25 22:40:00,1.11,20.65,78.72,0.046,0.0,0.0,4.11,
2026-03-25 22:50:00,2.66,20.13,81.07,0.014,0.0,0.0,4.11,
2026-03-25 23:00:00,1.76,20.91,80.68,0.023,0.0,0.0,4.11,
2026-03-25 23:10:00,2.11,20.93,78.13,0.066,0.0,0.0,4.1,
2026-03-25 23:20:00,1.03,20.73,82.15,0.024,0.0,0.0,4.1,
2026-03-25 23:30:00,2.16,20.04,78.64,0.066,0.0,0.0,4.1,
2026-03-25 23:40:00,0.76,20.88,81.56,0.109,0.0,0.0,4.1,
2026-03-25 23:50:00,2.93,20.89,79.77,0.086,0.0,0.0,4.1,
2026-03-26 00:00:00,2.73,22.07,68.64,0.112,0.0,0.0,4.1,
2026-03-26 00:10:00,1.51,22.02,69.44,0.084,0.0,0.0,4.09,
2026-03-26 00:20:00,0.39,22.05,69.29,0.095,0.0,0.0,4.09,
2026-03-26 00:30:00,2.08,22.74,68.55,0.082,0.0,0.0,4.09,
2026-03-26 00:40:00,2.61,22.97,67.53,0.09,0.0,0.0,4.09,
2026-03-26 00:50:00,1.15,22.78,68.56,0.033,0.0,0.0,4.09,
2026-03-26 01:00:00,0.55,22.16,67.76,0.084,0.0,0.0,4.09,
2026-03-26 01:10:00,2.64,22.79,68.8,0.085,0.0,0.0,4.08,
2026-03-26 01:20:00,1.58,22.3,67.77,0.085,0.0,0.0,4.08,
2026-03-26 01:30:00,1.66,22.17,67.0,0.029,0.0,0.0,4.08,
2026-03-26 01:40:00,0.12,22.15,70.69,0.111,0.0,0.0,4.08,
2026-03-26 01:50:00,0.81,22.79,69.63,0.03,0.0,0.0,4.08,
2026-03-26 02:00:00,2.47,22.53,66.81,0.042,0.0,0.0,4.08,
2026-03-26 02:10:00,1.82,22.37,67.17,0.085,0.0,0.0,4.07,
2026-03-26 02:20:00,1.65,22.72,68.6,0.073,0.0,0.0,4.07,
2026-03-26 02:30:00,0.97,22.06,70.39,0.099,0.0,0.0,4.07,
2026-03-26 02:40:00,0.66,22.97,67.58,0.117,0.0,0.0,4.07,
2026-03-26 02:50:00,1.61,22.98,70.22,0.094,0.0,0.0,4.07,
2026-03-26 03:00:00,0.32,22.75,68.48,0.078,0.0,0.0,4.07,
2026-03-26 03:10:00,2.61,22.63,69.22,0.098,0.0,0.0,4.07,
2026-03-26 03:20:00,0.66,22.27,69.36,0.097,0.0,0.0,4.06,
2026-03-26 03:30:00,2.26,22.16,67.82,0.087,0.0,0.0,4.06,
2026-03-26 03:40:00,1.11,22.9,67.21,0.022,0.0,0.0,4.06,
2026-03-26 03:50:00,0.56,22.86,67.63,0.059,0.0,0.0,4.06,
2026-03-26 04:00:00,2.19,22.65,66.89,0.02,0.0,0.0,4.06,
2026-03-26 04:10:00,0.53,22.39,69.47,0.008,0.0,0.0,4.06,
2026-03-26 04:20:00,0.22,22.25,70.8,0.116,0.0,0.0,4.05,
2026-03-26 04:30:00,0.3,22.53,70.0,0.097,0.0,0.0,4.05,
2026-03-26 04:40:00,1.81,22.38,66.89,0.099,0.0,0.0,4.05,
2026-03-26 04:50:00,2.29,22.64,66.99,0.03,0.0,0.0,4.05,
2026-03-26 05:00:00,0.25,22.14,69.56,0.002,0.0,0.0,4.05,
2026-03-26 05:10:00,2.9,22.96,67.27,0.088,0.0,0.0,4.05,
2026-03-26 05:20:00,1.02,22.71,67.69,0.058,0.0,0.0,4.04,
2026-03-26 05:30:00,1.69,22.44,67.52,0.04,0.0,0.0,4.04,
2026-03-26 05:40:00,0.46,22.06,69.84,0.075,0.0,0.0,4.04,
2026-03-26 05:50:00,20.0,23.01,66.67,4.691,0.015,0.072,4.04,
2026-03-26 06:00:00,48.03,23.48,65.15,4.782,0.02,0.096,4.04,
2026-03-26 06:10:00,91.55,23.82,65.57,4.937,0.053,0.26,4.04,
2026-03-26 06:20:00,129.83,23.42,63.16,5.015,0.07,0.352,4.04,
2026-03-26 06:30:00,168.06,24.61,65.6,5.067,0.092,0.468,4.04,
2026-03-26 06:40:00,222.64,24.65,63.4,4.98,0.123,0.614,4.04,
2026-03-26 06:50:00,272.34,24.77,59.73,5.196,0.155,0.803,4.05,
2026-03-26 07:00:00,310.99,25.49,58.48,5.075,0.176,0.893,4.05,
2026-03-26 07:10:00,343.8,25.46,58.76,5.279,0.195,1.03,4.05,
2026-03-26 07:20:00,360.39,26.07,60.17,5.25,0.114,0.6,4.05,
2026-03-26 07:30:00,401.64,26.22,56.28,5.338,0.132,0.705,4.05,
2026-03-26 07:40:00,460.06,26.5,57.36,5.442,0.129,0.703,4.06,
2026-03-26 07:50:00,485.0,27.03,55.14,5.532,0.147,0.812,4.06,
2026-03-26 08:00:00,517.05,27.4,54.85,5.572,0.16,0.893,4.06,
2026-03-26 08:10:00,535.81,28.13,50.9,5.587,0.193,1.077,4.06,
2026-03-26 08:20:00,570.73,27.79,53.61,5.701,0.184,1.05,4.07,
2026-03-26 08:30:00,605.62,28.59,53.23,5.761,0.188,1.083,4.07,
2026-03-26 08:40:00,633.2,28.16,52.3,5.768,0.186,1.075,4.07,
2026-03-26 08:50:00,695.55,28.67,50.3,5.806,0.203,1.181,4.08,
2026-03-26 09:00:00,720.58,28.59,48.0,5.734,0.211,1.208,4.08,
2026-03-26 09:10:00,745.73,28.96,46.41,5.91,0.235,1.388,4.08,
2026-03-26 09:20:00,753.12,29.46,46.34,5.959,0.232,1.384,4.09,
2026-03-26 09:30:00,772.52,30.16,44.29,5.992,0.229,1.371,4.09,
2026-03-26 09:40:00,820.08,30.18,47.33,5.989,0.264,1.581,4.1,
2026-03-26 09:50:00,829.94,30.41,44.71,5.944,0.27,1.602,4.1,
2026-03-26 10:00:00,867.4,30.01,43.2,6.069,0.244,1.484,4.1,
2026-03-26 10:10:00,877.88,30.62,45.42,6.138,0.257,1.579,4.11,
2026-03-26 10:20:00,891.43,31.05,41.95,6.163,0.264,1.63,4.11,
2026-03-26 10:30:00,887.97,30.45,43.42,6.196,0.254,1.575,4.12,
2026-03-26 10:40:00,917.73,30.56,42.98,6.2,0.272,1.684,4.12,
2026-03-26 10:50:00,933.77,30.65,41.18,6.264,0.154,0.965,4.13,
2026-03-26 11:00:00,950.17,30.76,41.06,6.275,0.137,0.862,4.13,
2026-03-26 11:10:00,941.17,31.2,40.27,6.251,0.17,1.065,4.13,
2026-03-26 11:20:00,963.91,30.97,40.98,6.261,0.152,0.954,4.13,
2026-03-26 11:30:00,949.96,31.52,40.7,6.24,0.163,1.016,4.14,
2026-03-26 11:40:00,954.25,31.43,42.79,6.148,0.175,1.073,4.14,
2026-03-26 11:50:00,980.42,31.65,42.21,6.165,0.174,1.07,4.14,
2026-03-26 12:00:00,978.43,31.65,42.89,6.203,0.165,1.021,4.14,
2026-03-26 12:10:00,964.32,31.85,40.72,6.311,0.162,1.024,4.15,
2026-03-26 12:20:00,956.31,31.58,39.23,6.16,0.164,1.011,4.15,
2026-03-26 12:30:00,973.52,31.07,42.85,6.232,0.176,1.096,4.15,
2026-03-26 12:40:00,941.75,30.97,40.57,6.3,0.142,0.897,4.16,
2026-03-26 12:50:00,944.08,30.89,40.2,6.255,0.148,0.928,4.16,
2026-03-26 13:00:00,930.94,31.59,42.54,6.114,0.148,0.907,4.16,
2026-03-26 13:10:00,912.22,31.47,41.76,6.24,0.155,0.967,4.16,
2026-03-26 13:20:00,911.44,31.34,44.55,6.124,0.157,0.961,4.17,
2026-03-26 13:30:00,893.53,31.24,43.77,6.151,0.157,0.968,4.17,
2026-03-26 13:40:00,877.14,31.04,41.26,6.172,0.133,0.821,4.17,
2026-03-26 13:50:00,865.39,30.13,43.43,6.067,0.133,0.807,4.17,
2026-03-26 14:00:00,855.32,30.79,44.31,5.962,0.158,0.942,4.18,
2026-03-26 14:10:00,845.08,30.47,43.73,5.978,0.144,0.861,4.18,
2026-03-26 14:20:00,807.61,30.2,45.57,5.934,0.117,0.692,4.18,
2026-03-26 14:30:00,783.83,29.92,45.56,5.848,0.134,0.782,4.18,
2026-03-26 14:40:00,776.05,29.41,46.75,5.897,0.123,0.724,4.19,
2026-03-26 14:50:00,750.73,29.5,46.79,5.889,0.103,0.605,4.19,
2026-03-26 15:00:00,703.83,28.86,49.52,5.893,0.121,0.716,4.19,
2026-03-26 15:10:00,670.15,29.13,47.62,5.854,0.113,0.664,4.19,
2026-03-26 15:20:00,637.11,28.37,49.91,5.722,0.108,0.618,4.19,
2026-03-26 15:30:00,625.51,28.09,52.0,5.656,0.097,0.546,4.19,
2026-03-26 15:40:00,590.08,27.52,52.81,5.651,0.103,0.585,4.2,
2026-03-26 15:50:00,569.51,27.88,54.06,5.539,0.083,0.462,4.2,
2026-03-26 16:00:00,507.17,27.69,52.3,5.616,0.084,0.473,4.2,
2026-03-26 16:10:00,467.23,26.95,56.46,5.392,0.091,0.491,4.2,
2026-03-26 16:20:00,435.0,26.39,58.14,5.395,0.071,0.382,4.2,
2026-03-26 16:30:00,408.68,26.18,59.07,5.448,0.061,0.332,4.2,
2026-03-26 16:40:00,387.26,25.5,59.89,5.295,0.078,0.414,4.2,
2026-03-26 16:50:00,343.55,25.59,58.85,5.205,0.059,0.305,4.2,
2026-03-26 17:00:00,309.35,24.89,58.92,5.16,0.042,0.216,4.2,
2026-03-26 17:10:00,262.45,24.8,62.99,5.15,0.036,0.187,4.2,
2026-03-26 17:20:00,225.88,24.98,64.18,5.149,0.037,0.19,4.2,
2026-03-26 17:30:00,187.18,24.3,63.36,4.987,0.046,0.228,4.2,
2026-03-26 17:40:00,127.32,23.76,65.27,4.831,0.014,0.068,4.2,
2026-03-26 17:50:00,91.44,23.4,65.55,4.8,0.007,0.033,4.2,
2026-03-26 18:00:00,77.75,23.48,66.86,4.86,0.02,0.097,4.2,
2026-03-26 18:10:00,20.0,22.56,67.2,4.689,0.011,0.05,4.19,
2026-03-26 18:20:00,2.52,22.8,68.62,0.029,0.0,0.0,4.19,
2026-03-26 18:30:00,2.7,22.41,66.87,0.018,0.0,0.0,4.19,
2026-03-26 18:40:00,1.12,22.82,70.41,0.072,0.0,0.0,4.19,
2026-03-26 18:50:00,1.01,22.96,71.17,0.029,0.0,0.0,4.19,
2026-03-26 19:00:00,2.92,22.19,69.64,0.099,0.0,0.0,4.19,
2026-03-26 19:10:00,2.4,22.58,67.37,0.076,0.0,0.0,4.18,
2026-03-26 19:20:00,2.93,22.17,70.78,0.062,0.0,0.0,4.18,
2026-03-26 19:30:00,1.31,22.1,70.33,0.061,0.0,0.0,4.18,
2026-03-26 19:40:00,1.89,22.78,70.51,0.075,0.0,0.0,4.18,
2026-03-26 19:50:00,0.78,22.55,70.97,0.024,0.0,0.0,4.18,
2026-03-26 20:00:00,0.28,22.44,69.57,0.071,0.0,0.0,4.18,
2026-03-26 20:10:00,0.08,22.71,70.85,0.009,0.0,0.0,4.17,
2026-03-26 20:20:00,1.15,22.74,67.37,0.054,0.0,0.0,4.17,
2026-03-26 20:30:00,1.89,22.36,67.85,0.108,0.0,0.0,4.17,
2026-03-26 20:40:00,0.89,22.54,67.88,0.094,0.0,0.0,4.17,
2026-03-26 20:50:00,2.36,22.77,69.7,0.033,0.0,0.0,4.17,
2026-03-26 21:00:00,2.8,22.63,69.61,0.07,0.0,0.0,4.17,
2026-03-26 21:10:00,0.31,22.46,69.42,0.013,0.0,0.0,4.16,
2026-03-26 21:20:00,0.85,22.89,67.21,0.059,0.0,0.0,4.16,
2026-03-26 21:30:00,1.08,22.84,68.52,0.059,0.0,0.0,4.16,
2026-03-26 21:40:00,0.07,22.07,71.02,0.009,0.0,0.0,4.16,
2026-03-26 21:50:00,2.06,22.38,68.18,0.109,0.0,0.0,4.16,
2026-03-26 22:00:00,2.43,22.18,66.84,0.021,0.0,0.0,4.16,
2026-03-26 22:10:00,1.7,22.61,66.94,0.117,0.0,0.0,4.16,
2026-03-26 22:20:00,2.98,22.48,69.5,0.066,0.0,0.0,4.15,
2026-03-26 22:30:00,0.48,22.74,70.88,0.023,0.0,0.0,4.15,
2026-03-26 22:40:00,0.09,22.02,69.05,0.018,0.0,0.0,4.15,
2026-03-26 22:50:00,2.6,22.11,67.75,0.039,0.0,0.0,4.15,
2026-03-26 23:00:00,0.66,22.73,70.94,0.032,0.0,0.0,4.15,
2026-03-26 23:10:00,1.44,22.95,68.33,0.066,0.0,0.0,4.15,
2026-03-26 23:20:00,0.88,22.75,68.98,0.062,0.0,0.0,4.14,
2026-03-26 23:30:00,1.2,22.19,67.56,0.082,0.0,0.0,4.14,
2026-03-26 23:40:00,2.66,22.28,68.53,0.07,0.0,0.0,4.14,
2026-03-26 23:50:00,2.3,22.31,70.29,0.114,0.0,0.0,4.14,
2026-03-27 00:00:00,1.46,22.38,71.66,0.09,0.0,0.0,4.14,
2026-03-27 00:10:00,2.45,22.12,72.47,0.052,0.0,0.0,4.14,
2026-03-27 00:20:00,1.7,21.87,72.58,0.008,0.0,0.0,4.13,
2026-03-27 00:30:00,0.5,21.53,72.05,0.07,0.0,0.0,4.13,
2026-03-27 00:40:00,0.88,22.33,72.64,0.116,0.0,0.0,4.13,
2026-03-27 00:50:00,1.06,21.53,70.59,0.039,0.0,0.0,4.13,
2026-03-27 01:00:00,2.37,21.86,70.12,0.079,0.0,0.0,4.13,
2026-03-27 01:10:00,1.12,22.28,70.34,0.038,0.0,0.0,4.13,
2026-03-27 01:20:00,0.03,21.83,71.85,0.095,0.0,0.0,4.12,
2026-03-27 01:30:00,2.7,22.06,71.5,0.072,0.0,0.0,4.12,
2026-03-27 01:40:00,1.58,21.6,71.02,0.073,0.0,0.0,4.12,
2026-03-27 01:50:00,2.65,22.36,70.13,0.107,0.0,0.0,4.12,
2026-03-27 02:00:00,1.27,22.26,71.2,0.038,0.0,0.0,4.12,
2026-03-27 02:10:00,0.59,22.3,71.99,0.119,0.0,0.0,4.12,
2026-03-27 02:20:00,1.26,21.62,70.55,0.039,0.0,0.0,4.12,
2026-03-27 02:30:00,1.15,22.08,71.05,0.077,0.0,0.0,4.11,
2026-03-27 02:40:00,2.57,22.49,73.81,0.034,0.0,0.0,4.11,
2026-03-27 02:50:00,2.52,21.9,73.74,0.11,0.0,0.0,4.11,
2026-03-27 03:00:00,0.12,22.14,70.11,0.011,0.0,0.0,4.11,
2026-03-27 03:10:00,2.41,22.22,71.01,0.09,0.0,0.0,4.11,
2026-03-27 03:20:00,1.2,22.06,71.18,0.073,0.0,0.0,4.11,
2026-03-27 03:30:00,1.18,22.2,71.8,0.102,0.0,0.0,4.1,
2026-03-27 03:40:00,2.9,21.62,71.45,0.074,0.0,0.0,4.1,
2026-03-27 03:50:00,0.09,21.55,69.85,0.013,0.0,0.0,4.1,
2026-03-27 04:00:00,0.97,22.19,71.72,0.02,0.0,0.0,4.1,
2026-03-27 04:10:00,0.57,22.4,71.42,0.108,0.0,0.0,4.1,
2026-03-27 04:20:00,2.97,22.43,73.62,0.031,0.0,0.0,4.1,
2026-03-27 04:30:00,2.35,21.61,73.97,0.009,0.0,0.0,4.09,
2026-03-27 04:40:00,0.99,22.11,73.37,0.032,0.0,0.0,4.09,
2026-03-27 04:50:00,0.51,21.64,71.83,0.015,0.0,0.0,4.09,
2026-03-27 05:00:00,2.59,22.25,73.71,0.116,0.0,0.0,4.09,
2026-03-27 05:10:00,1.24,21.95,70.34,0.063,0.0,0.0,4.09,
2026-03-27 05:20:00,1.73,22.16,74.1,0.039,0.0,0.0,4.09,
2026-03-27 05:30:00,2.19,21.73,70.96,0.036,0.0,0.0,4.08,
2026-03-27 05:40:00,0.25,22.06,73.64,0.079,0.0,0.0,4.08,
2026-03-27 05:50:00,20.0,21.77,73.49,4.639,0.0,0.0,4.08,
2026-03-27 06:00:00,40.45,22.17,68.96,4.8,0.021,0.103,4.08,
2026-03-27 06:10:00,79.27,22.89,67.55,4.837,0.032,0.154,4.08,
2026-03-27 06:20:00,137.36,23.68,67.97,4.946,0.02,0.098,4.08,
2026-03-27 06:30:00,158.09,23.83,65.2,5.004,0.045,0.225,4.08,
2026-03-27 06:40:00,176.71,23.58,66.32,4.988,0.058,0.288,4.08,
2026-03-27 06:50:00,189.69,24.42,64.51,4.931,0.048,0.236,4.08,
2026-03-27 07:00:00,262.73,24.7,62.44,5.083,0.082,0.419,4.08,
2026-03-27 07:10:00,284.55,25.32,62.88,5.246,0.07,0.369,4.08,
2026-03-27 07:20:00,286.39,25.09,59.95,5.202,0.099,0.516,4.08,
2026-03-27 07:30:00,312.72,25.6,58.78,5.23,0.086,0.448,4.09,
2026-03-27 07:40:00,389.81,25.76,59.04,5.343,0.115,0.614,4.09,
2026-03-27 07:50:00,402.19,26.32,56.11,5.288,0.137,0.724,4.09,
2026-03-27 08:00:00,393.25,26.5,55.96,5.247,0.143,0.749,4.09,
2026-03-27 08:10:00,486.71,27.22,55.97,5.393,0.145,0.784,4.09,
2026-03-27 08:20:00,515.36,27.78,55.18,5.421,0.142,0.767,4.1,
2026-03-27 08:30:00,445.76,27.97,56.31,5.359,0.144,0.77,4.1,
2026-03-27 08:40:00,519.55,28.41,54.47,5.581,0.176,0.981,4.1,
2026-03-27 08:50:00,505.18,27.82,54.52,5.557,0.157,0.871,4.1,
2026-03-27 09:00:00,590.88,28.8,53.67,5.621,0.192,1.081,4.11,
2026-03-27 09:10:00,628.15,29.28,52.46,5.721,0.207,1.182,4.11,
2026-03-27 09:20:00,646.11,28.82,50.84,5.798,0.197,1.142,4.11,
2026-03-27 09:30:00,659.12,28.82,49.44,5.722,0.214,1.223,4.12,
2026-03-27 09:40:00,702.51,29.79,47.75,5.878,0.217,1.276,4.12,
2026-03-27 09:50:00,691.54,30.16,48.59,5.847,0.212,1.237,4.12,
2026-03-27 10:00:00,703.94,29.43,46.51,5.86,0.108,0.631,4.13,
2026-03-27 10:10:00,743.12,29.56,45.83,5.836,0.129,0.751,4.13,
2026-03-27 10:20:00,761.71,29.88,44.6,5.844,0.138,0.805,4.13,
2026-03-27 10:30:00,750.3,30.09,45.85,5.881,0.143,0.842,4.13,
2026-03-27 10:40:00,794.22,30.1,44.51,5.89,0.13,0.768,4.13,
2026-03-27 10:50:00,781.67,30.69,46.0,5.886,0.128,0.751,4.14,
2026-03-27 11:00:00,786.09,30.85,45.08,5.915,0.144,0.853,4.14,
2026-03-27 11:10:00,727.32,31.24,45.55,5.855,0.125,0.729,4.14,
2026-03-27 11:20:00,794.67,30.93,46.41,5.968,0.148,0.885,4.14,
2026-03-27 11:30:00,777.51,30.56,44.41,5.942,0.133,0.793,4.15,
2026-03-27 11:40:00,816.82,30.47,45.45,6.072,0.129,0.78,4.15,
2026-03-27 11:50:00,691.36,30.83,42.25,5.743,0.119,0.681,4.15,
2026-03-27 12:00:00,707.57,31.24,42.03,5.75,0.12,0.69,4.15,
2026-03-27 12:10:00,812.53,31.17,45.57,5.961,0.146,0.871,4.15,
2026-03-27 12:20:00,747.51,30.58,41.9,5.892,0.11,0.651,4.16,
2026-03-27 12:30:00,751.31,30.87,42.27,5.794,0.138,0.798,4.16,
2026-03-27 12:40:00,823.97,30.92,45.81,6.02,0.15,0.902,4.16,
2026-03-27 12:50:00,810.11,30.49,46.01,6.005,0.133,0.799,4.16,
2026-03-27 13:00:00,796.48,30.51,45.62,6.053,0.138,0.833,4.16,
2026-03-27 13:10:00,795.18,30.22,44.83,5.931,0.122,0.722,4.17,
2026-03-27 13:20:00,759.81,30.3,46.2,6.008,0.126,0.755,4.17,
2026-03-27 13:30:00,782.05,30.34,46.95,5.866,0.143,0.837,4.17,
2026-03-27 13:40:00,752.15,30.07,47.33,5.868,0.121,0.709,4.17,
2026-03-27 13:50:00,745.24,29.9,47.87,5.924,0.125,0.739,4.18,
2026-03-27 14:00:00,679.52,30.03,46.92,5.745,0.122,0.702,4.18,
2026-03-27 14:10:00,714.05,29.72,46.42,5.778,0.132,0.761,4.18,
2026-03-27 14:20:00,682.2,29.04,50.23,5.716,0.101,0.575,4.18,
2026-03-27 14:30:00,665.13,29.54,51.47,5.815,0.115,0.668,4.18,
2026-03-27 14:40:00,633.4,29.45,51.18,5.704,0.102,0.581,4.18,
2026-03-27 14:50:00,502.24,29.08,51.27,5.587,0.1,0.557,4.19,
2026-03-27 15:00:00,595.68,29.05,51.91,5.589,0.097,0.54,4.19,
2026-03-27 15:10:00,540.62,28.61,53.77,5.513,0.102,0.565,4.19,
2026-03-27 15:20:00,540.16,28.33,54.99,5.543,0.094,0.522,4.19,
2026-03-27 15:30:00,513.56,28.15,54.78,5.498,0.099,0.545,4.19,
2026-03-27 15:40:00,492.38,27.56,55.33,5.415,0.073,0.396,4.19,
2026-03-27 15:50:00,454.36,26.71,57.26,5.403,0.065,0.353,4.19,
2026-03-27 16:00:00,435.01,26.55,58.94,5.482,0.072,0.394,4.2,
2026-03-27 16:10:00,356.71,26.07,58.33,5.308,0.072,0.383,4.2,
2026-03-27 16:20:00,365.42,26.37,57.32,5.297,0.074,0.39,4.2,
2026-03-27 16:30:00,318.2,25.67,61.24,5.145,0.063,0.326,4.2,
2026-03-27 16:40:00,324.88,25.87,59.99,5.119,0.078,0.397,4.2,
2026-03-27 16:50:00,296.51,24.67,64.36,5.244,0.053,0.279,4.2,
2026-03-27 17:00:00,242.41,24.55,61.33,4.965,0.042,0.211,4.2,
2026-03-27 17:10:00,214.3,24.77,66.54,4.954,0.029,0.142,4.2,
2026-03-27 17:20:00,189.21,24.42,66.41,5.045,0.023,0.118,4.2,
2026-03-27 17:30:00,161.29,23.62,66.43,4.872,0.031,0.152,4.2,
2026-03-27 17:40:00,115.49,23.01,67.63,4.802,0.012,0.058,4.2,
2026-03-27 17:50:00,87.16,23.23,69.37,4.914,0.008,0.042,4.19,
2026-03-27 18:00:00,36.45,22.19,68.84,4.69,0.007,0.035,4.19,
2026-03-27 18:10:00,20.05,22.17,69.75,4.641,0.005,0.024,4.19,
2026-03-27 18:20:00,1.48,22.24,71.37,0.11,0.0,0.0,4.19,
2026-03-27 18:30:00,0.66,22.21,73.94,0.094,0.0,0.0,4.19,
2026-03-27 18:40:00,0.88,22.15,72.12,0.032,0.0,0.0,4.19,
2026-03-27 18:50:00,2.09,22.0,70.04,0.108,0.0,0.0,4.18,
2026-03-27 19:00:00,2.12,22.12,71.03,0.024,0.0,0.0,4.18,
2026-03-27 19:10:00,0.41,22.48,70.81,0.089,0.0,0.0,4.18,
2026-03-27 19:20:00,0.63,21.87,73.39,0.017,0.0,0.0,4.18,
2026-03-27 19:30:00,2.93,22.2,72.66,0.054,0.0,0.0,4.18,
2026-03-27 19:40:00,0.34,22.0,69.95,0.033,0.0,0.0,4.18,
2026-03-27 19:50:00,1.15,22.33,70.17,0.033,0.0,0.0,4.17,
2026-03-27 20:00:00,1.83,22.0,73.6,0.046,0.0,0.0,4.17,
2026-03-27 20:10:00,0.13,21.71,70.61,0.052,0.0,0.0,4.17,
2026-03-27 20:20:00,0.16,21.81,72.18,0.042,0.0,0.0,4.17,
2026-03-27 20:30:00,0.08,22.11,73.73,0.111,0.0,0.0,4.17,
2026-03-27 20:40:00,2.72,22.31,72.4,0.091,0.0,0.0,4.17,
2026-03-27 20:50:00,1.02,22.33,71.71,0.051,0.0,0.0,4.17,
2026-03-27 21:00:00,2.19,22.24,70.05,0.013,0.0,0.0,4.16,
2026-03-27 21:10:00,1.16,22.22,72.78,0.103,0.0,0.0,4.16,
2026-03-27 21:20:00,2.81,21.96,72.32,0.068,0.0,0.0,4.16,
2026-03-27 21:30:00,1.56,21.66,71.48,0.089,0.0,0.0,4.16,
2026-03-27 21:40:00,2.77,21.63,69.87,0.096,0.0,0.0,4.16,
2026-03-27 21:50:00,2.85,21.59,70.9,0.065,0.0,0.0,4.16,
2026-03-27 22:00:00,1.01,21.89,72.51,0.043,0.0,0.0,4.15,
2026-03-27 22:10:00,1.98,22.28,73.37,0.073,0.0,0.0,4.15,
2026-03-27 22:20:00,0.37,22.07,71.21,0.032,0.0,0.0,4.15,
2026-03-27 22:30:00,0.54,21.96,71.74,0.056,0.0,0.0,4.15,
2026-03-27 22:40:00,2.9,21.98,73.52,0.026,0.0,0.0,4.15,
2026-03-27 22:50:00,0.18,22.44,71.02,0.073,0.0,0.0,4.15,
2026-03-27 23:00:00,0.94,21.56,70.59,0.092,0.0,0.0,4.14,
2026-03-27 23:10:00,0.83,22.37,70.36,0.076,0.0,0.0,4.14,
2026-03-27 23:20:00,0.44,22.12,70.02,0.014,0.0,0.0,4.14,
2026-03-27 23:30:00,0.12,22.18,73.59,0.07,0.0,0.0,4.14,
2026-03-27 23:40:00,0.13,22.22,70.07,0.086,0.0,0.0,4.14,
2026-03-27 23:50:00,0.78,21.76,72.78,0.103,0.0,0.0,4.14,
2026-03-28 00:00:00,1.06,22.72,69.44,0.042,0.0,0.0,4.13,
2026-03-28 00:10:00,0.23,22.44,69.05,0.028,0.0,0.0,4.13,
2026-03-28 00:20:00,0.98,22.37,70.42,0.05,0.0,0.0,4.13,
2026-03-28 00:30:00,1.93,22.88,67.43,0.039,0.0,0.0,4.13,
2026-03-28 00:40:00,2.36,22.33,68.6,0.078,0.0,0.0,4.13,
2026-03-28 00:50:00,1.41,22.97,69.54,0.019,0.0,0.0,4.13,
2026-03-28 01:00:00,0.13,22.93,70.81,0.003,0.0,0.0,4.13,
2026-03-28 01:10:00,1.83,22.81,69.05,0.094,0.0,0.0,4.12,
2026-03-28 01:20:00,1.52,22.58,68.31,0.026,0.0,0.0,4.12,
2026-03-28 01:30:00,2.49,22.03,70.0,0.046,0.0,0.0,4.12,
2026-03-28 01:40:00,2.99,22.08,67.14,0.112,0.0,0.0,4.12,
2026-03-28 01:50:00,0.67,22.5,69.33,0.066,0.0,0.0,4.12,
2026-03-28 02:00:00,1.25,22.73,70.53,0.063,0.0,0.0,4.12,
2026-03-28 02:10:00,0.15,22.47,69.11,0.053,0.0,0.0,4.11,
2026-03-28 02:20:00,0.81,22.84,68.09,0.029,0.0,0.0,4.11,
2026-03-28 02:30:00,0.73,22.77,68.39,0.055,0.0,0.0,4.11,
2026-03-28 02:40:00,2.24,22.12,67.86,0.088,0.0,0.0,4.11,
2026-03-28 02:50:00,2.64,22.36,68.35,0.061,0.0,0.0,4.11,
2026-03-28 03:00:00,2.74,22.65,69.46,0.054,0.0,0.0,4.11,
2026-03-28 03:10:00,1.26,22.57,70.44,0.015,0.0,0.0,4.1,
2026-03-28 03:20:00,1.61,22.78,68.59,0.07,0.0,0.0,4.1,
2026-03-28 03:30:00,0.41,22.26,68.06,0.038,0.0,0.0,4.1,
2026-03-28 03:40:00,0.24,22.42,71.13,0.069,0.0,0.0,4.1,
2026-03-28 03:50:00,1.9,22.77,70.76,0.105,0.0,0.0,4.1,
2026-03-28 04:00:00,0.05,22.12,67.96,0.067,0.0,0.0,4.1,
2026-03-28 04:10:00,2.79,22.74,67.36,0.004,0.0,0.0,4.09,
2026-03-28 04:20:00,1.29,22.69,71.16,0.016,0.0,0.0,4.09,
2026-03-28 04:30:00,2.6,22.92,70.78,0.043,0.0,0.0,4.09,
2026-03-28 04:40:00,1.21,22.56,69.93,0.014,0.0,0.0,4.09,
2026-03-28 04:50:00,2.69,22.9,69.4,0.074,0.0,0.0,4.09,
2026-03-28 05:00:00,2.98,22.05,70.05,0.043,0.0,0.0,4.09,
2026-03-28 05:10:00,1.35,22.41,68.78,0.1,0.0,0.0,4.09,
2026-03-28 05:20:00,0.87,22.48,67.39,0.022,0.0,0.0,4.08,
2026-03-28 05:30:00,2.3,22.92,70.92,0.01,0.0,0.0,4.08,
2026-03-28 05:40:00,2.69,22.59,68.43,0.078,0.0,0.0,4.08,
2026-03-28 05:50:00,20.0,22.63,68.45,4.75,0.011,0.054,4.08,
2026-03-28 06:00:00,54.24,22.91,67.52,4.877,0.025,0.123,4.08,
2026-03-28 06:10:00,99.8,23.26,65.27,4.798,0.023,0.11,4.08,
2026-03-28 06:20:00,151.61,24.3,63.64,4.93,0.046,0.225,4.08,
2026-03-28 06:30:00,169.21,23.97,62.07,4.945,0.06,0.297,4.08,
2026-03-28 06:40:00,216.17,24.97,64.76,5.105,0.083,0.422,4.08,
2026-03-28 06:50:00,250.62,24.63,62.96,5.168,0.072,0.373,4.08,
2026-03-28 07:00:00,319.39,25.32,61.66,5.08,0.095,0.482,4.08,
2026-03-28 07:10:00,330.91,26.08,59.55,5.287,0.111,0.587,4.08,
2026-03-28 07:20:00,372.38,25.6,59.06,5.37,0.112,0.603,4.08,
2026-03-28 07:30:00,408.73,26.7,59.25,5.406,0.113,0.613,4.09,
2026-03-28 07:40:00,438.88,26.96,57.03,5.384,0.137,0.738,4.09,
2026-03-28 07:50:00,494.7,27.01,56.22,5.516,0.154,0.848,4.09,
2026-03-28 08:00:00,522.71,27.75,55.29,5.494,0.177,0.971,4.09,
2026-03-28 08:10:00,572.89,27.17,53.61,5.486,0.163,0.895,4.1,
2026-03-28 08:20:00,608.46,28.11,51.04,5.567,0.199,1.109,4.1,
2026-03-28 08:30:00,616.85,27.94,52.81,5.778,0.205,1.184,4.1,
2026-03-28 08:40:00,637.86,28.09,50.52,5.679,0.194,1.1,4.1,
2026-03-28 08:50:00,677.14,28.68,49.78,5.812,0.213,1.238,4.11,
2026-03-28 09:00:00,702.87,28.86,47.41,5.788,0.227,1.313,4.11,
2026-03-28 09:10:00,737.97,29.17,47.72,5.793,0.228,1.32,4.12,
2026-03-28 09:20:00,777.2,29.34,49.12,5.88,0.233,1.373,4.12,
2026-03-28 09:30:00,791.57,29.6,44.65,5.993,0.252,1.51,4.12,
2026-03-28 09:40:00,815.68,30.3,45.63,5.973,0.125,0.747,4.13,
2026-03-28 09:50:00,838.53,30.59,46.29,5.938,0.144,0.855,4.13,
2026-03-28 10:00:00,852.21,30.28,44.21,6.038,0.149,0.901,4.13,
2026-03-28 10:10:00,886.01,30.4,45.32,6.05,0.145,0.88,4.13,
2026-03-28 10:20:00,883.27,30.43,43.97,6.206,0.145,0.903,4.14,
2026-03-28 10:30:00,914.96,30.39,43.94,6.202,0.143,0.884,4.14,
2026-03-28 10:40:00,940.33,31.27,42.79,6.195,0.15,0.927,4.14,
2026-03-28 10:50:00,927.32,30.77,42.35,6.256,0.152,0.95,4.14,
2026-03-28 11:00:00,964.0,31.05,40.63,6.248,0.157,0.981,4.15,
2026-03-28 11:10:00,941.31,31.74,39.86,6.196,0.151,0.935,4.15,
2026-03-28 11:20:00,959.13,31.1,42.59,6.178,0.147,0.906,4.15,
2026-03-28 11:30:00,982.5,31.58,39.6,6.286,0.144,0.907,4.15,
2026-03-28 11:40:00,961.22,31.69,42.25,6.228,0.155,0.964,4.16,
2026-03-28 11:50:00,982.92,31.14,42.06,6.307,0.154,0.968,4.16,
2026-03-28 12:00:00,973.24,31.32,41.05,6.155,0.151,0.932,4.16,
2026-03-28 12:10:00,970.65,31.65,40.9,6.207,0.161,0.997,4.16,
2026-03-28 12:20:00,978.76,31.45,42.89,6.251,0.144,0.9,4.17,
2026-03-28 12:30:00,972.17,31.32,40.66,6.247,0.144,0.899,4.17,
2026-03-28 12:40:00,983.38,31.27,40.21,6.202,0.164,1.017,4.17,
2026-03-28 12:50:00,952.55,31.61,43.71,6.135,0.158,0.972,4.18,
2026-03-28 13:00:00,948.84,30.97,40.3,6.225,0.159,0.992,4.18,
2026-03-28 13:10:00,940.57,30.85,43.37,6.134,0.148,0.906,4.18,
2026-03-28 13:20:00,912.91,30.82,42.84,6.145,0.144,0.885,4.18,
2026-03-28 13:30:00,920.36,31.16,43.17,6.104,0.152,0.927,4.19,
2026-03-28 13:40:00,902.79,30.74,45.0,6.215,0.127,0.79,4.19,
2026-03-28 13:50:00,884.97,30.44,45.05,6.021,0.147,0.885,4.19,
2026-03-28 14:00:00,856.53,30.86,42.44,6.043,0.14,0.847,4.19,
2026-03-28 14:10:00,837.8,30.45,45.26,6.006,0.133,0.799,4.2,
2026-03-28 14:20:00,808.85,30.42,46.46,5.996,0.136,0.817,4.2,
2026-03-28 14:30:00,798.24,29.42,46.45,5.895,0.141,0.831,4.2,
2026-03-28 14:40:00,768.72,29.3,46.89,6.002,0.142,0.854,4.2,
2026-03-28 14:50:00,754.54,28.95,47.91,5.939,0.108,0.641,4.2,
2026-03-28 15:00:00,701.8,28.63,50.69,5.792,0.116,0.671,4.2,
2026-03-28 15:10:00,687.03,28.63,47.48,5.778,0.103,0.594,4.2,
2026-03-28 15:20:00,657.88,28.25,50.83,5.823,0.109,0.634,4.2,
2026-03-28 15:30:00,637.93,28.32,50.3,5.713,0.097,0.555,4.2,
2026-03-28 15:40:00,593.98,28.1,50.21,5.568,0.103,0.576,4.2,
2026-03-28 15:50:00,550.77,27.24,54.33,5.602,0.098,0.551,4.2,
2026-03-28 16:00:00,534.9,27.41,53.02,5.592,0.102,0.569,4.2,
2026-03-28 16:10:00,489.04,26.67,56.25,5.573,0.076,0.421,4.2,
2026-03-28 16:20:00,441.3,26.33,57.68,5.383,0.08,0.43,4.2,
2026-03-28 16:30:00,417.69,26.27,57.8,5.325,0.063,0.336,4.2,
2026-03-28 16:40:00,381.93,25.86,57.65,5.296,0.059,0.31,4.2,
2026-03-28 16:50:00,342.71,26.02,60.75,5.331,0.076,0.406,4.2,
2026-03-28 17:00:00,310.45,25.62,60.61,5.177,0.063,0.326,4.2,
2026-03-28 17:10:00,265.63,24.86,60.8,5.022,0.039,0.197,4.2,
2026-03-28 17:20:00,229.91,24.78,61.35,5.066,0.061,0.308,4.2,
2026-03-28 17:30:00,179.4,23.87,64.84,4.893,0.029,0.14,4.2,
2026-03-28 17:40:00,125.36,23.63,63.12,4.9,0.023,0.112,4.2,
2026-03-28 17:50:00,106.28,22.97,65.08,4.858,0.008,0.039,4.2,
2026-03-28 18:00:00,52.64,23.19,69.31,4.862,0.029,0.141,4.19,
2026-03-28 18:10:00,38.42,22.82,68.37,4.727,0.02,0.095,4.19,
2026-03-28 18:20:00,2.42,22.04,66.93,0.107,0.0,0.0,4.19,
2026-03-28 18:30:00,0.46,22.74,70.63,0.016,0.0,0.0,4.19,
2026-03-28 18:40:00,1.26,22.85,67.05,0.076,0.0,0.0,4.19,
2026-03-28 18:50:00,0.19,22.1,69.19,0.118,0.0,0.0,4.19,
2026-03-28 19:00:00,0.58,22.61,66.87,0.1,0.0,0.0,4.18,
2026-03-28 19:10:00,2.54,22.32,69.92,0.109,0.0,0.0,4.18,
2026-03-28 19:20:00,1.76,22.94,69.07,0.113,0.0,0.0,4.18,
2026-03-28 19:30:00,1.21,22.84,69.75,0.008,0.0,0.0,4.18,
2026-03-28 19:40:00,2.48,22.5,70.01,0.01,0.0,0.0,4.18,
2026-03-28 19:50:00,1.33,22.28,67.67,0.061,0.0,0.0,4.18,
2026-03-28 20:00:00,0.52,22.75,70.49,0.0,0.0,0.0,4.17,
2026-03-28 20:10:00,0.82,22.35,68.3,0.068,0.0,0.0,4.17,
2026-03-28 20:20:00,2.09,22.57,68.84,0.014,0.0,0.0,4.17,
2026-03-28 20:30:00,0.27,22.73,67.62,0.071,0.0,0.0,4.17,
2026-03-28 20:40:00,2.9,22.77,70.27,0.026,0.0,0.0,4.17,
2026-03-28 20:50:00,1.12,22.08,69.99,0.03,0.0,0.0,4.17,
2026-03-28 21:00:00,2.51,22.64,70.77,0.023,0.0,0.0,4.16,
2026-03-28 21:10:00,2.27,22.13,67.03,0.085,0.0,0.0,4.16,
2026-03-28 21:20:00,0.53,22.14,68.19,0.027,0.0,0.0,4.16,
2026-03-28 21:30:00,0.56,22.88,67.58,0.035,0.0,0.0,4.16,
2026-03-28 21:40:00,2.09,22.26,68.96,0.069,0.0,0.0,4.16,
2026-03-28 21:50:00,1.05,22.64,68.78,0.076,0.0,0.0,4.16,
2026-03-28 22:00:00,2.5,22.04,70.47,0.046,0.0,0.0,4.16,
2026-03-28 22:10:00,1.61,22.21,69.89,0.042,0.0,0.0,4.15,
2026-03-28 22:20:00,2.43,22.8,67.71,0.084,0.0,0.0,4.15,
2026-03-28 22:30:00,1.51,22.83,70.29,0.011,0.0,0.0,4.15,
2026-03-28 22:40:00,2.32,22.26,68.86,0.004,0.0,0.0,4.15,
2026-03-28 22:50:00,0.35,22.66,67.62,0.017,0.0,0.0,4.15,
2026-03-28 23:00:00,1.76,22.37,68.46,0.071,0.0,0.0,4.15,
2026-03-28 23:10:00,0.1,22.7,69.57,0.104,0.0,0.0,4.14,
2026-03-28 23:20:00,0.02,22.42,68.27,0.078,0.0,0.0,4.14,
2026-03-28 23:30:00,0.3,22.91,68.15,0.056,0.0,0.0,4.14,
2026-03-28 23:40:00,0.56,22.02,70.36,0.055,0.0,0.0,4.14,
2026-03-28 23:50:00,1.73,22.43,68.56,0.1,0.0,0.0,4.14,
2026-03-29 00:00:00,0.76,21.87,71.29,0.081,0.0,0.0,4.14,
2026-03-29 00:10:00,0.9,22.47,73.66,0.092,0.0,0.0,4.13,
2026-03-29 00:20:00,2.7,22.01,71.65,0.093,0.0,0.0,4.13,
2026-03-29 00:30:00,2.86,21.9,69.93,0.061,0.0,0.0,4.13,
2026-03-29 00:40:00,2.77,22.39,74.05,0.113,0.0,0.0,4.13,
2026-03-29 00:50:00,0.6,22.47,73.11,0.016,0.0,0.0,4.13,
2026-03-29 01:00:00,1.0,22.46,74.07,0.037,0.0,0.0,4.13,
2026-03-29 01:10:00,2.3,22.3,71.82,0.02,0.0,0.0,4.12,
2026-03-29 01:20:00,0.0,21.65,73.69,0.036,0.0,0.0,4.12,
2026-03-29 01:30:00,0.24,21.74,70.69,0.011,0.0,0.0,4.12,
2026-03-29 01:40:00,0.73,22.18,73.52,0.045,0.0,0.0,4.12,
2026-03-29 01:50:00,1.43,21.84,71.87,0.082,0.0,0.0,4.12,
2026-03-29 02:00:00,2.1,22.41,72.74,0.1,0.0,0.0,4.12,
2026-03-29 02:10:00,2.12,22.26,70.22,0.015,0.0,0.0,4.12,
2026-03-29 02:20:00,2.29,21.63,73.2,0.108,0.0,0.0,4.11,
2026-03-29 02:30:00,2.46,22.23,71.67,0.047,0.0,0.0,4.11,
2026-03-29 02:40:00,0.21,21.99,73.06,0.07,0.0,0.0,4.11,
2026-03-29 02:50:00,0.67,22.11,73.18,0.044,0.0,0.0,4.11,
2026-03-29 03:00:00,1.02,22.32,72.49,0.09,0.0,0.0,4.11,
2026-03-29 03:10:00,2.74,22.15,70.41,0.023,0.0,0.0,4.11,
2026-03-29 03:20:00,0.63,21.94,71.29,0.078,0.0,0.0,4.1,
2026-03-29 03:30:00,1.28,21.78,71.5,0.099,0.0,0.0,4.1,
2026-03-29 03:40:00,0.1,22.46,71.66,0.02,0.0,0.0,4.1,
2026-03-29 03:50:00,2.05,22.33,71.85,0.01,0.0,0.0,4.1,
2026-03-29 04:00:00,2.06,21.6,73.59,0.096,0.0,0.0,4.1,
2026-03-29 04:10:00,0.04,21.82,72.33,0.046,0.0,0.0,4.1,
2026-03-29 04:20:00,1.36,21.99,74.02,0.048,0.0,0.0,4.09,
2026-03-29 04:30:00,2.31,21.8,70.94,0.076,0.0,0.0,4.09,
2026-03-29 04:40:00,1.81,22.3,71.78,0.045,0.0,0.0,4.09,
2026-03-29 04:50:00,1.42,21.84,72.15,0.044,0.0,0.0,4.09,
2026-03-29 05:00:00,2.36,22.48,72.14,0.046,0.0,0.0,4.09,
2026-03-29 05:10:00,2.02,21.65,71.28,0.112,0.0,0.0,4.09,
2026-03-29 05:20:00,1.77,21.7,73.38,0.087,0.0,0.0,4.08,
2026-03-29 05:30:00,1.36,21.55,71.04,0.015,0.0,0.0,4.08,
2026-03-29 05:40:00,1.47,21.87,73.71,0.082,0.0,0.0,4.08,
2026-03-29 05:50:00,20.0,22.51,71.6,4.658,0.0,0.0,4.08,
2026-03-29 06:00:00,43.73,22.42,68.2,4.811,0.0,0.0,4.08,
2026-03-29 06:10:00,71.3,22.87,68.08,4.9,0.019,0.094,4.08,
2026-03-29 06:20:00,115.13,23.55,68.01,4.855,0.013,0.065,4.08,
2026-03-29 06:30:00,121.56,24.07,66.23,4.98,0.029,0.146,4.07,
2026-03-29 06:40:00,158.34,23.58,67.59,4.906,0.062,0.305,4.07,
2026-03-29 06:50:00,187.35,24.04,63.11,4.952,0.053,0.263,4.08,
2026-03-29 07:00:00,208.82,25.08,62.79,5.039,0.075,0.379,4.08,
2026-03-29 07:10:00,255.97,24.91,62.99,5.11,0.094,0.479,4.08,
2026-03-29 07:20:00,236.26,25.4,59.52,5.054,0.094,0.478,4.08,
2026-03-29 07:30:00,265.74,25.66,58.16,5.105,0.105,0.536,4.08,
2026-03-29 07:40:00,331.75,26.0,58.54,5.303,0.085,0.453,4.08,
2026-03-29 07:50:00,324.78,26.74,56.73,5.255,0.106,0.555,4.08,
2026-03-29 08:00:00,354.02,26.95,57.27,5.202,0.112,0.581,4.08,
2026-03-29 08:10:00,370.54,27.31,53.95,5.322,0.11,0.583,4.09,
2026-03-29 08:20:00,444.45,26.96,57.15,5.386,0.133,0.714,4.09,
2026-03-29 08:30:00,436.51,27.84,55.69,5.331,0.15,0.798,4.09,
2026-03-29 08:40:00,460.57,27.68,54.49,5.494,0.147,0.81,4.09,
2026-03-29 08:50:00,490.74,28.4,51.61,5.453,0.157,0.859,4.1,
2026-03-29 09:00:00,523.78,28.38,51.75,5.492,0.178,0.979,4.1,
2026-03-29 09:10:00,545.88,28.76,52.67,5.48,0.17,0.933,4.1,
2026-03-29 09:20:00,498.53,29.46,49.54,5.538,0.179,0.991,4.1,
2026-03-29 09:30:00,575.12,28.92,49.88,5.703,0.19,1.082,4.11,
2026-03-29 09:40:00,581.41,29.25,48.98,5.624,0.177,0.995,4.11,
2026-03-29 09:50:00,617.35,29.85,48.28,5.727,0.197,1.126,4.11,
2026-03-29 10:00:00,538.63,30.32,49.32,5.535,0.185,1.025,4.12,
2026-03-29 10:10:00,574.24,30.16,49.07,5.682,0.203,1.155,4.12,
2026-03-29 10:20:00,581.59,30.64,44.92,5.622,0.197,1.109,4.12,
2026-03-29 10:30:00,607.5,30.86,47.56,5.554,0.101,0.563,4.12,
2026-03-29 10:40:00,652.71,30.78,46.2,5.761,0.104,0.599,4.12,
2026-03-29 10:50:00,668.03,30.51,46.61,5.822,0.119,0.692,4.13,
2026-03-29 11:00:00,688.82,30.65,43.23,5.71,0.122,0.697,4.13,
2026-03-29 11:10:00,676.21,30.47,44.23,5.76,0.14,0.806,4.13,
2026-03-29 11:20:00,667.6,30.45,46.15,5.746,0.106,0.61,4.13,
2026-03-29 11:30:00,657.48,31.13,44.52,5.742,0.116,0.664,4.13,
2026-03-29 11:40:00,657.92,30.83,43.18,5.837,0.11,0.64,4.14,
2026-03-29 11:50:00,702.82,30.79,45.1,5.854,0.11,0.642,4.14,
2026-03-29 12:00:00,624.44,30.71,43.13,5.731,0.112,0.645,4.14,
2026-03-29 12:10:00,722.84,30.9,44.55,5.749,0.115,0.658,4.14,
2026-03-29 12:20:00,696.44,30.84,45.71,5.809,0.115,0.671,4.14,
2026-03-29 12:30:00,604.3,31.38,43.53,5.645,0.101,0.568,4.15,
2026-03-29 12:40:00,706.13,31.02,43.76,5.792,0.142,0.825,4.15,
2026-03-29 12:50:00,702.63,31.09,44.72,5.737,0.118,0.677,4.15,
2026-03-29 13:00:00,644.55,30.28,45.11,5.736,0.13,0.745,4.15,
2026-03-29 13:10:00,659.5,30.68,44.09,5.72,0.131,0.748,4.15,
2026-03-29 13:20:00,657.18,30.69,45.36,5.662,0.124,0.701,4.16,
2026-03-29 13:30:00,631.74,29.93,47.74,5.685,0.093,0.528,4.16,
2026-03-29 13:40:00,647.52,30.19,46.58,5.776,0.111,0.639,4.16,
2026-03-29 13:50:00,585.85,29.76,47.11,5.593,0.109,0.612,4.16,
2026-03-29 14:00:00,631.32,29.5,49.16,5.733,0.106,0.608,4.16,
2026-03-29 14:10:00,601.97,29.2,49.17,5.675,0.1,0.567,4.16,
2026-03-29 14:20:00,588.22,29.95,47.8,5.703,0.091,0.521,4.17,
2026-03-29 14:30:00,563.96,29.22,51.45,5.692,0.096,0.545,4.17,
2026-03-29 14:40:00,551.91,28.72,48.15,5.561,0.101,0.563,4.17,
2026-03-29 14:50:00,539.1,28.85,49.41,5.601,0.096,0.535,4.17,
2026-03-29 15:00:00,507.88,28.59,49.84,5.474,0.097,0.528,4.17,
2026-03-29 15:10:00,477.35,28.58,53.96,5.462,0.082,0.45,4.17,
2026-03-29 15:20:00,477.66,28.31,54.5,5.401,0.097,0.522,4.17,
2026-03-29 15:30:00,442.7,27.38,53.42,5.382,0.086,0.465,4.18,
2026-03-29 15:40:00,422.77,27.36,56.23,5.356,0.087,0.465,4.18,
2026-03-29 15:50:00,419.79,27.4,53.91,5.378,0.066,0.356,4.18,
2026-03-29 16:00:00,345.25,27.11,56.23,5.268,0.048,0.25,4.18,
2026-03-29 16:10:00,365.63,26.11,56.87,5.223,0.066,0.346,4.18,
2026-03-29 16:20:00,343.86,25.72,59.73,5.255,0.069,0.363,4.18,
2026-03-29 16:30:00,269.33,25.43,60.69,5.088,0.053,0.269,4.18,
2026-03-29 16:40:00,268.55,25.31,62.36,5.093,0.027,0.14,4.18,
2026-03-29 16:50:00,217.35,24.88,62.56,5.12,0.033,0.168,4.18,
2026-03-29 17:00:00,218.74,24.35,64.61,5.073,0.037,0.186,4.18,
2026-03-29 17:10:00,187.8,24.8,63.08,4.994,0.027,0.137,4.18,
2026-03-29 17:20:00,168.47,23.81,66.7,4.859,0.013,0.063,4.18,
2026-03-29 17:30:00,105.51,23.71,68.57,4.895,0.003,0.014,4.18,
2026-03-29 17:40:00,105.53,23.6,67.87,4.865,0.024,0.117,4.17,
2026-03-29 17:50:00,90.83,23.22,69.21,4.876,0.014,0.069,4.17,
2026-03-29 18:00:00,48.27,23.06,71.35,4.823,0.0,0.0,4.17,
2026-03-29 18:10:00,28.48,22.43,72.08,4.638,0.004,0.017,4.17,
2026-03-29 18:20:00,1.58,22.19,73.41,0.052,0.0,0.0,4.17,
2026-03-29 18:30:00,0.06,22.07,69.83,0.099,0.0,0.0,4.17,
2026-03-29 18:40:00,0.06,21.73,71.68,0.031,0.0,0.0,4.16,
2026-03-29 18:50:00,0.67,22.17,71.24,0.055,0.0,0.0,4.16,
2026-03-29 19:00:00,2.0,22.27,72.33,0.043,0.0,0.0,4.16,
2026-03-29 19:10:00,2.64,22.37,70.47,0.093,0.0,0.0,4.16,
2026-03-29 19:20:00,0.62,21.68,69.92,0.072,0.0,0.0,4.16,
2026-03-29 19:30:00,2.53,22.28,72.18,0.115,0.0,0.0,4.16,
2026-03-29 19:40:00,0.98,21.82,70.81,0.025,0.0,0.0,4.16,
2026-03-29 19:50:00,0.91,21.92,70.99,0.112,0.0,0.0,4.15,
2026-03-29 20:00:00,0.65,21.86,70.4,0.108,0.0,0.0,4.15,
2026-03-29 20:10:00,1.32,22.33,71.45,0.053,0.0,0.0,4.15,
2026-03-29 20:20:00,2.23,22.24,71.47,0.054,0.0,0.0,4.15,
2026-03-29 20:30:00,1.2,21.71,71.47,0.098,0.0,0.0,4.15,
2026-03-29 20:40:00,0.28,21.68,73.82,0.087,0.0,0.0,4.15,
2026-03-29 20:50:00,0.37,22.26,70.33,0.059,0.0,0.0,4.14,
2026-03-29 21:00:00,1.81,22.25,71.19,0.023,0.0,0.0,4.14,
2026-03-29 21:10:00,2.96,22.3,71.38,0.031,0.0,0.0,4.14,
2026-03-29 21:20:00,0.34,21.96,69.83,0.096,0.0,0.0,4.14,
2026-03-29 21:30:00,1.2,22.36,71.36,0.113,0.0,0.0,4.14,
2026-03-29 21:40:00,2.51,21.93,73.53,0.036,0.0,0.0,4.14,
2026-03-29 21:50:00,3.0,21.58,72.63,0.047,0.0,0.0,4.13,
2026-03-29 22:00:00,1.41,22.45,71.01,0.078,0.0,0.0,4.13,
2026-03-29 22:10:00,0.97,21.64,70.9,0.068,0.0,0.0,4.13,
2026-03-29 22:20:00,0.38,21.66,72.86,0.091,0.0,0.0,4.13,
2026-03-29 22:30:00,0.18,22.3,73.61,0.079,0.0,0.0,4.13,
2026-03-29 22:40:00,1.12,21.91,70.49,0.021,0.0,0.0,4.13,
2026-03-29 22:50:00,2.81,22.47,73.06,0.097,0.0,0.0,4.12,
2026-03-29 23:00:00,0.54,22.38,70.28,0.019,0.0,0.0,4.12,
2026-03-29 23:10:00,1.49,21.81,72.55,0.109,0.0,0.0,4.12,
2026-03-29 23:20:00,0.8,21.82,73.25,0.04,0.0,0.0,4.12,
2026-03-29 23:30:00,2.67,21.53,73.64,0.11,0.0,0.0,4.12,
2026-03-29 23:40:00,0.14,21.88,72.43,0.063,0.0,0.0,4.12,
2026-03-29 23:50:00,0.47,21.51,73.75,0.011,0.0,0.0,4.12,
2026-04-08 13:43:50,-2.0,25.1,61.4,0.0,0.0,0.0,0.0,firebase
2026-04-08 13:43:52,-2.0,25.1,62.8,0.0,0.0,0.0,0.0,firebase
2026-04-08 13:43:57,-2.0,25.2,61.5,0.0,0.0,0.0,0.0,firebase
2026-04-08 13:44:02,-2.0,25.2,61.3,0.0,0.0,0.0,0.0,firebase
2026-04-08 13:44:07,-2.0,25.2,61.1,0.0,0.0,0.0,0.0,firebase
2026-04-08 13:44:12,-2.0,25.2,60.7,0.0,0.0,0.0,0.0,firebase
2026-04-08 13:44:17,-2.0,25.2,60.2,16.06,0.0,0.0,0.0,firebase
2026-04-08 13:44:22,-2.0,25.2,60.0,0.0,0.0,0.0,0.0,firebase
2026-04-08 13:44:29,-2.0,25.2,59.9,0.0,0.0,0.0,0.0,firebase
2026-04-08 13:44:34,-2.0,25.2,59.8,0.0,0.0,0.0,0.0,firebase
2026-04-08 13:44:39,-2.0,25.2,59.8,16.06,0.0,0.0,0.0,firebase
2026-04-08 13:44:44,-2.0,25.2,59.8,0.0,0.0,0.0,0.0,firebase
2026-04-08 13:44:49,-2.0,25.2,59.8,0.0,0.0,0.0,0.0,firebase
2026-04-08 13:44:54,-2.0,25.2,59.8,0.0,0.0,0.0,0.0,firebase
2026-04-08 13:44:59,-2.0,25.2,59.9,0.0,0.0,0.0,0.0,firebase
2026-04-08 13:45:04,-2.0,25.2,59.8,0.0,0.0,0.0,0.0,firebase
2026-04-08 13:45:09,-2.0,25.2,59.7,0.0,0.0,0.0,0.0,firebase
2026-04-08 13:45:14,-2.0,25.2,59.6,0.0,0.0,0.0,0.0,firebase
2026-04-08 13:45:19,-2.0,25.2,59.5,0.0,0.0,0.0,0.0,firebase
2026-04-08 13:45:25,-2.0,25.2,59.6,0.0,0.0,0.0,0.0,firebase
2026-04-08 13:45:30,-2.0,25.2,59.5,0.0,0.0,0.0,0.0,firebase
2026-04-08 13:45:39,-2.0,25.2,59.5,16.06,0.0,0.0,0.0,firebase
2026-04-08 13:45:49,-2.0,25.2,59.4,0.0,0.0,0.0,0.0,firebase
2026-04-09 07:43:46,823.33,28.9,46.1,8.352,0.0,0.0,0.0,firebase
2026-04-09 07:43:50,820.0,29.1,45.2,0.0,0.0,0.0,0.0,firebase
2026-04-09 07:43:55,815.0,29.1,45.2,0.0,0.0,0.0,0.0,firebase
2026-04-09 07:44:00,810.83,29.2,44.9,16.06,0.0,0.0,0.0,firebase
2026-04-09 07:44:05,806.67,29.3,44.7,16.06,0.0,0.0,0.0,firebase
2026-04-09 07:44:10,804.17,29.3,44.7,16.06,0.0,0.0,0.0,firebase
2026-04-09 07:44:15,800.0,29.4,44.6,16.06,0.0,0.0,0.0,firebase
2026-04-09 07:44:20,795.83,29.5,44.6,16.06,0.0,0.0,0.0,firebase
2026-04-09 07:44:25,792.5,29.5,44.5,0.0,0.0,0.0,0.0,firebase
2026-04-09 07:44:30,789.17,29.6,44.2,16.06,0.0,0.0,0.0,firebase
2026-04-09 07:44:35,789.17,29.7,44.1,16.06,0.0,0.0,0.0,firebase
2026-04-09 07:44:40,786.67,29.9,43.7,16.06,0.0,0.0,0.0,firebase
2026-04-09 07:44:47,785.83,30.0,43.5,0.0,0.0,0.0,0.0,firebase
2026-04-09 07:44:52,786.67,30.0,44.0,16.06,0.0,0.0,0.0,firebase
2026-04-09 07:44:57,786.67,30.1,43.9,16.06,0.0,0.0,0.0,firebase
2026-04-09 07:45:02,788.33,30.2,43.5,16.06,0.0,0.0,0.0,firebase
2026-04-09 07:45:07,790.0,30.3,43.4,16.06,0.0,0.0,0.0,firebase
2026-04-09 07:45:12,793.33,30.4,43.1,0.0,0.0,0.0,0.0,firebase
2026-04-09 07:45:17,800.0,30.4,42.9,16.06,0.0,0.0,0.0,firebase
2026-04-09 07:45:22,775.0,30.5,42.9,16.06,0.0,0.0,0.0,firebase
2026-04-09 07:45:27,320.0,30.4,42.8,16.06,0.0,0.0,0.0,firebase
2026-04-09 07:45:32,265.0,30.3,43.0,16.06,0.0,0.0,0.0,firebase
2026-04-09 07:45:37,257.5,30.0,42.3,16.06,0.0,0.0,0.0,firebase
2026-04-09 07:45:42,249.17,29.9,43.0,0.0,0.0,0.0,0.0,firebase
2026-04-09 07:45:47,245.83,29.8,43.3,0.0,0.0,0.0,0.0,firebase
2026-04-09 07:45:52,244.17,0.0,0.0,16.06,0.0,0.0,0.0,firebase
2026-04-09 07:45:57,245.0,29.6,43.6,0.0,0.0,0.0,0.0,firebase
2026-04-09 07:46:02,248.33,29.5,44.0,16.06,0.0,0.0,0.0,firebase
2026-04-09 07:46:07,252.5,29.4,44.0,16.06,0.0,0.0,0.0,firebase
2026-04-09 07:46:12,256.67,29.4,44.1,0.0,0.0,0.0,0.0,firebase
2026-04-09 07:46:17,260.0,29.3,44.2,0.0,0.0,0.0,0.0,firebase
2026-04-09 07:46:22,262.5,29.3,44.3,0.0,0.0,0.0,0.0,firebase
2026-04-09 07:46:27,268.33,29.3,44.4,16.06,0.0,0.0,0.0,firebase
2026-04-09 07:46:32,279.17,29.3,44.5,0.0,0.0,0.0,0.0,firebase
2026-04-09 07:46:37,293.33,29.3,44.3,16.06,0.0,0.0,0.0,firebase
2026-04-09 07:46:42,317.5,29.2,44.3,0.0,0.0,0.0,0.0,firebase
2026-04-09 07:46:47,325.83,29.2,44.3,16.06,0.0,0.0,0.0,firebase
2026-04-09 07:46:52,349.17,29.2,44.4,16.06,0.0,0.0,0.0,firebase
2026-04-09 07:46:57,475.83,29.1,44.4,16.06,0.0,0.0,0.0,firebase
2026-04-09 07:47:02,502.5,29.2,44.5,16.06,0.0,0.0,0.0,firebase
2026-04-09 07:47:07,656.67,29.2,44.4,0.0,0.0,0.0,0.0,firebase
2026-04-09 07:47:13,466.67,29.3,44.3,16.06,0.0,0.0,0.0,firebase
2026-04-09 07:47:18,581.67,29.3,44.3,0.0,0.0,0.0,0.0,firebase
2026-04-09 07:47:23,494.17,29.3,44.3,16.06,0.0,0.0,0.0,firebase
2026-04-09 07:47:28,602.5,29.3,44.3,16.06,0.0,0.0,0.0,firebase
2026-04-09 07:47:33,390.0,29.3,44.2,16.06,0.0,0.0,0.0,firebase
2026-04-09 07:47:38,755.0,29.2,44.3,16.06,0.0,0.0,0.0,firebase
2026-04-09 07:47:50,665.0,29.7,44.0,0.0,0.0,0.0,0.0,firebase
2026-04-09 07:47:55,755.83,29.8,43.9,8.36,0.0,0.0,0.0,firebase
2026-04-09 07:48:00,761.67,29.9,43.8,0.0,0.0,0.0,0.0,firebase
2026-04-09 07:48:06,764.17,30.2,43.6,0.0,0.0,0.0,0.0,firebase
2026-04-09 07:48:11,760.0,30.3,43.2,16.06,0.0,0.0,0.0,firebase
2026-04-09 07:48:16,765.83,30.3,42.9,0.0,0.0,0.0,0.0,firebase
2026-04-09 07:48:21,760.0,30.4,42.9,0.0,0.0,0.0,0.0,firebase
2026-04-09 07:49:30,476.67,30.7,42.5,0.0,0.0,0.0,0.0,firebase
2026-04-09 07:49:35,537.5,30.8,42.5,16.06,0.0,0.0,0.0,firebase
2026-04-09 07:49:40,749.17,31.0,42.4,0.0,0.0,0.0,0.0,firebase
2026-04-09 07:49:45,764.17,31.1,42.0,0.0,0.0,0.0,0.0,firebase
2026-04-09 07:49:50,726.67,31.3,41.8,8.36,0.0,0.0,0.0,firebase
2026-04-09 07:49:55,750.83,31.5,41.4,0.0,0.0,0.0,0.0,firebase
2026-04-09 07:50:00,751.67,31.6,41.0,8.36,0.0,0.0,0.0,firebase
2026-04-09 07:50:05,746.67,31.9,40.7,0.0,0.0,0.0,0.0,firebase
2026-04-09 07:50:10,744.17,32.0,40.6,0.0,0.0,0.0,0.0,firebase
2026-04-09 07:50:15,741.67,32.1,40.0,0.0,0.0,0.0,0.0,firebase
2026-04-09 07:50:20,739.17,32.3,39.7,0.0,0.0,0.0,0.0,firebase
2026-04-09 07:51:21,730.0,32.9,38.8,0.164,0.0,0.0,0.0,firebase
2026-04-09 07:51:27,724.17,32.8,38.7,0.0,0.0,0.0,0.0,firebase
2026-04-09 07:52:51,722.5,32.2,42.0,8.258,0.0,0.0,0.0,firebase
2026-04-09 07:52:54,722.5,32.0,40.5,16.06,0.0,0.0,0.0,firebase
2026-04-09 07:52:59,722.5,31.9,40.3,0.0,0.0,0.0,0.0,firebase
2026-04-09 07:53:04,722.5,31.8,40.1,16.06,0.0,0.0,0.0,firebase
2026-04-09 07:53:09,723.33,31.7,40.2,16.06,0.0,0.0,0.0,firebase
2026-04-09 07:53:14,723.33,31.5,40.4,0.0,0.0,0.0,0.0,firebase
2026-04-09 07:53:19,723.33,31.3,40.6,16.06,0.0,0.0,0.0,firebase
2026-04-09 07:53:24,724.17,31.2,40.7,16.06,0.0,0.0,0.0,firebase
2026-04-09 07:53:29,724.17,31.1,40.9,0.0,0.0,0.0,0.0,firebase
2026-04-09 07:53:34,724.17,30.9,41.3,16.06,0.0,0.0,0.0,firebase
2026-04-09 07:53:39,721.67,30.7,41.6,16.06,0.0,0.0,0.0,firebase
2026-04-09 07:53:44,722.5,30.6,41.9,16.06,0.0,0.0,0.0,firebase
2026-04-09 07:53:49,715.83,30.4,42.1,0.0,0.0,0.0,0.0,firebase
2026-04-09 07:53:54,721.67,30.3,42.3,16.06,0.0,0.0,0.0,firebase
2026-04-09 07:53:59,721.67,30.3,42.5,0.0,0.0,0.0,0.0,firebase
2026-04-09 07:54:04,720.83,30.2,42.7,0.0,0.0,0.0,0.0,firebase
2026-04-09 07:54:09,720.83,30.1,42.9,0.0,0.0,0.0,0.0,firebase
2026-04-09 07:54:18,719.17,29.9,42.4,0.0,0.0,0.0,0.0,firebase
2026-04-09 07:54:23,720.0,29.8,42.6,16.06,0.0,0.0,0.0,firebase
2026-04-09 07:54:28,719.17,29.7,42.7,16.06,0.0,0.0,0.0,firebase
2026-04-09 07:54:33,718.33,29.6,43.0,0.0,0.0,0.0,0.0,firebase
2026-04-09 07:54:38,718.33,29.5,43.3,0.0,0.0,0.0,0.0,firebase
2026-04-09 07:54:43,718.33,0.0,0.0,16.06,0.0,0.0,0.0,firebase
2026-04-09 07:54:48,718.33,0.0,0.0,16.06,0.0,0.0,0.0,firebase
2026-04-09 07:54:53,725.83,0.0,0.0,16.06,0.0,0.0,0.0,firebase
2026-04-09 07:54:58,721.67,0.0,0.0,0.0,0.0,0.0,0.0,firebase
2026-04-09 07:55:34,708.33,0.0,0.0,0.0,0.0,0.0,0.0,firebase
2026-04-09 07:55:47,712.5,0.0,0.0,0.0,0.0,0.0,0.0,firebase
2026-04-09 07:55:52,714.17,0.0,0.0,16.06,0.0,0.0,0.0,firebase
2026-04-09 07:55:57,715.83,0.0,0.0,16.06,0.0,0.0,0.0,firebase
2026-04-09 07:56:02,715.83,0.0,0.0,0.0,0.0,0.0,0.0,firebase
2026-04-09 07:56:07,714.17,0.0,0.0,0.0,0.0,0.0,0.0,firebase
2026-04-09 07:56:12,711.67,0.0,0.0,16.06,0.0,0.0,0.0,firebase
2026-04-09 07:56:17,708.33,0.0,0.0,16.06,0.0,0.0,0.0,firebase
2026-04-09 07:56:22,705.0,0.0,0.0,0.0,0.0,0.0,0.0,firebase
2026-04-09 07:59:08,651.67,0.0,0.0,0.0,0.0,0.0,0.0,firebase
2026-04-09 07:59:13,631.67,0.0,0.0,0.0,0.0,0.0,0.0,firebase
2026-04-09 07:59:57,690.83,0.0,0.0,0.0,0.0,0.0,0.0,firebase
2026-04-09 08:00:21,693.33,0.0,0.0,0.0,0.0,0.0,0.0,firebase
2026-04-09 08:00:34,692.5,0.0,0.0,0.0,0.0,0.0,0.0,firebase
2026-04-09 08:00:39,692.5,0.0,0.0,0.0,0.0,0.0,0.0,firebase
2026-04-09 08:00:44,691.67,0.0,0.0,0.0,0.0,0.0,0.0,firebase
2026-04-09 08:00:49,690.83,0.0,0.0,0.0,0.0,0.0,0.0,firebase
2026-04-09 08:00:54,690.83,0.0,0.0,0.0,0.0,0.0,0.0,firebase
2026-04-09 08:00:59,691.67,0.0,0.0,0.0,0.0,0.0,0.0,firebase
2026-04-09 08:01:04,690.0,0.0,0.0,16.06,0.0,0.0,0.0,firebase
2026-04-09 08:01:09,687.5,0.0,0.0,8.36,0.0,0.0,0.0,firebase
2026-04-09 08:01:21,687.5,0.0,0.0,0.0,0.0,0.0,0.0,firebase
2026-04-09 08:01:26,687.5,0.0,0.0,0.0,0.0,0.0,0.0,firebase
2026-04-09 08:01:31,687.5,0.0,0.0,8.36,0.0,0.0,0.0,firebase
2026-04-09 08:01:36,688.33,0.0,0.0,0.0,0.0,0.0,0.0,firebase
2026-04-09 08:01:48,685.0,0.0,0.0,0.0,0.0,0.0,0.0,firebase
2026-04-09 08:01:53,688.33,0.0,0.0,0.0,0.0,0.0,0.0,firebase
2026-04-09 08:01:58,690.83,0.0,0.0,0.0,0.0,0.0,0.0,firebase
2026-04-09 08:02:03,690.83,0.0,0.0,0.0,0.0,0.0,0.0,firebase
2026-04-09 08:02:08,693.33,0.0,0.0,8.36,0.0,0.0,0.0,firebase
2026-04-09 08:02:30,700.0,0.0,0.0,0.0,0.0,0.0,0.0,firebase
2026-04-09 08:02:35,700.0,0.0,0.0,0.0,0.0,0.0,0.0,firebase
2026-04-09 08:02:40,700.83,0.0,0.0,0.0,0.0,0.0,0.0,firebase
2026-04-09 08:02:45,700.83,0.0,0.0,0.0,0.0,0.0,0.0,firebase
2026-04-09 08:02:50,701.67,0.0,0.0,0.0,0.0,0.0,0.0,firebase
2026-04-09 08:02:55,700.83,0.0,0.0,0.0,0.0,0.0,0.0,firebase
2026-04-09 08:03:02,700.0,0.0,0.0,0.0,0.0,0.0,0.0,firebase
2026-04-09 08:03:07,700.83,0.0,0.0,0.0,0.0,0.0,0.0,firebase
2026-04-09 08:03:12,697.5,0.0,0.0,8.36,0.0,0.0,0.0,firebase
2026-04-09 08:03:17,437.5,0.0,0.0,0.0,0.0,0.0,0.0,firebase
2026-04-09 08:03:22,602.5,0.0,0.0,0.0,0.0,0.0,0.0,firebase
2026-04-09 08:03:27,701.67,0.0,0.0,0.0,0.0,0.0,0.0,firebase
2026-04-09 08:03:32,701.67,0.0,0.0,0.0,0.0,0.0,0.0,firebase
2026-04-09 08:03:37,702.5,0.0,0.0,0.0,0.0,0.0,0.0,firebase
2026-04-09 08:03:42,703.33,0.0,0.0,8.36,0.0,0.0,0.0,firebase
2026-04-09 08:03:47,703.33,0.0,0.0,8.36,0.0,0.0,0.0,firebase
2026-04-09 08:03:52,704.17,0.0,0.0,0.0,0.0,0.0,0.0,firebase
2026-04-09 08:03:57,705.0,0.0,0.0,0.0,0.0,0.0,0.0,firebase
2026-04-09 08:04:02,705.83,0.0,0.0,0.0,0.0,0.0,0.0,firebase
2026-04-09 08:04:07,707.5,0.0,0.0,0.0,0.0,0.0,0.0,firebase
2026-04-09 08:04:12,708.33,0.0,0.0,0.0,0.0,0.0,0.0,firebase
2026-04-09 08:04:17,710.83,0.0,0.0,0.0,0.0,0.0,0.0,firebase
2026-04-09 08:04:22,710.83,0.0,0.0,0.0,0.0,0.0,0.0,firebase
2026-04-09 08:04:27,712.5,0.0,0.0,0.0,0.0,0.0,0.0,firebase
2026-04-09 08:04:32,713.33,0.0,0.0,0.0,0.0,0.0,0.0,firebase
2026-04-09 08:04:37,713.33,0.0,0.0,0.0,0.0,0.0,0.0,firebase
2026-04-09 08:04:42,715.0,0.0,0.0,8.36,0.0,0.0,0.0,firebase
2026-04-09 08:04:47,715.83,0.0,0.0,0.0,0.0,0.0,0.0,firebase
2026-04-09 08:04:52,716.67,0.0,0.0,0.0,0.0,0.0,0.0,firebase
2026-04-09 08:04:57,717.5,0.0,0.0,0.0,0.0,0.0,0.0,firebase
2026-04-09 08:05:02,717.5,0.0,0.0,0.0,0.0,0.0,0.0,firebase
2026-04-09 08:05:07,718.33,0.0,0.0,8.36,0.0,0.0,0.0,firebase
2026-04-09 08:05:12,718.33,0.0,0.0,0.0,0.0,0.0,0.0,firebase
2026-04-09 08:05:24,718.33,0.0,0.0,0.0,0.0,0.0,0.0,firebase
2026-04-09 08:05:36,716.67,0.0,0.0,0.0,0.0,0.0,0.0,firebase
2026-04-09 08:05:41,716.67,0.0,0.0,0.0,0.0,0.0,0.0,firebase
2026-04-09 08:05:46,715.0,0.0,0.0,0.0,0.0,0.0,0.0,firebase
2026-04-09 08:05:51,713.33,0.0,0.0,0.0,0.0,0.0,0.0,firebase
2026-04-09 08:05:56,712.5,0.0,0.0,0.0,0.0,0.0,0.0,firebase
2026-04-09 08:06:01,711.67,0.0,0.0,8.36,0.0,0.0,0.0,firebase
2026-04-09 08:06:14,710.0,0.0,0.0,0.0,0.0,0.0,0.0,firebase
2026-04-09 08:06:18,710.0,0.0,0.0,8.36,0.0,0.0,0.0,firebase
2026-04-09 08:06:23,709.17,0.0,0.0,0.0,0.0,0.0,0.0,firebase
2026-04-09 08:06:28,710.0,0.0,0.0,0.0,0.0,0.0,0.0,firebase
2026-04-09 08:06:33,708.33,0.0,0.0,0.0,0.0,0.0,0.0,firebase
2026-04-09 08:06:52,705.83,0.0,0.0,0.0,0.0,0.0,0.0,firebase
2026-04-09 08:06:57,705.0,0.0,0.0,0.0,0.0,0.0,0.0,firebase
2026-04-09 08:07:02,703.33,0.0,0.0,0.0,0.0,0.0,0.0,firebase
2026-04-09 08:07:21,699.17,0.0,0.0,0.0,0.0,0.0,0.0,firebase
2026-04-09 08:07:26,699.17,0.0,0.0,8.36,0.0,0.0,0.0,firebase
2026-04-09 08:07:31,702.5,0.0,0.0,0.0,0.0,0.0,0.0,firebase
2026-04-09 08:07:36,705.83,0.0,0.0,0.0,0.0,0.0,0.0,firebase
2026-04-09 08:07:41,688.33,0.0,0.0,0.0,0.0,0.0,0.0,firebase
2026-04-09 08:07:46,704.17,0.0,0.0,0.0,0.0,0.0,0.0,firebase
2026-04-09 08:07:51,700.83,0.0,0.0,0.0,0.0,0.0,0.0,firebase
2026-04-09 08:07:56,700.0,0.0,0.0,8.36,0.0,0.0,0.0,firebase
2026-04-09 08:08:01,700.83,0.0,0.0,0.0,0.0,0.0,0.0,firebase
2026-04-09 08:08:06,700.83,0.0,0.0,0.0,0.0,0.0,0.0,firebase
2026-04-09 08:08:11,700.0,0.0,0.0,0.0,0.0,0.0,0.0,firebase
2026-04-09 08:08:16,699.17,0.0,0.0,0.0,0.0,0.0,0.0,firebase
2026-04-09 08:08:21,645.0,0.0,0.0,0.0,0.0,0.0,0.0,firebase
2026-04-09 08:08:26,668.33,0.0,0.0,8.36,0.0,0.0,0.0,firebase
2026-04-09 08:08:31,688.33,0.0,0.0,0.0,0.0,0.0,0.0,firebase
2026-04-09 08:08:36,686.67,0.0,0.0,0.0,0.0,0.0,0.0,firebase
2026-04-09 08:08:43,685.0,0.0,0.0,0.0,0.0,0.0,0.0,firebase
2026-04-09 08:08:48,685.0,0.0,0.0,0.0,0.0,0.0,0.0,firebase
2026-04-09 08:08:53,685.0,0.0,0.0,0.0,0.0,0.0,0.0,firebase
2026-04-09 08:08:58,685.0,0.0,0.0,0.0,0.0,0.0,0.0,firebase
2026-04-09 08:09:03,684.17,0.0,0.0,0.0,0.0,0.0,0.0,firebase
2026-04-09 08:09:08,682.5,0.0,0.0,0.0,0.0,0.0,0.0,firebase
2026-04-09 08:09:27,684.17,0.0,0.0,0.0,0.0,0.0,0.0,firebase
2026-04-09 08:09:32,681.67,0.0,0.0,0.0,0.0,0.0,0.0,firebase
2026-04-09 08:09:37,683.33,0.0,0.0,0.0,0.0,0.0,0.0,firebase
2026-04-09 08:09:42,683.33,0.0,0.0,0.0,0.0,0.0,0.0,firebase
2026-04-09 08:09:48,684.17,0.0,0.0,0.0,0.0,0.0,0.0,firebase
2026-04-09 08:09:53,684.17,0.0,0.0,0.0,0.0,0.0,0.0,firebase
2026-04-09 08:09:58,685.0,0.0,0.0,0.0,0.0,0.0,0.0,firebase
2026-04-09 08:10:03,684.17,0.0,0.0,8.36,0.0,0.0,0.0,firebase
2026-04-09 08:10:08,685.0,0.0,0.0,0.0,0.0,0.0,0.0,firebase
2026-04-09 08:10:25,688.33,0.0,0.0,0.0,0.0,0.0,0.0,firebase
2026-04-09 08:10:30,689.17,0.0,0.0,8.36,0.0,0.0,0.0,firebase
2026-04-09 08:10:35,690.0,0.0,0.0,0.0,0.0,0.0,0.0,firebase
2026-04-09 08:10:40,690.0,0.0,0.0,0.0,0.0,0.0,0.0,firebase
2026-04-09 08:10:45,692.5,0.0,0.0,0.0,0.0,0.0,0.0,firebase
2026-04-09 08:10:50,693.33,0.0,0.0,0.0,0.0,0.0,0.0,firebase
2026-04-09 08:11:00,695.83,0.0,0.0,0.0,0.0,0.0,0.0,firebase
2026-04-09 08:11:05,696.67,0.0,0.0,0.0,0.0,0.0,0.0,firebase
2026-04-09 08:11:10,700.0,0.0,0.0,0.0,0.0,0.0,0.0,firebase
2026-04-09 08:11:15,703.33,0.0,0.0,0.0,0.0,0.0,0.0,firebase
2026-04-09 08:11:20,705.0,0.0,0.0,0.0,0.0,0.0,0.0,firebase
2026-04-09 08:11:25,706.67,0.0,0.0,0.0,0.0,0.0,0.0,firebase
2026-04-09 08:11:30,710.0,0.0,0.0,0.0,0.0,0.0,0.0,firebase
2026-04-09 08:11:35,712.5,0.0,0.0,0.0,0.0,0.0,0.0,firebase
2026-04-09 08:11:40,719.17,0.0,0.0,0.0,0.0,0.0,0.0,firebase
2026-04-09 08:11:50,729.17,0.0,0.0,0.0,0.0,0.0,0.0,firebase
2026-04-09 08:11:58,744.17,0.0,0.0,16.06,0.0,0.0,0.0,firebase
2026-04-09 08:12:04,738.33,0.0,0.0,0.0,0.0,0.0,0.0,firebase
2026-04-09 08:12:09,382.5,0.0,0.0,0.0,0.0,0.0,0.0,firebase
2026-04-09 08:12:14,301.67,0.0,0.0,0.0,0.0,0.0,0.0,firebase
2026-04-09 08:12:19,294.17,0.0,0.0,8.36,0.0,0.0,0.0,firebase
2026-04-09 08:12:25,287.5,0.0,0.0,0.0,0.0,0.0,0.0,firebase
2026-04-09 08:12:30,282.5,0.0,0.0,0.0,0.0,0.0,0.0,firebase
2026-04-09 08:12:38,294.17,0.0,0.0,0.0,0.0,0.0,0.0,firebase
2026-04-09 08:12:42,306.67,0.0,0.0,0.0,0.0,0.0,0.0,firebase
2026-04-09 08:12:47,344.17,0.0,0.0,0.0,0.0,0.0,0.0,firebase
2026-04-09 08:12:52,325.83,0.0,0.0,0.0,0.0,0.0,0.0,firebase
2026-04-09 08:12:57,309.17,0.0,0.0,0.0,0.0,0.0,0.0,firebase
2026-04-09 08:13:02,310.83,0.0,0.0,0.0,0.0,0.0,0.0,firebase
2026-04-09 08:13:07,289.17,0.0,0.0,16.06,0.0,0.0,0.0,firebase
2026-04-09 08:13:18,302.5,0.0,0.0,0.0,0.0,0.0,0.0,firebase
2026-04-09 08:13:24,298.33,0.0,0.0,0.0,0.0,0.0,0.0,firebase
2026-04-09 08:13:28,295.83,0.0,0.0,0.0,0.0,0.0,0.0,firebase
2026-04-09 08:13:34,285.83,0.0,0.0,8.36,0.0,0.0,0.0,firebase
2026-04-09 08:13:39,282.5,0.0,0.0,0.0,0.0,0.0,0.0,firebase
2026-04-09 08:13:44,280.83,0.0,0.0,0.0,0.0,0.0,0.0,firebase
2026-04-09 08:13:49,285.0,0.0,0.0,8.36,0.0,0.0,0.0,firebase
2026-04-09 08:13:54,291.67,0.0,0.0,16.06,0.0,0.0,0.0,firebase
2026-04-09 08:13:59,298.33,0.0,0.0,16.06,0.0,0.0,0.0,firebase
2026-04-09 08:14:04,311.67,0.0,0.0,0.0,0.0,0.0,0.0,firebase
2026-04-09 08:14:09,362.5,0.0,0.0,0.0,0.0,0.0,0.0,firebase
2026-04-09 08:14:14,611.67,0.0,0.0,0.0,0.0,0.0,0.0,firebase
2026-04-09 08:14:20,498.33,0.0,0.0,8.36,0.0,0.0,0.0,firebase
2026-04-09 08:14:25,475.83,0.0,0.0,8.36,0.0,0.0,0.0,firebase
2026-04-09 08:14:30,608.33,0.0,0.0,8.36,0.0,0.0,0.0,firebase
2026-04-09 08:14:35,500.83,0.0,0.0,0.0,0.0,0.0,0.0,firebase
2026-04-09 08:14:40,359.17,0.0,0.0,8.36,0.0,0.0,0.0,firebase
2026-04-09 08:14:45,365.0,0.0,0.0,16.06,0.0,0.0,0.0,firebase
2026-04-09 08:14:59,260.83,0.0,0.0,0.0,0.0,0.0,0.0,firebase
2026-04-09 08:15:13,258.33,0.0,0.0,0.0,0.0,0.0,0.0,firebase
2026-04-09 08:15:18,259.17,0.0,0.0,8.36,0.0,0.0,0.0,firebase
2026-04-09 08:15:23,270.83,0.0,0.0,0.0,0.0,0.0,0.0,firebase
2026-04-09 08:15:28,265.0,0.0,0.0,0.0,0.0,0.0,0.0,firebase
2026-04-09 08:15:33,387.5,0.0,0.0,0.0,0.0,0.0,0.0,firebase
2026-04-09 08:15:38,478.33,0.0,0.0,8.36,0.0,0.0,0.0,firebase
2026-04-09 08:15:43,519.17,0.0,0.0,0.0,0.0,0.0,0.0,firebase
2026-04-09 08:15:48,544.17,0.0,0.0,16.06,0.0,0.0,0.0,firebase
2026-04-09 08:15:53,390.0,0.0,0.0,0.0,0.0,0.0,0.0,firebase
2026-04-09 08:15:58,335.83,0.0,0.0,0.0,0.0,0.0,0.0,firebase
2026-04-09 08:16:03,300.83,0.0,0.0,0.0,0.0,0.0,0.0,firebase
2026-04-09 08:16:08,520.0,0.0,0.0,8.36,0.0,0.0,0.0,firebase
2026-04-09 08:16:13,327.5,0.0,0.0,0.0,0.0,0.0,0.0,firebase
2026-04-09 08:16:18,268.33,0.0,0.0,0.0,0.0,0.0,0.0,firebase
2026-04-09 08:16:23,255.83,0.0,0.0,8.36,0.0,0.0,0.0,firebase
2026-04-09 08:16:28,252.5,0.0,0.0,0.0,0.0,0.0,0.0,firebase
2026-04-09 08:16:33,250.83,0.0,0.0,0.0,0.0,0.0,0.0,firebase
2026-04-09 08:16:38,250.83,0.0,0.0,0.0,0.0,0.0,0.0,firebase
2026-04-09 08:16:43,250.83,0.0,0.0,0.0,0.0,0.0,0.0,firebase
2026-04-09 09:49:05,209.17,25.6,52.4,8.188,0.0,0.0,0.0,firebase
2026-04-09 09:49:07,204.17,25.6,52.5,16.388,0.0,0.0,0.0,firebase
2026-04-09 09:49:12,204.17,25.6,52.7,0.0,0.0,0.0,0.0,firebase
2026-04-09 09:49:17,207.5,25.5,52.7,0.0,0.0,0.0,0.0,firebase
2026-04-09 09:49:22,209.17,25.5,52.7,16.388,0.0,0.0,0.0,firebase
2026-04-09 09:49:27,223.33,25.5,52.7,16.388,0.0,0.0,0.0,firebase
2026-04-09 09:49:32,238.33,25.5,52.8,0.0,0.0,0.0,0.0,firebase
2026-04-09 09:49:37,245.83,25.4,52.9,16.388,0.0,0.0,0.0,firebase
2026-04-09 09:49:42,248.33,25.4,53.0,0.0,0.0,0.0,0.0,firebase
2026-04-09 09:49:47,250.0,25.4,52.9,16.388,0.0,0.0,0.0,firebase
2026-04-09 09:49:52,250.0,25.4,52.9,0.0,0.0,0.0,0.0,firebase
2026-04-09 09:49:57,250.0,25.4,53.0,16.388,0.0,0.0,0.0,firebase
2026-04-10 05:24:35,833.33,0.0,0.0,8.096,0.0,0.0,0.0,firebase
2026-04-10 05:25:27,855.0,0.0,0.0,0.0,0.0,0.0,0.0,firebase
2026-04-10 05:25:40,855.83,0.0,0.0,0.0,0.0,0.0,0.0,firebase
2026-04-10 05:25:45,855.0,0.0,0.0,0.0,0.0,0.0,0.0,firebase
2026-04-10 05:25:51,853.33,0.0,0.0,0.0,0.0,0.0,0.0,firebase
2026-04-10 05:26:00,848.33,0.0,0.0,0.0,0.0,0.0,0.0,firebase
2026-04-10 05:26:05,845.83,0.0,0.0,0.0,0.0,0.0,0.0,firebase
2026-04-10 05:26:11,843.33,0.0,0.0,16.06,0.0,0.0,0.0,firebase
2026-04-10 05:26:15,843.33,0.0,0.0,16.06,0.0,0.0,0.0,firebase
2026-04-10 05:26:20,842.5,0.0,0.0,0.0,0.0,0.0,0.0,firebase
2026-04-10 05:26:27,844.17,0.0,0.0,0.0,0.0,0.0,0.0,firebase
2026-04-10 05:26:31,847.5,0.0,0.0,0.0,0.0,0.0,0.0,firebase
2026-04-10 05:26:40,853.33,0.0,0.0,0.0,0.0,0.0,0.0,firebase
2026-04-10 05:26:57,848.33,0.0,0.0,0.0,0.0,0.0,0.0,firebase
2026-04-10 05:27:02,857.5,0.0,0.0,0.0,0.0,0.0,0.0,firebase
2026-04-10 05:27:14,865.83,0.0,0.0,0.0,0.0,0.0,0.0,firebase
2026-04-10 05:27:19,869.17,0.0,0.0,0.0,0.0,0.0,0.0,firebase
2026-04-10 05:27:44,864.17,0.0,0.0,0.0,0.0,0.0,0.0,firebase
2026-04-10 05:27:49,859.17,0.0,0.0,0.0,0.0,0.0,0.0,firebase
2026-04-10 05:27:54,855.83,0.0,0.0,0.0,0.0,0.0,0.0,firebase
2026-04-10 05:27:59,851.67,0.0,0.0,0.0,0.0,0.0,0.0,firebase
2026-04-10 05:28:04,848.33,0.0,0.0,0.0,0.0,0.0,0.0,firebase
2026-04-10 05:28:11,850.0,0.0,0.0,16.06,0.0,0.0,0.0,firebase
2026-04-10 05:28:16,853.33,0.0,0.0,16.06,0.0,0.0,0.0,firebase
2026-04-10 05:28:21,858.33,0.0,0.0,16.06,0.0,0.0,0.0,firebase
2026-04-10 05:31:59,111.67,0.0,0.0,0.66,0.0,0.0,0.0,firebase
2026-04-10 05:32:06,120.0,0.0,0.0,0.0,0.0,0.0,0.0,firebase
2026-04-10 05:32:11,118.33,0.0,0.0,16.388,0.0,0.0,0.0,firebase
2026-04-10 05:32:16,119.17,0.0,0.0,16.06,0.0,0.0,0.0,firebase
2026-04-10 05:32:21,117.5,0.0,0.0,0.0,0.0,0.0,0.0,firebase
2026-04-10 06:02:08,995.83,22.0,64.1,8.188,0.0,0.0,0.0,firebase
2026-04-10 06:02:11,983.33,22.0,65.9,16.06,0.0,0.0,0.0,firebase
2026-04-10 06:02:16,1032.5,22.0,67.1,8.196,0.0,0.0,0.0,firebase
2026-04-10 06:02:21,1015.0,22.0,66.1,0.0,0.0,0.0,0.0,firebase
2026-04-10 06:02:26,570.0,22.0,64.8,0.0,0.0,0.0,0.0,firebase
2026-04-10 06:02:31,676.67,22.1,64.1,8.196,0.0,0.0,0.0,firebase
2026-04-10 06:02:36,966.67,22.1,63.4,0.0,0.0,0.0,0.0,firebase
2026-04-10 06:02:41,969.17,22.0,63.0,0.0,0.0,0.0,0.0,firebase
2026-04-10 06:02:46,948.33,22.0,62.8,0.0,0.0,0.0,0.0,firebase
2026-04-10 06:02:51,912.5,22.0,62.5,8.196,0.0,0.0,0.0,firebase
2026-04-10 06:02:56,890.83,21.9,62.3,0.0,0.0,0.0,0.0,firebase
2026-04-10 06:03:01,861.67,21.8,61.9,0.0,0.0,0.0,0.0,firebase
2026-04-10 06:03:06,844.17,21.8,62.1,8.196,0.0,0.0,0.0,firebase
2026-04-10 06:03:11,855.83,21.6,62.5,0.0,0.0,0.0,0.0,firebase
2026-04-10 06:03:16,845.0,21.6,62.5,0.0,0.0,0.0,0.0,firebase
2026-04-10 06:03:21,825.83,21.5,62.4,8.196,0.0,0.0,0.0,firebase
2026-04-10 06:03:26,807.5,21.4,62.7,8.196,0.0,0.0,0.0,firebase
2026-04-10 06:03:31,788.33,21.4,62.8,0.0,0.0,0.0,0.0,firebase
2026-04-10 06:03:36,770.0,21.3,63.0,0.0,0.0,0.0,0.0,firebase
2026-04-10 06:03:41,746.67,21.2,63.5,0.0,0.0,0.0,0.0,firebase
2026-04-10 06:03:46,730.0,21.1,63.6,0.0,0.0,0.0,0.0,firebase
2026-04-10 06:03:51,718.33,21.1,64.0,0.0,0.0,0.0,0.0,firebase
2026-04-10 06:03:56,694.17,21.1,64.0,0.0,0.0,0.0,0.0,firebase
2026-04-10 06:04:01,680.0,21.1,64.0,0.0,0.0,0.0,0.0,firebase
2026-04-10 06:04:06,391.67,21.1,64.0,0.0,0.0,0.0,0.0,firebase
2026-04-10 06:04:11,165.0,21.1,64.9,0.0,0.0,0.0,0.0,firebase
2026-04-10 06:04:16,141.67,21.1,65.8,8.196,0.0,0.0,0.0,firebase
2026-04-10 06:04:21,157.5,21.1,65.4,0.0,0.0,0.0,0.0,firebase
2026-04-10 06:04:26,144.17,21.2,65.0,0.0,0.0,0.0,0.0,firebase
2026-04-10 06:04:31,141.67,21.1,64.5,0.0,0.0,0.0,0.0,firebase
2026-04-10 06:04:36,141.67,21.2,64.2,0.0,0.0,0.0,0.0,firebase
2026-04-10 06:04:41,138.33,21.2,64.0,8.196,0.0,0.0,0.0,firebase
2026-04-10 06:04:46,135.83,21.2,64.2,0.0,0.0,0.0,0.0,firebase
2026-04-10 06:04:51,134.17,21.1,64.2,8.196,0.0,0.0,0.0,firebase
2026-04-10 06:04:56,132.5,21.1,64.3,0.0,0.0,0.0,0.0,firebase
2026-04-10 06:05:01,129.17,21.1,64.3,8.196,0.0,0.0,0.0,firebase
2026-04-10 06:05:06,122.5,0.0,0.0,8.196,0.0,0.0,0.0,firebase
2026-04-10 06:05:11,121.67,21.1,67.4,0.0,0.0,0.0,0.0,firebase
2026-04-10 06:05:16,120.83,21.2,67.6,0.0,0.0,0.0,0.0,firebase
2026-04-10 07:13:14,281.67,21.4,70.1,0.756,-0.002,0.0,0.0,firebase
2026-04-10 07:13:21,281.67,21.5,67.2,0.732,-0.002,0.0,0.0,firebase
2026-04-10 07:13:26,282.5,21.5,66.7,0.752,-0.002,0.0,0.0,firebase
2026-04-10 07:13:31,280.0,21.5,65.8,0.764,-0.002,0.0,0.0,firebase
2026-04-10 07:13:36,267.5,21.5,65.2,0.74,-0.002,0.0,0.0,firebase
2026-04-10 07:13:41,269.17,21.6,65.0,0.74,-0.002,0.0,0.0,firebase
2026-04-10 07:13:46,299.17,21.6,65.0,0.752,-0.002,0.0,0.0,firebase
2026-04-10 07:13:51,211.67,21.5,65.4,0.744,-0.002,0.0,0.0,firebase
2026-04-10 07:13:57,114.17,21.6,67.0,0.752,-0.001,0.0,0.0,firebase
2026-04-10 07:14:10,54.17,21.7,65.9,0.752,-0.001,0.0,0.0,firebase
2026-04-10 07:14:16,70.0,21.6,65.6,0.752,-0.0,0.0,0.0,firebase
2026-04-10 07:14:21,0.83,21.7,65.7,0.744,-0.001,0.0,0.0,firebase
2026-04-10 07:14:26,2.5,21.7,65.9,0.756,-0.0,0.0,0.0,firebase
2026-04-10 07:14:31,2.5,21.8,65.8,0.756,-0.001,0.0,0.0,firebase
2026-04-10 07:14:36,0.83,21.8,65.5,0.744,0.0,0.0,0.0,firebase
2026-04-10 07:14:41,1.67,21.9,65.6,0.74,-0.001,0.0,0.0,firebase
2026-04-10 07:14:46,1.67,21.9,65.1,0.756,-0.0,0.0,0.0,firebase
2026-04-10 07:14:51,12.5,21.9,64.5,0.756,-0.001,0.0,0.0,firebase
2026-04-10 07:14:56,44.17,22.0,64.4,0.756,-0.001,0.0,0.0,firebase
2026-04-10 07:15:01,14.17,21.9,64.2,0.748,-0.001,0.0,0.0,firebase
2026-04-10 07:15:06,47.5,21.9,64.2,0.736,-0.001,0.0,0.0,firebase
2026-04-10 07:15:11,17753.33,22.1,64.0,0.753,-0.034,0.026,0.0,firebase
2026-04-10 07:15:16,644.17,23.4,61.3,0.748,-0.004,0.004,0.0,firebase
2026-04-10 07:15:25,4095.83,23.3,61.1,0.728,-0.037,0.026,0.0,firebase
2026-04-10 07:15:32,4131.67,23.5,61.1,0.751,-0.005,0.004,0.0,firebase
2026-04-10 07:15:37,3327.5,23.6,60.8,0.755,-0.005,0.004,0.0,firebase
2026-04-10 07:15:42,3400.0,23.8,60.1,0.752,-0.005,0.004,0.0,firebase
2026-04-10 07:15:47,3363.33,23.9,59.6,0.752,-0.039,0.03,0.0,firebase
2026-04-10 07:15:53,3400.0,24.4,59.7,0.748,-0.005,0.004,0.0,firebase
2026-04-10 07:16:05,2211.67,25.1,59.4,0.751,-0.005,0.004,0.0,firebase
2026-04-10 07:16:10,1929.17,25.2,59.0,0.748,-0.005,0.004,0.0,firebase
2026-04-10 07:16:15,2102.5,25.5,57.3,0.743,-0.005,0.004,0.0,firebase
2026-04-10 07:16:20,2346.67,25.6,56.7,0.751,-0.005,0.004,0.0,firebase
2026-04-10 07:33:06,1570.83,34.2,40.8,0.76,-0.0,0.0,0.0,firebase
2026-04-10 07:33:08,2075.83,34.2,40.2,0.756,-0.0,0.0,0.0,firebase
2026-04-10 07:33:13,2276.67,34.2,39.6,0.764,-0.0,0.0,0.0,firebase
2026-04-10 07:33:18,2038.33,34.2,38.7,0.76,-0.0,0.0,0.0,firebase
2026-04-10 07:33:23,3484.17,34.2,39.4,0.74,-0.0,0.0,0.0,firebase
2026-04-10 07:33:31,3416.67,34.0,38.4,0.746,-0.021,0.016,0.0,firebase
2026-04-10 07:33:36,3825.83,33.9,40.3,0.758,-0.021,0.016,0.0,firebase
2026-04-10 07:33:49,4080.0,33.8,42.2,0.742,-0.021,0.016,0.0,firebase
2026-04-10 07:33:54,4076.67,33.5,44.2,0.746,-0.021,0.016,0.0,firebase
2026-04-10 07:33:59,4076.67,33.4,42.5,0.804,-0.004,0.004,0.0,firebase
2026-04-10 07:34:04,4080.83,33.3,46.0,0.786,-0.021,0.016,0.0,firebase
2026-04-10 07:34:09,4088.33,33.2,51.3,0.796,-0.005,0.004,0.0,firebase
2026-04-10 07:34:14,4105.83,33.2,50.2,0.83,-0.021,0.016,0.0,firebase
2026-04-10 07:34:19,4103.33,33.2,55.9,0.88,-0.004,0.004,0.0,firebase
2026-04-10 07:34:24,4046.67,33.3,56.1,0.77,-0.021,0.016,0.0,firebase
2026-04-10 07:34:29,4188.33,33.6,45.7,0.816,-0.005,0.004,0.0,firebase
2026-04-10 07:34:34,4184.17,33.8,44.0,0.798,-0.021,0.016,0.0,firebase
2026-04-10 07:34:39,4169.17,33.9,39.3,0.8,-0.005,0.004,0.0,firebase
2026-04-10 07:34:44,4150.0,0.0,0.0,0.786,-0.021,0.016,0.0,firebase
2026-04-10 07:34:50,1890.0,33.9,38.4,0.768,-0.005,0.004,0.0,firebase
2026-04-10 07:34:55,1406.67,33.9,38.9,0.77,-0.021,0.016,0.0,firebase
2026-04-10 07:35:00,1967.5,0.0,0.0,0.784,-0.004,0.004,0.0,firebase
2026-04-10 07:35:05,1866.67,34.0,40.5,0.758,-0.021,0.016,0.0,firebase
2026-04-10 07:35:10,5508.33,0.0,0.0,0.76,-0.005,0.004,0.0,firebase
2026-04-10 07:35:15,5360.83,0.0,0.0,0.754,-0.021,0.016,0.0,firebase
2026-04-10 07:35:20,5356.67,0.0,0.0,0.78,-0.004,0.004,0.0,firebase
2026-04-10 07:35:25,5347.5,0.0,0.0,0.758,-0.021,0.016,0.0,firebase
2026-04-10 07:35:30,3037.5,0.0,0.0,0.78,-0.005,0.004,0.0,firebase
2026-04-10 07:35:35,4685.83,0.0,0.0,0.762,-0.021,0.016,0.0,firebase
2026-04-10 07:35:40,4130.83,0.0,0.0,0.78,-0.005,0.004,0.0,firebase
2026-04-10 07:35:45,4635.0,0.0,0.0,0.738,-0.021,0.016,0.0,firebase
2026-04-10 07:35:50,4541.67,0.0,0.0,0.784,-0.005,0.004,0.0,firebase
2026-04-10 07:35:55,4543.33,0.0,0.0,0.762,-0.021,0.016,0.0,firebase
2026-04-10 07:36:00,4526.67,0.0,0.0,0.776,-0.004,0.004,0.0,firebase
2026-04-10 07:36:18,5644.17,0.0,0.0,0.756,-0.005,0.004,0.0,firebase
2026-04-12 11:03:04,686.26,25.97,51.71,5.1,0.394,2.009,3.5,firebase
2026-04-12 11:03:07,711.95,26.29,51.18,5.023,0.388,1.948,3.5,firebase
2026-04-12 11:03:12,723.58,26.45,50.92,4.985,0.384,1.915,3.5,firebase
2026-04-12 11:03:17,742.39,26.72,50.47,4.92,0.376,1.852,3.5,firebase
2026-04-12 11:03:22,755.49,26.93,50.12,4.87,0.369,1.798,3.5,firebase
2026-04-12 11:03:27,768.2,27.15,49.75,4.817,0.36,1.736,3.5,firebase
2026-04-12 11:03:32,778.29,27.36,49.4,4.8,0.351,1.685,3.5,firebase
2026-04-12 11:04:03,536.35,24.36,54.39,5.283,0.174,0.921,3.71,firebase
2026-04-12 11:04:08,556.11,24.56,54.06,5.328,0.187,0.999,3.71,firebase
2026-04-12 11:04:13,582.01,24.83,53.62,5.388,0.205,1.104,3.72,firebase
2026-04-12 11:04:18,608.63,25.11,53.16,5.45,0.223,1.215,3.72,firebase
2026-04-12 11:04:23,628.39,25.32,52.81,5.496,0.237,1.3,3.73,firebase
2026-04-12 11:04:28,650.13,25.55,52.41,5.547,0.252,1.397,3.73,firebase
2026-04-12 11:04:33,671.81,25.8,52.0,5.599,0.267,1.496,3.74,firebase
2026-04-12 11:04:38,691.35,26.03,51.61,5.647,0.281,1.589,3.74,firebase
2026-04-12 11:04:43,711.63,26.29,51.18,5.698,0.297,1.69,3.75,firebase
2026-04-12 11:04:48,724.96,26.47,50.89,5.732,0.307,1.759,3.75,firebase
2026-04-12 11:04:54,748.46,26.81,50.31,5.794,0.326,1.888,3.76,firebase
2026-04-12 11:04:59,761.25,27.03,49.96,5.83,0.337,1.965,3.76,firebase
2026-04-12 11:05:04,772.0,27.23,49.62,5.861,0.347,2.035,3.77,firebase
2026-04-12 11:05:09,781.64,27.44,49.27,5.892,0.357,2.103,3.77,firebase
2026-04-12 11:05:14,789.14,27.63,48.94,5.918,0.366,2.164,3.78,firebase
2026-04-12 11:05:19,793.98,27.8,48.67,5.938,0.372,2.211,3.78,firebase
2026-04-12 11:05:24,797.76,27.98,48.37,5.957,0.379,2.258,3.79,firebase
2026-04-12 11:05:29,799.92,28.19,48.01,5.976,0.386,2.309,3.79,firebase
2026-04-12 11:05:34,799.4,28.37,47.71,5.988,0.391,2.344,3.8,firebase
2026-04-12 11:07:13,456.2,29.98,45.03,5.454,0.272,1.485,3.88,firebase
2026-04-12 11:07:18,438.96,29.97,45.05,5.416,0.262,1.419,3.89,firebase
2026-04-12 11:07:23,411.44,29.93,45.11,5.353,0.245,1.31,3.89,firebase
2026-04-12 11:07:28,385.46,29.89,45.19,5.29,0.227,1.203,3.89,firebase
2026-04-12 11:07:33,364.52,29.84,45.27,5.238,0.213,1.114,3.9,firebase
2026-04-12 11:07:38,347.61,29.79,45.35,5.194,0.2,1.04,3.9,firebase
2026-04-12 11:07:43,321.85,29.7,45.5,5.123,0.18,0.921,3.91,firebase
2026-04-12 11:07:48,304.33,29.63,45.62,5.072,0.165,0.837,3.91,firebase
2026-04-12 11:07:53,283.45,29.52,45.8,5.008,0.146,0.73,3.91,firebase
2026-04-12 11:07:58,266.06,29.41,45.98,4.95,0.128,0.635,3.92,firebase
2026-04-12 11:08:03,252.41,29.31,46.15,4.901,0.113,0.554,3.92,firebase
2026-04-12 11:08:08,242.13,29.22,46.31,4.861,0.101,0.489,3.92,firebase
2026-04-12 11:08:13,227.45,29.05,46.58,4.8,0.08,0.384,3.93,firebase
2026-04-12 11:08:18,218.31,28.92,46.8,4.8,0.065,0.312,3.93,firebase
2026-04-12 11:08:23,211.2,28.78,47.03,4.8,0.051,0.243,3.93,firebase
2026-04-12 11:08:28,205.43,28.63,47.29,4.8,0.05,0.24,3.94,firebase
2026-04-12 11:08:33,202.08,28.48,47.53,4.8,0.05,0.24,3.94,firebase
2026-04-12 11:08:38,200.08,28.29,47.85,4.8,0.05,0.24,3.94,firebase
2026-04-12 11:08:43,200.45,28.12,48.13,4.8,0.05,0.24,3.94,firebase
2026-04-12 11:08:48,203.02,27.93,48.45,4.8,0.05,0.24,3.95,firebase
2026-04-12 11:08:53,207.84,27.73,48.78,4.8,0.05,0.24,3.95,firebase
2026-04-12 11:08:58,214.71,27.53,49.12,4.8,0.05,0.24,3.95,firebase
2026-04-12 11:09:03,223.44,27.32,49.47,4.8,0.05,0.24,3.96,firebase
2026-04-12 11:09:08,233.92,27.11,49.81,4.8,0.05,0.24,3.96,firebase
2026-04-12 11:09:13,246.96,26.89,50.19,4.8,0.05,0.24,3.96,firebase
2026-04-12 11:09:18,261.01,26.67,50.55,4.8,0.05,0.24,3.96,firebase
2026-04-12 11:09:23,276.31,26.45,50.92,4.8,0.05,0.24,3.97,firebase
2026-04-12 11:09:28,294.91,26.21,51.32,4.8,0.05,0.24,3.97,firebase
2026-04-12 11:09:33,308.09,26.04,51.6,4.8,0.05,0.24,3.97,firebase
2026-04-12 11:09:38,334.18,25.73,52.11,4.8,0.05,0.24,3.97,firebase
2026-04-12 11:09:43,354.32,25.5,52.49,4.8,0.05,0.24,3.97,firebase
2026-04-12 11:09:48,374.85,25.28,52.86,4.8,0.05,0.24,3.98,firebase
2026-04-12 11:09:53,400.5,25.01,53.32,4.8,0.05,0.24,3.98,firebase
2026-04-12 11:09:58,418.79,24.82,53.63,4.8,0.05,0.24,3.98,firebase
2026-04-12 11:10:03,444.31,24.56,54.07,4.8,0.05,0.24,3.98,firebase
2026-04-12 11:10:08,471.17,24.29,54.52,4.8,0.05,0.24,3.98,firebase
2026-04-12 11:10:13,498.41,24.02,54.97,4.8,0.05,0.24,3.99,firebase
2026-04-12 11:10:18,522.82,23.77,55.38,4.8,0.05,0.24,3.99,firebase
2026-04-12 11:10:23,545.87,23.54,55.77,4.8,0.05,0.24,3.99,firebase
2026-04-12 11:10:28,567.17,23.32,56.13,4.8,0.05,0.24,3.99,firebase
2026-04-12 11:10:33,595.04,23.04,56.6,4.8,0.05,0.24,3.99,firebase
2026-04-12 11:10:38,618.02,22.8,57.01,4.8,0.05,0.24,3.99,firebase
2026-04-12 11:10:43,641.53,22.54,57.43,4.833,0.05,0.242,3.99,firebase
2026-04-12 11:10:48,666.8,22.26,57.91,4.894,0.05,0.245,3.99,firebase
2026-04-12 11:10:53,684.8,22.05,58.26,4.942,0.05,0.247,4.0,firebase
2026-04-12 11:10:58,702.81,21.82,58.63,4.993,0.05,0.25,4.0,firebase
2026-04-12 11:11:03,722.26,21.57,59.05,5.055,0.05,0.253,4.0,firebase
2026-04-12 11:11:08,736.36,21.37,59.38,5.104,0.05,0.255,4.0,firebase
2026-04-12 11:11:13,750.5,21.15,59.74,5.16,0.05,0.258,4.0,firebase
2026-04-12 11:11:18,764.6,20.91,60.14,5.223,0.054,0.284,4.0,firebase
2026-04-12 11:11:23,776.52,20.68,60.53,5.286,0.072,0.379,4.0,firebase
2026-04-12 11:11:28,782.18,20.55,60.75,5.321,0.082,0.434,4.0,firebase
2026-04-12 11:11:33,791.41,20.3,61.17,5.393,0.102,0.552,4.0,firebase
2026-04-12 11:11:38,796.51,20.09,61.51,5.45,0.12,0.651,4.0,firebase
2026-04-12 11:11:48,799.94,20.0,62.14,5.559,0.154,0.856,4.0,firebase
2026-04-12 11:11:53,798.84,20.0,62.38,5.6,0.168,0.939,4.0,firebase
2026-04-12 11:12:03,789.07,20.0,62.96,5.704,0.204,1.162,4.0,firebase
2026-04-12 11:12:08,784.69,20.0,63.11,5.73,0.213,1.223,4.0,firebase
2026-04-12 11:12:13,773.38,20.0,63.4,5.781,0.233,1.348,4.0,firebase
2026-04-12 11:12:18,762.16,20.0,63.62,5.819,0.249,1.448,4.0,firebase
2026-04-12 11:12:23,747.61,20.0,63.84,5.857,0.265,1.555,4.0,firebase
2026-04-12 11:12:28,734.21,20.0,64.01,5.885,0.279,1.639,4.0,firebase
2026-04-12 11:12:33,718.78,20.0,64.18,5.911,0.292,1.725,4.0,firebase
2026-04-12 11:12:38,700.5,20.0,64.34,5.936,0.305,1.813,4.0,firebase
2026-04-12 11:12:43,682.33,20.0,64.47,5.955,0.317,1.891,3.99,firebase
2026-04-12 11:12:48,660.1,20.0,64.61,5.974,0.33,1.974,3.99,firebase
2026-04-12 11:12:53,643.1,20.0,64.69,5.984,0.339,2.03,3.99,firebase
2026-04-12 11:12:58,614.65,20.0,64.81,5.995,0.352,2.112,3.99,firebase
2026-04-12 11:13:03,592.68,20.0,64.88,5.999,0.361,2.166,3.99,firebase
2026-04-12 11:13:08,569.38,20.0,64.93,6.0,0.369,2.216,3.99,firebase
2026-04-12 11:13:13,546.53,20.0,64.97,5.997,0.376,2.257,3.99,firebase
2026-04-12 11:13:18,519.31,20.0,64.99,5.989,0.383,2.296,3.99,firebase
2026-04-12 11:13:23,497.1,20.0,65.0,5.978,0.388,2.322,3.99,firebase
2026-04-12 11:13:28,468.7,20.0,64.99,5.961,0.393,2.345,3.98,firebase
2026-04-12 11:13:33,445.92,20.0,64.96,5.943,0.396,2.356,3.98,firebase
2026-04-12 11:13:38,420.88,20.0,64.91,5.919,0.399,2.36,3.98,firebase
2026-04-12 11:13:43,395.63,20.0,64.84,5.891,0.4,2.356,3.98,firebase
2026-04-12 11:13:48,377.87,20.0,64.78,5.868,0.4,2.347,3.98,firebase
2026-04-12 11:13:53,352.46,20.0,64.67,5.829,0.399,2.325,3.97,firebase
2026-04-12 11:13:58,331.58,20.0,64.56,5.793,0.397,2.298,3.97,firebase
2026-04-12 11:14:03,310.66,20.0,64.42,5.752,0.393,2.262,3.97,firebase
2026-04-12 11:14:08,291.13,20.0,64.27,5.707,0.389,2.218,3.97,firebase
2026-04-12 11:14:13,274.3,20.0,64.11,5.663,0.383,2.171,3.97,firebase
2026-04-12 11:14:18,259.1,20.0,63.93,5.616,0.377,2.118,3.96,firebase
2026-04-12 11:14:23,244.49,20.0,63.73,5.564,0.369,2.055,3.96,firebase
2026-04-12 11:14:28,232.25,20.0,63.52,5.512,0.361,1.988,3.96,firebase
2026-04-12 11:14:33,222.64,20.0,63.31,5.463,0.352,1.923,3.96,firebase
2026-04-12 11:14:38,213.31,20.0,63.05,5.403,0.341,1.841,3.95,firebase
2026-04-12 11:14:43,206.71,20.0,62.78,5.344,0.329,1.758,3.95,firebase
2026-04-12 11:14:48,202.33,20.0,62.5,5.285,0.316,1.672,3.95,firebase
2026-04-12 11:14:53,200.35,20.0,62.24,5.233,0.305,1.594,3.94,firebase
2026-04-12 11:14:58,200.12,20.0,61.97,5.18,0.292,1.514,3.94,firebase
2026-04-12 11:15:03,201.95,20.01,61.66,5.122,0.278,1.423,3.94,firebase
2026-04-12 11:15:08,205.55,20.19,61.36,5.068,0.264,1.339,3.94,firebase
2026-04-12 11:15:13,211.95,20.4,61.0,5.008,0.248,1.241,3.93,firebase
2026-04-12 11:15:18,221.07,20.63,60.62,4.946,0.23,1.139,3.93,firebase
2026-04-12 11:15:23,229.04,20.79,60.34,4.903,0.217,1.066,3.93,firebase
2026-04-12 11:15:28,240.47,21.0,59.99,4.852,0.202,0.978,3.92,firebase
2026-04-12 11:15:33,255.15,21.24,59.59,4.8,0.184,0.882,3.92,firebase
2026-04-12 11:15:38,269.48,21.45,59.24,4.8,0.168,0.807,3.92,firebase
2026-04-12 11:15:43,285.96,21.68,58.87,4.8,0.152,0.729,3.91,firebase
2026-04-12 11:15:48,305.05,21.92,58.46,4.8,0.134,0.645,3.91,firebase
2026-04-12 11:15:53,325.18,22.16,58.06,4.8,0.117,0.564,3.91,firebase
2026-04-12 11:15:58,345.76,22.4,57.67,4.8,0.101,0.486,3.9,firebase
2026-04-12 11:16:03,366.38,22.63,57.29,4.8,0.086,0.413,3.9,firebase
2026-04-12 11:16:08,389.87,22.88,56.87,4.8,0.07,0.334,3.89,firebase
2026-04-12 11:16:13,409.28,23.08,56.53,4.8,0.057,0.272,3.89,firebase
2026-04-12 11:16:18,436.76,23.36,56.06,4.8,0.05,0.24,3.89,firebase
2026-04-12 11:16:23,463.99,23.64,55.6,4.8,0.05,0.24,3.88,firebase
2026-04-12 11:16:28,487.44,23.87,55.21,4.8,0.05,0.24,3.88,firebase
2026-04-12 11:16:33,512.04,24.12,54.8,4.8,0.05,0.24,3.87,firebase
2026-04-12 11:16:38,534.22,24.34,54.43,4.8,0.05,0.24,3.87,firebase
2026-04-12 11:16:43,559.49,24.6,54.0,4.8,0.05,0.24,3.87,firebase
2026-04-12 11:16:48,586.1,24.87,53.55,4.8,0.05,0.24,3.86,firebase
2026-04-12 11:16:53,609.32,25.11,53.15,4.8,0.05,0.24,3.86,firebase
2026-04-12 11:16:58,633.11,25.37,52.72,4.8,0.05,0.24,3.85,firebase
2026-04-12 11:17:03,655.62,25.62,52.31,4.8,0.05,0.24,3.85,firebase
2026-04-12 11:17:08,675.22,25.84,51.93,4.8,0.05,0.24,3.84,firebase
2026-04-12 11:17:13,695.8,26.09,51.52,4.8,0.05,0.24,3.84,firebase
2026-04-12 11:17:18,714.82,26.33,51.11,4.8,0.05,0.24,3.84,firebase
2026-04-12 11:17:23,730.86,26.55,50.75,4.8,0.05,0.24,3.83,firebase
2026-04-12 11:17:28,745.82,26.77,50.38,4.8,0.05,0.24,3.83,firebase
2026-04-12 11:17:33,759.29,26.99,50.02,4.8,0.05,0.24,3.82,firebase
2026-04-12 11:17:38,771.87,27.22,49.63,4.8,0.05,0.24,3.82,firebase
2026-04-12 11:17:43,780.97,27.42,49.3,4.8,0.05,0.24,3.81,firebase
2026-04-12 11:17:48,788.63,27.62,48.97,4.8,0.05,0.24,3.81,firebase
2026-04-12 11:17:53,794.06,27.8,48.67,4.8,0.05,0.24,3.8,firebase
2026-04-12 11:17:58,798.15,28.0,48.33,4.8,0.05,0.24,3.8,firebase
2026-04-12 11:18:03,799.94,28.2,48.0,4.841,0.05,0.242,3.79,firebase
2026-04-12 11:18:08,799.33,28.38,47.7,4.895,0.05,0.245,3.79,firebase
2026-04-12 11:18:15,794.76,28.62,47.3,4.973,0.05,0.249,3.78,firebase
2026-04-12 11:18:20,789.31,28.77,47.05,5.026,0.05,0.251,3.78,firebase
2026-04-12 11:18:25,782.49,28.91,46.82,5.077,0.05,0.254,3.77,firebase
2026-04-12 11:18:30,773.27,29.04,46.6,5.133,0.05,0.257,3.77,firebase
2026-04-12 11:18:35,762.47,29.17,46.39,5.188,0.05,0.259,3.76,firebase
2026-04-12 11:18:40,748.58,29.3,46.17,5.248,0.05,0.262,3.76,firebase
2026-04-12 11:18:45,733.99,29.41,45.98,5.304,0.05,0.265,3.75,firebase
2026-04-12 11:18:50,721.5,29.49,45.85,5.348,0.05,0.267,3.75,firebase
2026-04-12 11:18:55,699.05,29.61,45.65,5.418,0.05,0.271,3.74,firebase
2026-04-12 11:19:00,680.05,29.69,45.51,5.471,0.05,0.274,3.74,firebase
2026-04-12 11:19:05,659.8,29.76,45.39,5.523,0.05,0.276,3.73,firebase
2026-04-12 11:19:10,638.48,29.83,45.29,5.574,0.056,0.314,3.73,firebase
2026-04-12 11:19:15,620.24,29.87,45.21,5.614,0.069,0.387,3.72,firebase
2026-04-12 11:19:20,593.25,29.93,45.12,5.669,0.087,0.496,3.72,firebase
2026-04-12 11:19:25,568.09,29.96,45.07,5.716,0.104,0.597,3.71,firebase
2026-04-12 11:19:30,545.49,29.98,45.03,5.755,0.12,0.688,3.71,firebase
2026-04-12 11:19:35,519.55,30.0,45.01,5.797,0.137,0.794,3.7,firebase
2026-04-12 11:19:40,494.59,30.0,45.0,5.833,0.154,0.896,3.7,firebase
2026-04-12 11:19:45,465.84,29.99,45.02,5.871,0.173,1.014,3.69,firebase
2026-04-12 11:19:50,444.59,29.97,45.04,5.897,0.187,1.103,3.69,firebase
2026-04-12 11:19:55,422.11,29.95,45.09,5.921,0.202,1.197,3.68,firebase
2026-04-12 11:20:00,397.21,29.91,45.15,5.945,0.219,1.302,3.68,firebase
2026-04-12 11:20:05,373.14,29.86,45.24,5.965,0.236,1.405,3.67,firebase
2026-04-12 11:20:10,350.42,29.8,45.34,5.98,0.251,1.503,3.67,firebase
2026-04-12 11:20:15,326.7,29.72,45.47,5.992,0.268,1.607,3.66,firebase
2026-04-12 11:20:20,310.77,29.65,45.58,5.997,0.28,1.678,3.66,firebase
2026-04-12 11:20:25,292.38,29.57,45.72,6.0,0.294,1.761,3.65,firebase
2026-04-12 11:20:30,274.45,29.47,45.89,5.999,0.307,1.844,3.65,firebase
2026-04-12 11:20:35,258.94,29.36,46.07,5.994,0.32,1.917,3.64,firebase
2026-04-12 11:20:40,244.31,29.24,46.27,5.984,0.332,1.988,3.64,firebase
2026-04-12 11:20:45,234.88,29.14,46.43,5.974,0.341,2.035,3.64,firebase
2026-04-12 11:20:50,222.15,28.98,46.7,5.954,0.353,2.101,3.63,firebase
2026-04-12 11:20:55,213.52,28.83,46.95,5.932,0.362,2.15,3.62,firebase
2026-04-12 11:21:00,207.33,28.69,47.19,5.908,0.37,2.189,3.62,firebase
2026-04-12 11:21:05,202.76,28.52,47.47,5.879,0.378,2.222,3.62,firebase
2026-04-12 11:21:10,200.38,28.35,47.75,5.846,0.384,2.248,3.61,firebase
2026-04-12 11:21:15,200.03,28.21,47.98,5.819,0.389,2.262,3.61,firebase
2026-04-12 11:21:20,202.17,27.98,48.37,5.771,0.394,2.274,3.6,firebase
2026-04-12 11:21:25,206.11,27.79,48.68,5.73,0.397,2.275,3.6,firebase
2026-04-12 11:21:30,211.88,27.6,48.99,5.688,0.399,2.27,3.59,firebase
2026-04-12 11:21:35,220.44,27.39,49.36,5.638,0.4,2.255,3.59,firebase
2026-04-12 11:21:40,227.47,27.24,49.61,5.603,0.4,2.241,3.58,firebase
2026-04-12 11:21:45,241.97,26.97,50.05,5.54,0.398,2.207,3.58,firebase
2026-04-12 11:21:50,255.89,26.75,50.42,5.486,0.396,2.172,3.57,firebase
2026-04-12 11:21:55,270.31,26.53,50.78,5.435,0.393,2.134,3.57,firebase
2026-04-12 11:22:00,289.05,26.28,51.2,5.374,0.387,2.082,3.56,firebase
2026-04-12 11:22:05,306.36,26.06,51.56,5.322,0.382,2.033,3.56,firebase
2026-04-12 11:22:10,325.74,25.83,51.95,5.266,0.375,1.977,3.56,firebase
2026-04-12 11:22:15,346.34,25.59,52.34,5.21,0.368,1.917,3.55,firebase
2026-04-12 11:22:20,367.91,25.36,52.74,5.154,0.359,1.852,3.55,firebase
2026-04-12 11:22:25,391.45,25.1,53.16,5.095,0.35,1.781,3.54,firebase
2026-04-12 11:22:30,414.71,24.86,53.56,5.04,0.339,1.71,3.54,firebase
2026-04-12 11:22:35,438.55,24.62,53.97,4.985,0.328,1.636,3.53,firebase
2026-04-12 11:22:40,458.94,24.41,54.31,4.94,0.318,1.572,3.53,firebase
2026-04-12 11:22:45,485.04,24.15,54.75,4.884,0.305,1.489,3.53,firebase
2026-04-12 11:22:50,514.93,23.85,55.25,4.822,0.289,1.393,3.52,firebase
2026-04-12 11:22:55,532.51,23.67,55.54,4.8,0.279,1.338,3.52,firebase
2026-04-12 11:23:00,565.09,23.35,56.09,4.8,0.259,1.246,3.51,firebase
2026-04-12 11:23:05,589.69,23.09,56.51,4.8,0.244,1.171,3.51,firebase
2026-04-12 11:23:10,613.44,22.84,56.93,4.8,0.228,1.095,3.51,firebase
2026-04-12 11:23:15,633.0,22.63,57.28,4.8,0.214,1.029,3.5,firebase
2026-04-12 11:23:20,656.74,22.37,57.71,4.8,0.197,0.945,3.5,firebase
2026-04-12 11:23:25,677.61,22.13,58.12,4.8,0.18,0.865,3.5,firebase
2026-04-12 11:23:30,695.59,21.91,58.48,4.8,0.165,0.792,3.5,firebase
2026-04-12 11:23:35,716.4,21.65,58.92,4.8,0.146,0.701,3.5,firebase
2026-04-12 11:23:40,733.01,21.42,59.3,4.8,0.129,0.62,3.5,firebase
2026-04-12 11:23:45,745.96,21.23,59.62,4.8,0.115,0.552,3.5,firebase
2026-04-12 11:23:50,759.7,21.0,60.0,4.8,0.098,0.471,3.5,firebase
2026-04-12 11:23:55,770.67,20.8,60.33,4.8,0.083,0.398,3.5,firebase
2026-04-12 11:24:00,780.35,20.6,60.67,4.8,0.067,0.323,3.5,firebase
2026-04-12 11:24:05,788.15,20.4,61.01,4.8,0.052,0.25,3.5,firebase
2026-04-12 11:24:10,794.21,20.19,61.34,4.8,0.05,0.24,3.5,firebase
2026-04-12 11:24:15,798.08,20.0,61.66,4.8,0.05,0.24,3.5,firebase
2026-04-12 11:24:20,799.88,20.0,61.97,4.8,0.05,0.24,3.5,firebase
2026-04-12 11:24:25,799.61,20.0,62.25,4.8,0.05,0.24,3.5,firebase
2026-04-12 11:24:30,796.93,20.0,62.56,4.8,0.05,0.24,3.5,firebase
2026-04-12 11:24:35,791.74,20.0,62.85,4.8,0.05,0.24,3.5,firebase
2026-04-12 11:24:40,786.43,20.0,63.05,4.8,0.05,0.24,3.5,firebase
2026-04-12 11:24:45,777.61,20.0,63.3,4.8,0.05,0.24,3.5,firebase
2026-04-12 11:24:50,767.38,20.0,63.52,4.8,0.05,0.24,3.5,firebase
2026-04-12 11:24:55,755.35,20.0,63.73,4.8,0.05,0.24,3.5,firebase
2026-04-12 11:25:00,743.29,20.0,63.9,4.8,0.05,0.24,3.5,firebase
2026-04-12 11:25:05,728.11,20.0,64.08,4.8,0.05,0.24,3.5,firebase
2026-04-12 11:25:10,707.99,20.0,64.28,4.8,0.05,0.24,3.5,firebase
2026-04-12 11:25:15,688.79,20.0,64.43,4.8,0.05,0.24,3.5,firebase
2026-04-12 11:25:20,669.39,20.0,64.55,4.806,0.05,0.24,3.5,firebase
2026-04-12 11:25:25,647.25,20.0,64.67,4.859,0.05,0.243,3.5,firebase
2026-04-12 11:25:30,623.97,20.0,64.77,4.914,0.05,0.246,3.5,firebase
2026-04-12 11:25:35,603.6,20.0,64.85,4.962,0.05,0.248,3.5,firebase
2026-04-12 11:25:40,579.2,20.0,64.91,5.018,0.05,0.251,3.5,firebase
2026-04-12 11:25:45,553.74,20.0,64.96,5.077,0.05,0.254,3.5,firebase
2026-04-12 11:25:50,530.45,20.0,64.99,5.13,0.05,0.257,3.5,firebase
2026-04-12 11:25:55,505.92,20.0,65.0,5.186,0.05,0.259,3.5,firebase
2026-04-12 11:26:00,475.27,20.0,64.99,5.257,0.05,0.263,3.5,firebase
2026-04-12 11:26:05,455.39,20.0,64.97,5.302,0.05,0.265,3.5,firebase
2026-04-12 11:26:10,431.28,20.0,64.93,5.357,0.05,0.268,3.5,firebase
2026-04-12 11:26:15,407.61,20.0,64.88,5.412,0.05,0.271,3.5,firebase
2026-04-12 11:26:20,380.81,20.0,64.79,5.474,0.05,0.274,3.5,firebase
2026-04-12 11:26:25,364.82,20.0,64.73,5.512,0.05,0.276,3.5,firebase
2026-04-12 11:26:30,334.93,20.0,64.58,5.583,0.05,0.279,3.5,firebase
2026-04-12 11:26:35,318.61,20.0,64.48,5.623,0.05,0.281,3.5,firebase
2026-04-12 11:26:40,299.3,20.0,64.34,5.67,0.05,0.284,3.5,firebase
2026-04-12 11:26:45,281.7,20.0,64.18,5.714,0.05,0.286,3.5,firebase
2026-04-12 11:26:50,265.62,20.0,64.01,5.756,0.05,0.288,3.5,firebase
2026-04-12 11:26:55,247.7,20.0,63.78,5.804,0.05,0.29,3.5,firebase
2026-04-12 11:27:00,239.34,20.0,63.65,5.828,0.05,0.291,3.5,firebase
2026-04-12 11:27:05,225.43,20.0,63.38,5.869,0.069,0.402,3.5,firebase
2026-04-12 11:27:10,216.79,20.0,63.15,5.897,0.084,0.493,3.5,firebase
2026-04-12 11:27:15,209.64,20.0,62.91,5.923,0.1,0.589,3.5,firebase
2026-04-12 11:27:20,204.44,20.0,62.65,5.945,0.116,0.688,3.5,firebase
2026-04-12 11:27:25,201.59,20.0,62.43,5.961,0.129,0.771,3.5,firebase
2026-04-12 11:27:30,200.0,20.0,62.08,5.979,0.149,0.893,3.5,firebase
2026-04-12 11:27:35,200.93,20.0,61.79,5.99,0.166,0.993,3.5,firebase
2026-04-12 11:27:40,203.86,20.11,61.48,5.997,0.182,1.092,3.5,firebase
2026-04-12 11:27:45,209.17,20.31,61.14,6.0,0.199,1.196,3.5,firebase
2026-04-12 11:27:50,216.31,20.51,60.81,5.999,0.215,1.293,3.5,firebase
2026-04-12 11:27:55,223.33,20.68,60.54,5.995,0.228,1.367,3.5,firebase
2026-04-12 11:28:00,236.7,20.94,60.1,5.983,0.247,1.48,3.5,firebase
2026-04-12 11:28:05,248.29,21.14,59.77,5.971,0.261,1.559,3.5,firebase
2026-04-12 11:28:10,263.44,21.37,59.39,5.953,0.276,1.645,3.5,firebase
2026-04-12 11:28:15,279.66,21.59,59.01,5.932,0.29,1.723,3.5,firebase
2026-04-12 11:28:20,296.7,21.82,58.64,5.908,0.303,1.793,3.5,firebase
2026-04-12 11:28:25,314.0,22.03,58.28,5.883,0.315,1.854,3.5,firebase
2026-04-12 11:28:30,335.84,22.29,57.85,5.848,0.328,1.919,3.5,firebase
2026-04-12 11:28:35,358.28,22.54,57.44,5.812,0.34,1.976,3.5,firebase
2026-04-12 11:28:40,381.4,22.79,57.02,5.772,0.351,2.024,3.5,firebase
2026-04-12 11:28:45,404.26,23.03,56.62,5.732,0.36,2.063,3.5,firebase
2026-04-12 11:28:50,424.12,23.23,56.28,5.696,0.367,2.091,3.5,firebase
2026-04-12 11:28:55,448.15,23.48,55.87,5.65,0.375,2.118,3.5,firebase
2026-04-12 11:29:00,478.83,23.79,55.35,5.59,0.383,2.141,3.5,firebase
2026-04-12 11:29:05,502.45,24.02,54.96,5.542,0.388,2.152,3.5,firebase
2026-04-12 11:29:10,528.47,24.29,54.52,5.487,0.393,2.156,3.5,firebase
2026-04-12 11:29:15,551.32,24.52,54.14,5.438,0.396,2.154,3.5,firebase
2026-04-12 11:29:20,576.82,24.77,53.71,5.38,0.399,2.144,3.5,firebase
2026-04-12 11:29:25,600.77,25.02,53.3,5.324,0.4,2.128,3.5,firebase
2026-04-12 11:29:30,625.42,25.28,52.86,5.263,0.4,2.105,3.5,firebase
2026-04-12 11:29:35,645.06,25.5,52.5,5.213,0.399,2.08,3.5,firebase
2026-04-12 11:29:40,667.38,25.75,52.08,5.153,0.397,2.045,3.5,firebase
2026-04-12 11:29:45,688.76,26.0,51.66,5.093,0.393,2.003,3.5,firebase
2026-04-12 11:29:50,702.9,26.18,51.37,5.051,0.39,1.971,3.5,firebase
2026-04-12 11:29:55,723.19,26.44,50.93,4.986,0.384,1.916,3.5,firebase
2026-04-12 11:30:00,741.35,26.7,50.49,4.924,0.377,1.856,3.5,firebase
2026-04-12 11:30:05,755.4,26.93,50.12,4.871,0.369,1.799,3.5,firebase
2026-04-12 11:30:10,766.71,27.12,49.79,4.824,0.362,1.744,3.5,firebase
2026-04-12 11:30:15,775.35,27.29,49.51,4.8,0.354,1.699,3.5,firebase
2026-04-12 11:30:20,785.54,27.53,49.11,4.8,0.342,1.643,3.5,firebase
2026-04-12 11:30:25,792.12,27.73,48.79,4.8,0.331,1.591,3.5,firebase
2026-04-12 11:30:30,797.1,27.94,48.44,4.8,0.319,1.529,3.5,firebase
2026-04-12 11:30:35,799.51,28.12,48.13,4.8,0.306,1.469,3.5,firebase
2026-04-12 11:30:40,799.91,28.29,47.84,4.8,0.293,1.406,3.5,firebase
2026-04-12 11:30:45,797.96,28.48,47.53,4.8,0.277,1.332,3.5,firebase
2026-04-12 11:30:50,794.4,28.63,47.28,4.8,0.264,1.267,3.5,firebase
2026-04-12 11:30:55,789.11,28.78,47.04,4.8,0.25,1.201,3.5,firebase
2026-04-12 11:31:00,780.67,28.94,46.77,4.8,0.233,1.12,3.5,firebase
2026-04-12 11:31:05,772.17,29.06,46.57,4.8,0.219,1.053,3.5,firebase
2026-04-12 11:31:10,759.1,29.2,46.33,4.8,0.201,0.965,3.5,firebase
2026-04-12 11:31:15,744.13,29.33,46.11,4.8,0.183,0.878,3.5,firebase
2026-04-12 11:31:20,730.35,29.43,45.94,4.8,0.168,0.806,3.5,firebase
2026-04-12 11:31:25,712.64,29.54,45.77,4.8,0.15,0.722,3.5,firebase
2026-04-12 11:31:30,697.11,29.62,45.64,4.8,0.136,0.654,3.5,firebase
2026-04-12 11:31:35,676.26,29.71,45.49,4.8,0.119,0.569,3.5,firebase
2026-04-12 11:31:40,657.22,29.77,45.38,4.8,0.104,0.497,3.5,firebase
2026-04-12 11:31:45,630.7,29.85,45.25,4.8,0.084,0.403,3.5,firebase
2026-04-12 11:31:50,610.57,29.89,45.18,4.8,0.07,0.335,3.51,firebase
2026-04-12 11:31:55,584.59,29.94,45.1,4.8,0.053,0.253,3.51,firebase
2026-04-12 11:32:00,563.04,29.97,45.06,4.8,0.05,0.24,3.51,firebase
2026-04-12 11:32:05,533.48,29.99,45.02,4.8,0.05,0.24,3.52,firebase
2026-04-12 11:32:10,510.75,30.0,45.0,4.8,0.05,0.24,3.52,firebase
2026-04-12 11:32:15,487.67,30.0,45.0,4.8,0.05,0.24,3.53,firebase
2026-04-12 11:32:20,464.31,29.99,45.02,4.8,0.05,0.24,3.53,firebase
2026-04-12 11:32:25,435.89,29.97,45.06,4.8,0.05,0.24,3.53,firebase
2026-04-12 11:32:37,378.85,29.87,45.22,4.8,0.05,0.24,3.54,firebase
2026-04-12 11:32:42,359.75,29.82,45.29,4.83,0.05,0.242,3.55,firebase
2026-04-12 11:32:47,338.04,29.76,45.4,4.882,0.05,0.244,3.55,firebase
2026-04-12 11:32:52,317.08,29.68,45.53,4.937,0.05,0.247,3.56,firebase
2026-04-12 11:32:57,299.43,29.6,45.66,4.987,0.05,0.249,3.56,firebase
2026-04-12 11:33:02,280.75,29.5,45.83,5.045,0.05,0.252,3.57,firebase
2026-04-12 11:33:07,263.79,29.39,46.01,5.104,0.05,0.255,3.57,firebase
2026-04-12 11:33:12,249.41,29.28,46.2,5.16,0.05,0.258,3.57,firebase
2026-04-12 11:33:17,235.71,29.15,46.42,5.221,0.05,0.261,3.58,firebase
2026-04-12 11:33:22,225.28,29.02,46.63,5.275,0.05,0.264,3.58,firebase
2026-04-12 11:33:27,218.32,28.92,46.8,5.318,0.05,0.266,3.59,firebase
2026-04-12 11:33:32,209.29,28.74,47.1,5.386,0.05,0.269,3.59,firebase
2026-04-12 11:33:37,203.87,28.57,47.38,5.445,0.05,0.272,3.6,firebase
2026-04-12 11:33:42,201.1,28.42,47.63,5.493,0.05,0.275,3.6,firebase
2026-04-12 11:33:47,200.02,28.22,47.97,5.554,0.05,0.278,3.61,firebase
2026-04-12 11:33:52,201.17,28.05,48.25,5.601,0.05,0.28,3.61,firebase
2026-04-12 11:33:57,204.09,27.88,48.54,5.645,0.05,0.282,3.62,firebase
2026-04-12 11:34:02,208.93,27.69,48.84,5.69,0.05,0.284,3.62,firebase
2026-04-12 11:34:07,215.51,27.51,49.16,5.731,0.05,0.287,3.63,firebase
2026-04-12 11:34:12,226.46,27.26,49.57,5.78,0.05,0.289,3.63,firebase
2026-04-12 11:34:17,238.41,27.03,49.95,5.82,0.05,0.291,3.64,firebase
2026-04-12 11:34:22,249.03,26.85,50.25,5.849,0.05,0.292,3.64,firebase
2026-04-12 11:34:27,264.53,26.62,50.64,5.882,0.05,0.294,3.65,firebase
2026-04-12 11:34:32,281.59,26.38,51.03,5.912,0.05,0.296,3.65,firebase
2026-04-12 11:34:37,296.94,26.18,51.37,5.933,0.05,0.297,3.66,firebase
2026-04-12 11:34:42,316.82,25.94,51.77,5.955,0.05,0.298,3.66,firebase
2026-04-12 11:34:47,340.39,25.66,52.23,5.974,0.05,0.299,3.67,firebase
2026-04-12 11:34:52,358.58,25.46,52.57,5.985,0.054,0.325,3.67,firebase
2026-04-12 11:34:57,384.05,25.18,53.03,5.995,0.072,0.431,3.68,firebase
2026-04-12 11:35:02,408.52,24.93,53.46,5.999,0.089,0.532,3.68,firebase
2026-04-12 11:35:07,429.18,24.71,53.81,6.0,0.103,0.616,3.69,firebase
2026-04-12 11:35:12,452.74,24.47,54.21,5.997,0.118,0.71,3.69,firebase
2026-04-12 11:35:17,477.67,24.22,54.63,5.99,0.135,0.809,3.7,firebase
2026-04-12 11:35:22,503.24,23.97,55.05,5.978,0.152,0.91,3.7,firebase
2026-04-12 11:35:27,528.79,23.71,55.48,5.963,0.169,1.009,3.71,firebase
2026-04-12 11:35:32,553.17,23.47,55.89,5.944,0.186,1.103,3.71,firebase
2026-04-12 11:35:37,578.19,23.21,56.31,5.92,0.202,1.198,3.72,firebase
2026-04-12 11:35:42,602.06,22.96,56.73,5.893,0.219,1.288,3.72,firebase
2026-04-12 11:35:47,624.32,22.73,57.12,5.864,0.234,1.371,3.73,firebase
2026-04-12 11:35:52,646.68,22.48,57.53,5.831,0.249,1.454,3.73,firebase
2026-04-12 11:35:57,667.18,22.25,57.91,5.796,0.264,1.529,3.74,firebase
2026-04-12 11:36:02,689.02,21.99,58.34,5.752,0.28,1.609,3.74,firebase
2026-04-12 11:36:07,706.68,21.77,58.71,5.712,0.293,1.673,3.75,firebase
2026-04-12 11:36:12,726.15,21.52,59.14,5.661,0.308,1.743,3.75,firebase
2026-04-12 11:36:17,740.31,21.31,59.48,5.618,0.319,1.793,3.76,firebase
2026-04-12 11:36:22,754.22,21.09,59.84,5.569,0.331,1.843,3.76,firebase
2026-04-12 11:36:27,767.1,20.87,60.22,5.515,0.342,1.889,3.77,firebase
2026-04-12 11:36:32,777.19,20.67,60.56,5.464,0.352,1.925,3.77,firebase
2026-04-12 11:36:37,785.81,20.46,60.9,5.409,0.362,1.956,3.77,firebase
2026-04-12 11:36:42,791.04,20.31,61.15,5.367,0.368,1.976,3.78,firebase
2026-04-12 11:36:47,796.99,20.07,61.55,5.297,0.378,2.0,3.78,firebase
2026-04-12 11:36:52,799.49,20.0,61.86,5.24,0.384,2.012,3.79,firebase
2026-04-12 11:36:57,799.95,20.0,62.14,5.187,0.389,2.017,3.79,firebase
2026-04-12 11:37:02,798.16,20.0,62.45,5.124,0.394,2.017,3.8,firebase
2026-04-12 11:37:07,795.15,20.0,62.68,5.077,0.396,2.012,3.8,firebase
2026-04-12 11:37:12,790.17,20.0,62.92,5.025,0.399,2.003,3.81,firebase
2026-04-12 11:37:17,780.58,20.0,63.23,4.956,0.4,1.982,3.81,firebase
2026-04-12 11:37:22,771.61,20.0,63.44,4.906,0.4,1.962,3.82,firebase
2026-04-12 11:37:27,760.0,20.0,63.66,4.854,0.399,1.935,3.82,firebase
2026-04-12 11:37:32,745.43,20.0,63.87,4.8,0.396,1.901,3.83,firebase
2026-04-12 11:37:37,734.87,20.0,64.01,4.8,0.394,1.89,3.83,firebase
2026-04-12 11:37:42,713.24,20.0,64.23,4.8,0.388,1.863,3.84,firebase
2026-04-12 11:37:47,697.22,20.0,64.36,4.8,0.383,1.839,3.84,firebase
2026-04-12 11:37:52,675.6,20.0,64.52,4.8,0.376,1.805,3.84,firebase
2026-04-12 11:37:57,657.36,20.0,64.62,4.8,0.369,1.773,3.85,firebase
2026-04-12 11:38:02,634.94,20.0,64.73,4.8,0.361,1.731,3.85,firebase
2026-04-12 11:38:07,609.73,20.0,64.83,4.8,0.35,1.68,3.86,firebase
2026-04-12 11:38:12,587.93,20.0,64.89,4.8,0.34,1.634,3.86,firebase
2026-04-12 11:38:17,564.69,20.0,64.94,4.8,0.33,1.583,3.87,firebase
2026-04-12 11:38:22,535.94,20.0,64.98,4.8,0.316,1.515,3.87,firebase
2026-04-12 11:38:27,513.43,20.0,65.0,4.8,0.304,1.46,3.87,firebase
2026-04-12 11:38:32,485.84,20.0,65.0,4.8,0.289,1.388,3.88,firebase
2026-04-12 11:38:37,463.43,20.0,64.98,4.8,0.277,1.327,3.88,firebase
2026-04-12 11:38:42,437.5,20.0,64.94,4.8,0.261,1.253,3.89,firebase
2026-04-12 11:38:47,412.38,20.0,64.89,4.8,0.245,1.178,3.89,firebase
2026-04-12 11:38:52,392.05,20.0,64.83,4.8,0.232,1.113,3.89,firebase
2026-04-12 11:38:57,368.5,20.0,64.74,4.8,0.216,1.035,3.9,firebase
2026-04-12 11:39:02,347.01,20.0,64.64,4.8,0.2,0.959,3.9,firebase
2026-04-12 11:39:07,325.49,20.0,64.52,4.8,0.183,0.878,3.91,firebase
2026-04-12 11:39:12,306.91,20.0,64.4,4.8,0.167,0.803,3.91,firebase
2026-04-12 11:39:17,287.66,20.0,64.24,4.8,0.15,0.719,3.91,firebase
2026-04-12 11:39:22,271.05,20.0,64.07,4.8,0.133,0.641,3.92,firebase
2026-04-12 11:39:27,254.79,20.0,63.88,4.8,0.116,0.556,3.92,firebase
2026-04-12 11:39:32,241.2,20.0,63.68,4.8,0.099,0.477,3.92,firebase
2026-04-12 11:39:37,230.53,20.0,63.48,4.8,0.085,0.407,3.93,firebase
2026-04-12 11:39:42,220.47,20.0,63.26,4.8,0.069,0.33,3.93,firebase
2026-04-12 11:39:47,212.49,20.0,63.02,4.8,0.053,0.256,3.93,firebase
2026-04-12 11:39:52,205.34,20.0,62.71,4.8,0.05,0.24,3.94,firebase
2026-04-12 11:39:57,202.01,20.0,62.47,4.8,0.05,0.24,3.94,firebase
2026-04-12 11:40:02,200.08,20.0,62.15,4.838,0.05,0.242,3.94,firebase
2026-04-12 11:40:07,200.43,20.0,61.88,4.886,0.05,0.244,3.94,firebase
2026-04-12 11:40:12,202.47,20.04,61.6,4.934,0.05,0.247,3.95,firebase
2026-04-12 11:40:17,206.73,20.23,61.28,4.989,0.05,0.249,3.95,firebase
2026-04-12 11:40:22,212.74,20.42,60.97,5.043,0.05,0.252,3.95,firebase
2026-04-12 11:40:27,221.91,20.65,60.59,5.105,0.05,0.255,3.96,firebase
2026-04-12 11:40:32,229.68,20.81,60.32,5.149,0.05,0.257,3.96,firebase
2026-04-12 11:40:37,243.98,21.06,59.89,5.217,0.05,0.261,3.96,firebase
2026-04-12 11:40:42,257.89,21.29,59.52,5.274,0.05,0.264,3.96,firebase
2026-04-12 11:40:47,273.93,21.52,59.14,5.332,0.05,0.267,3.97,firebase
2026-04-12 11:40:52,291.62,21.75,58.75,5.39,0.05,0.269,3.97,firebase
2026-04-12 11:40:57,309.13,21.97,58.38,5.441,0.05,0.272,3.97,firebase
2026-04-12 11:41:02,329.17,22.21,57.98,5.495,0.05,0.275,3.97,firebase
2026-04-12 11:41:07,352.13,22.47,57.55,5.552,0.05,0.278,3.97,firebase
2026-04-12 11:41:12,373.95,22.71,57.15,5.602,0.05,0.28,3.98,firebase
2026-04-12 11:41:17,395.23,22.94,56.77,5.646,0.05,0.282,3.98,firebase
2026-04-12 11:41:22,418.09,23.17,56.38,5.691,0.05,0.285,3.98,firebase
2026-04-12 11:41:27,439.2,23.39,56.02,5.729,0.05,0.286,3.98,firebase
2026-04-12 11:41:32,465.37,23.65,55.58,5.773,0.05,0.289,3.98,firebase
2026-04-12 11:41:37,493.86,23.94,55.1,5.817,0.05,0.291,3.98,firebase
2026-04-12 11:41:42,518.91,24.19,54.68,5.852,0.05,0.293,3.99,firebase
2026-04-12 11:41:47,543.35,24.43,54.28,5.882,0.05,0.294,3.99,firebase
2026-04-12 11:41:52,568.01,24.68,53.86,5.911,0.05,0.296,3.99,firebase
2026-04-12 11:41:57,587.53,24.89,53.52,5.931,0.05,0.297,3.99,firebase
2026-04-12 11:42:02,613.8,25.16,53.07,5.954,0.05,0.298,3.99,firebase
2026-04-12 11:42:07,639.35,25.44,52.61,5.973,0.05,0.299,3.99,firebase
2026-04-12 11:42:12,659.73,25.66,52.23,5.985,0.05,0.299,3.99,firebase
2026-04-12 11:42:17,680.77,25.91,51.82,5.994,0.05,0.3,3.99,firebase
2026-04-12 11:42:22,698.92,26.13,51.45,5.999,0.05,0.3,4.0,firebase
2026-04-12 11:42:27,718.49,26.38,51.03,6.0,0.05,0.3,4.0,firebase
2026-04-12 11:42:32,734.58,26.6,50.66,5.996,0.05,0.3,4.0,firebase
2026-04-12 11:42:37,748.83,26.82,50.3,5.989,0.05,0.299,4.0,firebase
2026-04-12 11:42:42,761.19,27.02,49.96,5.979,0.05,0.299,4.0,firebase
2026-04-12 11:42:47,773.24,27.25,49.58,5.962,0.067,0.397,4.0,firebase
2026-04-12 11:42:52,782.8,27.46,49.23,5.942,0.083,0.492,4.0,firebase
2026-04-12 11:42:57,790.05,27.66,48.9,5.92,0.099,0.584,4.0,firebase
2026-04-12 11:43:02,795.34,27.85,48.58,5.893,0.115,0.677,4.0,firebase
2026-04-12 11:43:07,798.7,28.04,48.27,5.863,0.131,0.77,4.0,firebase
2026-04-12 11:43:12,800.0,28.23,47.94,5.827,0.149,0.87,4.0,firebase
2026-04-12 11:43:17,799.14,28.4,47.67,5.792,0.165,0.957,4.0,firebase
2026-04-12 11:43:22,797.13,28.53,47.46,5.762,0.178,1.023,4.0,firebase
2026-04-12 11:43:27,791.53,28.72,47.14,5.711,0.197,1.127,4.0,firebase
2026-04-12 11:43:32,783.43,28.89,46.85,5.659,0.216,1.222,4.0,firebase
2026-04-12 11:43:37,774.68,29.02,46.63,5.613,0.231,1.298,4.0,firebase
2026-04-12 11:43:42,764.6,29.15,46.42,5.567,0.246,1.368,4.0,firebase
2026-04-12 11:43:47,752.39,29.27,46.22,5.517,0.26,1.436,4.0,firebase
2026-04-12 11:43:52,740.8,29.36,46.07,5.474,0.272,1.491,4.0,firebase
2026-04-12 11:43:57,721.5,29.49,45.85,5.408,0.29,1.566,4.0,firebase
2026-04-12 11:44:02,703.11,29.59,45.68,5.35,0.304,1.624,4.0,firebase
2026-04-12 11:44:07,686.43,29.67,45.56,5.301,0.315,1.669,4.0,firebase
2026-04-12 11:44:12,661.35,29.76,45.4,5.23,0.33,1.725,3.99,firebase
2026-04-12 11:44:17,641.88,29.82,45.3,5.179,0.34,1.76,3.99,firebase
2026-04-12 11:44:22,625.65,29.86,45.23,5.137,0.348,1.785,3.99,firebase
2026-04-12 11:44:27,597.96,29.92,45.14,5.07,0.359,1.82,3.99,firebase
2026-04-12 11:44:32,573.32,29.95,45.08,5.012,0.368,1.844,3.99,firebase
2026-04-12 11:44:37,548.79,29.98,45.03,4.957,0.376,1.862,3.99,firebase
2026-04-12 11:44:42,524.5,29.99,45.01,4.904,0.382,1.874,3.99,firebase
2026-04-12 11:44:47,498.79,30.0,45.0,4.85,0.388,1.882,3.99,firebase
2026-04-12 11:44:52,474.28,29.99,45.01,4.801,0.393,1.884,3.98,firebase
2026-04-12 11:44:57,451.01,29.98,45.03,4.8,0.396,1.9,3.98,firebase
2026-04-12 11:45:02,424.37,29.95,45.08,4.8,0.398,1.913,3.98,firebase
2026-04-12 11:45:07,399.39,29.91,45.15,4.8,0.4,1.919,3.98,firebase
2026-04-12 11:45:12,378.02,29.87,45.22,4.8,0.4,1.92,3.98,firebase
2026-04-12 11:45:17,353.32,29.81,45.32,4.8,0.399,1.915,3.97,firebase
2026-04-12 11:45:22,331.99,29.74,45.44,4.8,0.397,1.904,3.97,firebase
2026-04-12 11:45:27,313.79,29.67,45.56,4.8,0.394,1.891,3.97,firebase
2026-04-12 11:45:32,292.96,29.57,45.72,4.8,0.389,1.868,3.97,firebase
2026-04-12 11:45:37,277.93,29.49,45.86,4.8,0.385,1.846,3.97,firebase
2026-04-12 11:45:42,261.92,29.38,46.03,4.8,0.378,1.816,3.96,firebase
2026-04-12 11:45:47,245.3,29.25,46.26,4.8,0.37,1.775,3.96,firebase
2026-04-12 11:45:52,234.58,29.14,46.44,4.8,0.363,1.74,3.96,firebase
2026-04-12 11:45:57,222.44,28.98,46.69,4.8,0.352,1.689,3.96,firebase
2026-04-12 11:46:02,215.0,28.86,46.9,4.8,0.343,1.647,3.95,firebase
2026-04-12 11:46:07,207.94,28.7,47.16,4.8,0.332,1.591,3.95,firebase
2026-04-12 11:46:12,204.32,28.59,47.35,4.8,0.323,1.55,3.95,firebase
2026-04-12 11:46:17,200.57,28.37,47.71,4.8,0.307,1.472,3.94,firebase
2026-04-12 11:46:22,200.03,28.21,47.98,4.8,0.294,1.413,3.94,firebase
2026-04-12 11:46:27,201.32,28.04,48.27,4.8,0.281,1.351,3.94,firebase
2026-04-12 11:46:32,205.17,27.83,48.62,4.8,0.265,1.274,3.94,firebase
2026-04-12 11:46:37,211.53,27.61,48.98,4.8,0.249,1.194,3.93,firebase
2026-04-12 11:46:42,218.01,27.44,49.26,4.8,0.236,1.131,3.93,firebase
2026-04-12 11:46:47,227.51,27.24,49.61,4.8,0.22,1.055,3.93,firebase
2026-04-12 11:46:52,238.81,27.02,49.96,4.8,0.204,0.978,3.92,firebase
2026-04-12 11:46:57,251.63,26.81,50.31,4.8,0.188,0.902,3.92,firebase
2026-04-12 11:47:02,267.91,26.57,50.72,4.8,0.17,0.815,3.92,firebase
2026-04-12 11:47:07,284.2,26.34,51.09,4.8,0.153,0.737,3.91,firebase
2026-04-12 11:47:12,302.01,26.12,51.47,4.8,0.137,0.658,3.91,firebase
2026-04-12 11:47:17,321.09,25.88,51.86,4.8,0.121,0.58,3.91,firebase
2026-04-12 11:47:22,341.38,25.65,52.25,4.832,0.105,0.505,3.9,firebase
2026-04-12 11:47:27,363.13,25.41,52.65,4.884,0.088,0.431,3.9,firebase
2026-04-12 11:47:32,386.46,25.16,53.07,4.939,0.072,0.355,3.89,firebase
2026-04-12 11:47:37,409.56,24.92,53.47,4.992,0.056,0.282,3.89,firebase
2026-04-12 11:47:42,433.68,24.67,53.89,5.048,0.05,0.252,3.89,firebase
2026-04-12 11:47:47,458.51,24.42,54.31,5.105,0.05,0.255,3.88,firebase
2026-04-12 11:47:52,482.32,24.18,54.71,5.16,0.05,0.258,3.88,firebase
2026-04-12 11:47:57,508.42,23.92,55.14,5.219,0.05,0.261,3.87,firebase
2026-04-12 11:48:02,532.91,23.67,55.55,5.275,0.05,0.264,3.87,firebase
2026-04-12 11:48:07,552.98,23.47,55.89,5.321,0.05,0.266,3.87,firebase
2026-04-12 11:48:12,582.25,23.17,56.38,5.389,0.05,0.269,3.86,firebase
2026-04-12 11:48:17,604.58,22.94,56.77,5.44,0.05,0.272,3.86,firebase
2026-04-12 11:48:22,632.31,22.64,57.26,5.505,0.05,0.275,3.85,firebase
2026-04-12 11:48:27,651.69,22.43,57.62,5.551,0.05,0.278,3.85,firebase
2026-04-12 11:48:32,673.65,22.18,58.04,5.604,0.05,0.28,3.85,firebase
2026-04-12 11:48:37,691.27,21.97,58.39,5.647,0.05,0.282,3.84,firebase
2026-04-12 11:48:42,711.92,21.71,58.82,5.698,0.05,0.285,3.84,firebase
2026-04-12 11:48:47,727.58,21.5,59.17,5.738,0.05,0.287,3.83,firebase
2026-04-12 11:48:52,742.81,21.27,59.54,5.779,0.05,0.289,3.83,firebase
2026-04-12 11:48:57,757.21,21.04,59.93,5.818,0.05,0.291,3.82,firebase
2026-04-12 11:49:02,768.99,20.83,60.28,5.852,0.05,0.293,3.82,firebase
2026-04-12 11:49:07,779.33,20.62,60.64,5.884,0.05,0.294,3.81,firebase
2026-04-12 11:49:12,786.97,20.43,60.95,5.91,0.05,0.296,3.81,firebase
2026-04-12 11:49:17,794.16,20.2,61.34,5.939,0.05,0.297,3.8,firebase
2026-04-12 11:49:22,797.81,20.02,61.63,5.957,0.05,0.298,3.8,firebase
2026-04-12 11:49:27,799.71,20.0,61.91,5.973,0.05,0.299,3.8,firebase
2026-04-12 11:49:32,799.91,20.0,62.16,5.984,0.05,0.299,3.79,firebase
2026-04-12 11:49:37,798.28,20.0,62.44,5.993,0.05,0.3,3.79,firebase
2026-04-12 11:49:42,793.27,20.0,62.78,5.999,0.05,0.3,3.78,firebase
2026-04-12 11:49:47,787.57,20.0,63.02,6.0,0.05,0.3,3.78,firebase
2026-04-12 11:49:52,778.86,20.0,63.27,5.996,0.05,0.3,3.77,firebase
2026-04-12 11:49:57,769.6,20.0,63.48,5.989,0.05,0.299,3.77,firebase
2026-04-12 11:50:02,760.09,20.0,63.66,5.98,0.05,0.299,3.76,firebase
2026-04-12 11:50:07,743.82,20.0,63.9,5.962,0.05,0.298,3.76,firebase
2026-04-12 11:50:12,728.5,20.0,64.08,5.943,0.05,0.297,3.75,firebase
2026-04-12 11:50:17,709.9,20.0,64.26,5.918,0.05,0.296,3.75,firebase
2026-04-12 11:50:22,691.66,20.0,64.41,5.891,0.05,0.295,3.74,firebase
2026-04-12 11:50:27,672.12,20.0,64.54,5.861,0.05,0.293,3.74,firebase
2026-04-12 11:50:32,652.33,20.0,64.65,5.829,0.05,0.291,3.73,firebase
2026-04-12 11:50:37,628.36,20.0,64.76,5.789,0.063,0.367,3.73,firebase
2026-04-12 11:50:42,605.29,20.0,64.84,5.749,0.079,0.456,3.72,firebase
2026-04-12 11:50:47,583.93,20.0,64.9,5.71,0.094,0.535,3.72,firebase
2026-04-12 11:50:52,556.53,20.0,64.96,5.659,0.112,0.635,3.71,firebase
2026-04-12 11:50:57,532.73,20.0,64.99,5.613,0.128,0.719,3.71,firebase
2026-04-12 11:51:02,505.16,20.0,65.0,5.558,0.147,0.815,3.7,firebase
2026-04-12 11:51:07,483.69,20.0,65.0,5.513,0.161,0.887,3.7,firebase
2026-04-12 11:51:12,459.23,20.0,64.98,5.461,0.177,0.968,3.69,firebase
2026-04-12 11:51:17,434.61,20.0,64.94,5.406,0.194,1.047,3.69,firebase
2026-04-12 11:51:22,410.9,20.0,64.89,5.351,0.21,1.122,3.68,firebase
2026-04-12 11:51:27,391.7,20.0,64.83,5.305,0.223,1.182,3.68,firebase
2026-04-12 11:51:32,364.37,20.0,64.73,5.237,0.242,1.266,3.67,firebase
2026-04-12 11:51:37,342.9,20.0,64.62,5.181,0.257,1.33,3.67,firebase
2026-04-12 11:51:42,322.2,20.0,64.5,5.124,0.271,1.391,3.66,firebase
2026-04-12 11:51:47,302.43,20.0,64.36,5.067,0.286,1.449,3.66,firebase
2026-04-12 11:51:52,284.39,20.0,64.21,5.011,0.3,1.501,3.65,firebase
2026-04-12 11:51:57,271.22,20.0,64.07,4.968,0.31,1.539,3.65,firebase
2026-04-12 11:52:02,253.01,20.0,63.85,4.903,0.325,1.592,3.64,firebase
2026-04-12 11:52:07,238.59,20.0,63.63,4.846,0.337,1.634,3.64,firebase
2026-04-12 11:52:12,227.43,20.0,63.42,4.8,0.348,1.669,3.63,firebase
2026-04-12 11:52:17,218.04,20.0,63.19,4.8,0.357,1.715,3.63,firebase
2026-04-12 11:52:22,210.93,20.0,62.96,4.8,0.366,1.755,3.62,firebase
2026-04-12 11:52:27,205.02,20.0,62.69,4.8,0.374,1.795,3.62,firebase
2026-04-12 11:52:32,201.6,20.0,62.43,4.8,0.381,1.827,3.61,firebase
2026-04-12 11:52:37,200.03,20.0,62.12,4.8,0.387,1.857,3.61,firebase
2026-04-12 11:52:42,200.68,20.0,61.83,4.8,0.392,1.88,3.6,firebase
2026-04-12 11:52:47,203.11,20.07,61.54,4.8,0.395,1.896,3.6,firebase
2026-04-12 11:52:52,207.99,20.28,61.21,4.8,0.398,1.91,3.59,firebase
2026-04-12 11:52:57,216.05,20.51,60.82,4.8,0.4,1.918,3.59,firebase
2026-04-12 11:53:02,224.74,20.71,60.49,4.8,0.4,1.92,3.58,firebase
2026-04-12 11:53:07,234.21,20.89,60.18,4.8,0.399,1.917,3.58,firebase
2026-04-12 11:53:12,246.23,21.1,59.83,4.8,0.398,1.909,3.58,firebase
2026-04-12 11:53:17,261.09,21.33,59.45,4.8,0.395,1.895,3.57,firebase
2026-04-12 11:53:22,274.17,21.52,59.13,4.8,0.392,1.879,3.57,firebase
2026-04-12 11:53:27,293.89,21.78,58.7,4.8,0.386,1.853,3.56,firebase
2026-04-12 11:53:32,313.63,22.03,58.29,4.8,0.38,1.822,3.56,firebase
2026-04-12 11:53:37,334.75,22.27,57.88,4.8,0.372,1.787,3.55,firebase
2026-04-12 11:53:42,349.79,22.44,57.59,4.8,0.367,1.76,3.55,firebase
2026-04-12 11:53:47,377.84,22.75,57.08,4.8,0.355,1.706,3.54,firebase
2026-04-12 11:53:52,396.14,22.94,56.76,4.8,0.348,1.668,3.54,firebase
2026-04-12 11:53:57,424.13,23.24,56.27,4.8,0.335,1.608,3.54,firebase
2026-04-12 11:54:02,448.68,23.48,55.86,4.8,0.323,1.552,3.53,firebase
2026-04-12 11:54:07,472.51,23.72,55.46,4.8,0.311,1.495,3.53,firebase
2026-04-12 11:54:12,498.64,23.99,55.02,4.8,0.298,1.429,3.52,firebase
2026-04-12 11:54:17,525.18,24.25,54.58,4.8,0.283,1.359,3.52,firebase
2026-04-12 11:54:22,543.69,24.44,54.27,4.8,0.272,1.307,3.52,firebase
2026-04-12 11:54:27,573.1,24.74,53.77,4.8,0.255,1.222,3.51,firebase
2026-04-12 11:54:32,596.66,24.98,53.37,4.8,0.239,1.149,3.51,firebase
2026-04-12 11:54:37,620.06,25.23,52.96,4.8,0.224,1.073,3.5,firebase
2026-04-12 11:54:42,643.05,25.48,52.54,4.837,0.207,1.002,3.5,firebase
2026-04-12 11:54:47,663.75,25.71,52.15,4.886,0.191,0.935,3.5,firebase
2026-04-12 11:54:52,680.19,25.9,51.83,4.929,0.178,0.878,3.5,firebase
2026-04-12 11:54:57,704.41,26.2,51.34,4.998,0.157,0.785,3.5,firebase
2026-04-12 11:55:02,721.03,26.41,50.98,5.051,0.141,0.714,3.5,firebase
2026-04-12 11:55:07,738.1,26.66,50.57,5.111,0.124,0.633,3.5,firebase
2026-04-12 11:55:12,752.25,26.87,50.21,5.167,0.108,0.556,3.5,firebase
2026-04-12 11:55:17,764.16,27.08,49.87,5.22,0.092,0.481,3.5,firebase
2026-04-12 11:55:22,775.96,27.31,49.49,5.282,0.075,0.395,3.5,firebase
2026-04-12 11:55:27,784.18,27.5,49.17,5.335,0.06,0.321,3.5,firebase
2026-04-12 11:55:32,791.46,27.71,48.82,5.393,0.05,0.27,3.5,firebase
2026-04-12 11:55:37,796.12,27.89,48.52,5.445,0.05,0.272,3.5,firebase
2026-04-12 11:55:42,799.23,28.09,48.19,5.502,0.05,0.275,3.5,firebase
2026-04-12 11:55:47,799.99,28.23,47.95,5.543,0.05,0.277,3.5,firebase
2026-04-12 11:55:52,798.38,28.46,47.57,5.61,0.05,0.28,3.5,firebase
2026-04-12 11:55:57,794.84,28.62,47.3,5.657,0.05,0.283,3.5,firebase
2026-04-12 11:56:02,790.11,28.75,47.08,5.696,0.05,0.285,3.5,firebase
2026-04-12 11:56:07,782.37,28.91,46.82,5.742,0.05,0.287,3.5,firebase
2026-04-12 11:56:12,772.5,29.05,46.58,5.784,0.05,0.289,3.5,firebase
2026-04-12 11:56:17,761.85,29.18,46.37,5.82,0.05,0.291,3.5,firebase
2026-04-12 11:56:22,752.19,29.27,46.22,5.846,0.05,0.292,3.5,firebase
2026-04-12 11:56:27,733.78,29.41,45.98,5.886,0.05,0.294,3.5,firebase
2026-04-12 11:56:32,718.37,29.51,45.82,5.912,0.05,0.296,3.5,firebase
2026-04-12 11:56:37,699.66,29.61,45.66,5.937,0.05,0.297,3.5,firebase
2026-04-12 11:56:42,679.79,29.69,45.51,5.958,0.05,0.298,3.5,firebase
2026-04-12 11:56:47,664.06,29.75,45.42,5.971,0.05,0.299,3.5,firebase
2026-04-12 11:56:52,635.47,29.84,45.27,5.987,0.05,0.299,3.5,firebase
2026-04-12 11:56:57,615.56,29.88,45.19,5.995,0.05,0.3,3.5,firebase
2026-04-12 11:57:02,593.26,29.93,45.12,5.999,0.05,0.3,3.5,firebase
2026-04-12 11:57:07,567.73,29.96,45.06,6.0,0.05,0.3,3.5,firebase
2026-04-12 11:57:12,543.57,29.98,45.03,5.996,0.05,0.3,3.5,firebase
2026-04-12 11:57:17,524.56,29.99,45.01,5.991,0.05,0.3,3.5,firebase
2026-04-12 11:57:22,495.64,30.0,45.0,5.978,0.05,0.299,3.5,firebase
2026-04-12 11:57:27,468.52,29.99,45.01,5.961,0.05,0.298,3.5,firebase
2026-04-12 11:57:32,443.82,29.97,45.04,5.941,0.05,0.297,3.5,firebase
2026-04-12 11:57:37,419.93,29.95,45.09,5.918,0.05,0.296,3.5,firebase
2026-04-12 11:57:42,395.44,29.91,45.16,5.89,0.05,0.295,3.5,firebase
2026-04-12 11:57:47,377.34,29.87,45.22,5.867,0.05,0.293,3.5,firebase
2026-04-12 11:57:52,350.99,29.8,45.34,5.827,0.05,0.291,3.5,firebase
2026-04-12 11:57:57,330.55,29.73,45.45,5.791,0.05,0.29,3.5,firebase
2026-04-12 11:58:02,310.53,29.65,45.58,5.751,0.05,0.288,3.5,firebase
2026-04-12 11:58:07,291.01,29.56,45.73,5.707,0.05,0.285,3.5,firebase
2026-04-12 11:58:12,274.09,29.46,45.9,5.662,0.05,0.283,3.5,firebase
2026-04-12 11:58:17,257.78,29.35,46.08,5.612,0.05,0.281,3.5,firebase
2026-04-12 11:58:22,244.14,29.23,46.28,5.563,0.05,0.278,3.5,firebase
2026-04-12 11:58:27,231.99,29.11,46.49,5.511,0.059,0.325,3.5,firebase
2026-04-12 11:58:32,222.02,28.98,46.71,5.46,0.074,0.405,3.5,firebase
2026-04-12 11:58:37,213.26,28.83,46.96,5.402,0.091,0.491,3.5,firebase
2026-04-12 11:58:42,206.91,28.67,47.21,5.347,0.107,0.573,3.5,firebase
2026-04-12 11:58:47,202.24,28.49,47.51,5.284,0.126,0.663,3.5,firebase
2026-04-12 11:58:52,200.47,28.36,47.73,5.238,0.139,0.727,3.5,firebase
2026-04-12 11:58:57,200.09,28.19,48.02,5.183,0.155,0.803,3.5,firebase
2026-04-12 11:59:02,201.77,28.01,48.32,5.126,0.172,0.88,3.5,firebase
2026-04-12 11:59:07,205.17,27.83,48.62,5.073,0.187,0.949,3.5,firebase
2026-04-12 11:59:12,211.23,27.62,48.96,5.014,0.204,1.025,3.5,firebase
2026-04-12 11:59:17,218.79,27.42,49.29,4.96,0.22,1.092,3.5,firebase
2026-04-12 11:59:22,228.95,27.21,49.65,4.904,0.237,1.161,3.5,firebase
2026-04-12 11:59:27,239.72,27.01,49.99,4.855,0.251,1.219,3.5,firebase
2026-04-12 11:59:32,257.18,26.73,50.46,4.8,0.27,1.298,3.5,firebase
2026-04-12 11:59:37,272.98,26.5,50.84,4.8,0.285,1.368,3.5,firebase
2026-04-12 11:59:42,287.17,26.31,51.16,4.8,0.296,1.423,3.5,firebase
2026-04-12 11:59:47,306.35,26.06,51.56,4.8,0.31,1.489,3.5,firebase
2026-04-12 11:59:52,325.72,25.83,51.95,4.8,0.322,1.547,3.5,firebase
2026-04-12 11:59:57,346.42,25.59,52.34,4.8,0.334,1.603,3.5,firebase
2026-04-12 12:00:02,369.33,25.34,52.77,4.8,0.345,1.657,3.5,firebase
2026-04-12 12:00:07,393.38,25.08,53.19,4.8,0.356,1.707,3.5,firebase
2026-04-12 12:00:12,409.91,24.91,53.48,4.8,0.362,1.738,3.5,firebase
2026-04-12 12:00:17,438.95,24.61,53.98,4.8,0.372,1.785,3.5,firebase
2026-04-12 12:00:22,463.24,24.37,54.39,4.8,0.379,1.819,3.5,firebase
2026-04-12 12:00:27,488.08,24.12,54.8,4.8,0.385,1.849,3.5,firebase
2026-04-12 12:00:32,512.22,23.88,55.2,4.8,0.39,1.873,3.5,firebase
2026-04-12 12:00:37,539.28,23.61,55.66,4.8,0.395,1.894,3.5,firebase
2026-04-12 12:00:42,563.96,23.36,56.07,4.8,0.397,1.908,3.5,firebase
2026-04-12 12:00:47,585.8,23.13,56.45,4.8,0.399,1.916,3.5,firebase
2026-04-12 12:00:52,610.44,22.88,56.87,4.8,0.4,1.92,3.5,firebase
2026-04-12 12:00:57,635.15,22.61,57.32,4.8,0.4,1.918,3.5,firebase
2026-04-12 12:01:02,656.21,22.38,57.7,4.8,0.398,1.911,3.5,firebase
2026-04-12 12:01:07,677.86,22.13,58.12,4.8,0.395,1.898,3.5,firebase
2026-04-12 12:01:12,695.92,21.91,58.48,4.8,0.392,1.881,3.5,firebase
2026-04-12 12:01:17,713.88,21.68,58.87,4.8,0.387,1.859,3.5,firebase
2026-04-12 12:01:22,730.31,21.46,59.24,4.8,0.382,1.832,3.5,firebase
2026-04-12 12:01:27,746.15,21.22,59.63,4.8,0.374,1.798,3.5,firebase
2026-04-12 12:01:32,760.39,20.99,60.02,4.8,0.366,1.757,3.5,firebase
2026-04-12 12:01:37,769.39,20.83,60.29,4.8,0.359,1.725,3.5,firebase
2026-04-12 12:01:42,780.84,20.58,60.69,4.8,0.348,1.672,3.5,firebase
2026-04-12 12:01:47,788.83,20.38,61.04,4.8,0.337,1.619,3.5,firebase
2026-04-12 12:01:52,794.4,20.19,61.35,4.8,0.326,1.567,3.5,firebase
2026-04-12 12:01:57,798.51,20.0,61.71,4.8,0.313,1.5,3.5,firebase
2026-04-12 12:02:02,799.88,20.0,61.97,4.835,0.302,1.458,3.5,firebase
2026-04-12 12:02:07,799.39,20.0,62.29,4.893,0.286,1.401,3.5,firebase
2026-04-12 12:02:12,796.65,20.0,62.58,4.948,0.272,1.345,3.5,firebase
2026-04-12 12:02:17,791.65,20.0,62.86,5.005,0.256,1.283,3.5,firebase
2026-04-12 12:02:22,784.94,20.0,63.1,5.06,0.241,1.221,3.5,firebase
2026-04-12 12:02:27,776.68,20.0,63.33,5.113,0.226,1.158,3.5,firebase
2026-04-12 12:02:32,765.27,20.0,63.56,5.174,0.209,1.083,3.5,firebase
2026-04-12 12:02:37,753.54,20.0,63.76,5.228,0.194,1.014,3.5,firebase
2026-04-12 12:02:42,741.39,20.0,63.93,5.277,0.18,0.949,3.5,firebase
2026-04-12 12:02:47,725.73,20.0,64.11,5.333,0.163,0.871,3.5,firebase
2026-04-12 12:02:52,704.8,20.0,64.3,5.401,0.143,0.773,3.5,firebase
2026-04-12 12:02:57,687.1,20.0,64.44,5.452,0.128,0.696,3.5,firebase
2026-04-12 12:03:02,673.08,20.0,64.53,5.49,0.116,0.637,3.5,firebase
2026-04-12 12:03:07,647.37,20.0,64.67,5.553,0.096,0.533,3.5,firebase
2026-04-12 12:03:12,623.15,20.0,64.78,5.608,0.079,0.44,3.5,firebase
2026-04-12 12:03:17,600.77,20.0,64.85,5.654,0.063,0.358,3.51,firebase
2026-04-12 12:03:22,576.91,20.0,64.92,5.7,0.05,0.285,3.51,firebase
2026-04-12 12:03:27,554.33,20.0,64.96,5.74,0.05,0.287,3.51,firebase
2026-04-12 12:03:32,528.15,20.0,64.99,5.783,0.05,0.289,3.52,firebase
2026-04-12 12:03:37,504.0,20.0,65.0,5.82,0.05,0.291,3.52,firebase
2026-04-12 12:03:42,479.43,20.0,64.99,5.854,0.05,0.293,3.53,firebase
2026-04-12 12:03:47,450.04,20.0,64.97,5.89,0.05,0.295,3.53,firebase
2026-04-12 12:03:52,429.42,20.0,64.93,5.913,0.05,0.296,3.54,firebase
2026-04-12 12:03:57,404.37,20.0,64.87,5.938,0.05,0.297,3.54,firebase
2026-04-12 12:04:02,381.39,20.0,64.79,5.958,0.05,0.298,3.54,firebase
2026-04-12 12:04:07,362.64,20.0,64.72,5.972,0.05,0.299,3.55,firebase
2026-04-12 12:04:12,335.02,20.0,64.58,5.988,0.05,0.299,3.55,firebase
2026-04-12 12:04:17,318.69,20.0,64.48,5.995,0.05,0.3,3.56,firebase
2026-04-12 12:04:22,297.89,20.0,64.32,5.999,0.05,0.3,3.56,firebase
2026-04-12 12:04:27,279.34,20.0,64.16,6.0,0.05,0.3,3.57,firebase
2026-04-12 12:04:32,262.55,20.0,63.98,5.995,0.05,0.3,3.57,firebase
2026-04-12 12:04:37,249.15,20.0,63.8,5.988,0.05,0.299,3.57,firebase
2026-04-12 12:04:42,236.54,20.0,63.6,5.976,0.05,0.299,3.58,firebase
2026-04-12 12:04:47,226.09,20.0,63.39,5.961,0.05,0.298,3.58,firebase
2026-04-12 12:04:52,217.02,20.0,63.16,5.942,0.05,0.297,3.59,firebase
2026-04-12 12:04:57,209.01,20.0,62.88,5.916,0.05,0.296,3.59,firebase
2026-04-12 12:05:02,204.12,20.0,62.63,5.89,0.05,0.294,3.6,firebase
2026-04-12 12:05:07,200.93,20.0,62.34,5.858,0.05,0.293,3.6,firebase
2026-04-12 12:05:12,200.0,20.0,62.06,5.824,0.05,0.291,3.61,firebase
2026-04-12 12:05:17,201.04,20.0,61.77,5.788,0.05,0.289,3.61,firebase
2026-04-12 12:05:22,204.17,20.13,61.46,5.748,0.05,0.287,3.62,firebase
2026-04-12 12:05:27,209.23,20.32,61.14,5.706,0.05,0.285,3.62,firebase
2026-04-12 12:05:32,217.79,20.55,60.75,5.652,0.05,0.283,3.63,firebase
2026-04-12 12:05:37,226.6,20.75,60.42,5.607,0.05,0.28,3.63,firebase
2026-04-12 12:05:42,236.7,20.94,60.1,5.562,0.05,0.278,3.64,firebase
2026-04-12 12:05:47,250.17,21.17,59.72,5.508,0.05,0.275,3.64,firebase
2026-04-12 12:05:52,264.6,21.38,59.36,5.455,0.05,0.273,3.65,firebase
2026-04-12 12:05:57,281.69,21.62,58.96,5.398,0.05,0.27,3.65,firebase
2026-04-12 12:06:02,299.25,21.85,58.58,5.343,0.05,0.267,3.66,firebase
2026-04-12 12:06:07,315.11,22.04,58.26,5.296,0.05,0.265,3.66,firebase
2026-04-12 12:06:12,339.6,22.33,57.78,5.228,0.05,0.261,3.67,firebase
2026-04-12 12:06:17,359.88,22.56,57.41,5.174,0.055,0.286,3.67,firebase
2026-04-12 12:06:22,381.68,22.79,57.01,5.119,0.07,0.36,3.68,firebase
2026-04-12 12:06:27,406.07,23.05,56.59,5.06,0.087,0.44,3.68,firebase
2026-04-12 12:06:32,431.72,23.31,56.15,5.001,0.104,0.522,3.69,firebase
2026-04-12 12:06:37,455.36,23.55,55.75,4.948,0.12,0.595,3.69,firebase
2026-04-12 12:06:42,477.11,23.77,55.38,4.901,0.135,0.66,3.7,firebase
2026-04-12 12:06:47,501.67,24.02,54.97,4.849,0.151,0.733,3.7,firebase
2026-04-12 12:06:52,529.9,24.3,54.5,4.8,0.17,0.816,3.71,firebase
2026-04-12 12:06:57,553.6,24.54,54.1,4.8,0.186,0.892,3.71,firebase
2026-04-12 12:07:02,577.57,24.78,53.7,4.8,0.202,0.969,3.72,firebase
2026-04-12 12:07:07,600.67,25.02,53.3,4.8,0.218,1.044,3.72,firebase
2026-04-12 12:07:12,623.44,25.26,52.9,4.8,0.233,1.119,3.73,firebase
2026-04-12 12:07:17,648.1,25.53,52.45,4.8,0.25,1.202,3.73,firebase
2026-04-12 12:07:22,668.9,25.77,52.05,4.8,0.265,1.272,3.74,firebase
2026-04-12 12:07:27,689.85,26.02,51.64,4.8,0.28,1.345,3.74,firebase
2026-04-12 12:07:32,703.17,26.18,51.37,4.8,0.29,1.393,3.74,firebase
2026-04-12 12:07:37,724.45,26.46,50.9,4.8,0.306,1.471,3.75,firebase
2026-04-12 12:07:42,740.7,26.69,50.51,4.8,0.319,1.534,3.76,firebase
2026-04-12 12:07:47,755.34,26.92,50.13,4.8,0.332,1.593,3.76,firebase
2026-04-12 12:07:52,767.59,27.14,49.77,4.8,0.343,1.646,3.77,firebase
2026-04-12 12:07:57,776.1,27.31,49.48,4.8,0.351,1.686,3.77,firebase
2026-04-12 12:08:02,784.13,27.5,49.17,4.8,0.36,1.727,3.77,firebase
2026-04-12 12:08:07,792.54,27.74,48.76,4.8,0.37,1.777,3.78,firebase
2026-04-12 12:08:12,796.77,27.92,48.47,4.8,0.377,1.81,3.78,firebase
2026-04-12 12:08:17,799.37,28.1,48.16,4.8,0.383,1.84,3.79,firebase
2026-04-12 12:08:22,799.9,28.3,47.84,4.8,0.389,1.869,3.79,firebase
2026-04-12 12:08:27,798.2,28.47,47.55,4.8,0.394,1.889,3.8,firebase
2026-04-12 12:08:32,794.33,28.64,47.27,4.8,0.397,1.905,3.8,firebase
2026-04-12 12:08:37,788.57,28.79,47.02,4.8,0.399,1.915,3.81,firebase
2026-04-12 12:08:42,780.35,28.94,46.77,4.8,0.4,1.92,3.81,firebase
2026-04-12 12:08:47,769.85,29.09,46.52,4.8,0.4,1.919,3.82,firebase
2026-04-12 12:08:52,762.38,29.17,46.38,4.8,0.399,1.915,3.82,firebase
2026-04-12 12:08:57,745.09,29.33,46.12,4.8,0.396,1.901,3.83,firebase
2026-04-12 12:09:02,731.83,29.42,45.96,4.8,0.393,1.887,3.83,firebase
2026-04-12 12:09:07,715.76,29.52,45.79,4.8,0.389,1.866,3.84,firebase
2026-04-12 12:09:12,696.8,29.62,45.63,4.8,0.383,1.839,3.84,firebase
2026-04-12 12:09:17,673.89,29.72,45.47,4.8,0.375,1.802,3.85,firebase
2026-04-12 12:09:22,653.3,29.79,45.36,4.845,0.368,1.782,3.85,firebase
2026-04-12 12:09:27,637.51,29.83,45.28,4.882,0.362,1.766,3.85,firebase
2026-04-12 12:09:32,610.61,29.89,45.18,4.946,0.35,1.733,3.86,firebase
2026-04-12 12:09:37,585.96,29.94,45.11,5.003,0.34,1.699,3.86,firebase
2026-04-12 12:09:42,561.57,29.97,45.05,5.059,0.328,1.661,3.87,firebase
2026-04-12 12:09:47,537.93,29.99,45.02,5.113,0.317,1.619,3.87,firebase
2026-04-12 12:09:52,514.53,30.0,45.0,5.167,0.305,1.574,3.87,firebase
2026-04-12 12:09:57,485.37,30.0,45.0,5.233,0.289,1.512,3.88,firebase
2026-04-12 12:10:02,462.84,29.99,45.02,5.285,0.276,1.46,3.88,firebase
2026-04-12 12:10:07,437.08,29.97,45.06,5.344,0.261,1.394,3.89,firebase
2026-04-12 12:10:12,413.3,29.94,45.11,5.399,0.246,1.328,3.89,firebase
2026-04-12 12:10:17,391.5,29.9,45.17,5.45,0.232,1.262,3.89,firebase
2026-04-12 12:10:22,367.62,29.84,45.26,5.505,0.215,1.183,3.9,firebase
2026-04-12 12:10:27,346.93,29.79,45.36,5.554,0.2,1.109,3.9,firebase
2026-04-12 12:10:32,326.38,29.72,45.47,5.604,0.184,1.029,3.9,firebase
2026-04-12 12:10:37,305.32,29.63,45.62,5.655,0.166,0.938,3.91,firebase
2026-04-12 12:10:42,286.56,29.54,45.77,5.702,0.149,0.848,3.91,firebase
2026-04-12 12:10:47,266.96,29.42,45.97,5.753,0.129,0.743,3.92,firebase
2026-04-12 12:10:52,253.58,29.32,46.14,5.788,0.114,0.662,3.92,firebase
2026-04-12 12:10:57,239.64,29.19,46.35,5.827,0.097,0.567,3.92,firebase
2026-04-12 12:11:02,228.76,29.07,46.55,5.859,0.082,0.481,3.93,firebase
2026-04-12 12:11:07,218.82,28.93,46.79,5.89,0.066,0.388,3.93,firebase
2026-04-12 12:11:12,213.0,28.82,46.97,5.91,0.055,0.322,3.93,firebase
2026-04-12 12:11:17,205.41,28.63,47.29,5.941,0.05,0.297,3.94,firebase
2026-04-12 12:11:22,201.92,28.48,47.54,5.959,0.05,0.298,3.94,firebase
2026-04-12 12:11:27,200.11,28.3,47.83,5.976,0.05,0.299,3.94,firebase
2026-04-12 12:11:32,200.38,28.13,48.11,5.987,0.05,0.299,3.94,firebase
2026-04-12 12:11:37,202.97,27.93,48.44,5.996,0.05,0.3,3.95,firebase
2026-04-12 12:11:42,206.26,27.79,48.69,5.999,0.05,0.3,3.95,firebase
2026-04-12 12:11:47,214.27,27.54,49.1,5.999,0.05,0.3,3.95,firebase
2026-04-12 12:11:52,223.31,27.32,49.46,5.995,0.05,0.3,3.96,firebase
2026-04-12 12:11:57,233.02,27.13,49.79,5.987,0.05,0.299,3.96,firebase
2026-04-12 12:12:02,245.91,26.9,50.16,5.974,0.05,0.299,3.96,firebase
2026-04-12 12:12:07,259.6,26.69,50.52,5.958,0.05,0.298,3.96,firebase
2026-04-12 12:12:12,272.81,26.5,50.83,5.941,0.05,0.297,3.97,firebase
2026-04-12 12:12:17,293.49,26.22,51.29,5.913,0.05,0.296,3.97,firebase
2026-04-12 12:12:22,311.26,26.0,51.66,5.887,0.05,0.294,3.97,firebase
2026-04-12 12:12:27,331.36,25.76,52.06,5.856,0.05,0.293,3.97,firebase
2026-04-12 12:12:32,351.63,25.53,52.44,5.823,0.05,0.291,3.97,firebase
2026-04-12 12:12:37,374.48,25.28,52.86,5.784,0.05,0.289,3.98,firebase
2026-04-12 12:12:42,392.12,25.1,53.17,5.753,0.05,0.288,3.98,firebase
2026-04-12 12:12:47,420.6,24.8,53.66,5.702,0.05,0.285,3.98,firebase
2026-04-12 12:12:52,446.16,24.54,54.1,5.654,0.05,0.283,3.98,firebase
2026-04-12 12:12:57,469.39,24.31,54.49,5.609,0.05,0.28,3.98,firebase
2026-04-12 12:13:02,496.43,24.04,54.94,5.554,0.05,0.278,3.99,firebase
2026-04-12 12:13:07,521.03,23.79,55.35,5.503,0.05,0.275,3.99,firebase
2026-04-12 12:13:12,541.65,23.58,55.7,5.459,0.05,0.273,3.99,firebase
2026-04-12 12:13:17,572.61,23.27,56.22,5.39,0.05,0.269,3.99,firebase
2026-04-12 12:13:22,596.11,23.03,56.62,5.335,0.05,0.267,3.99,firebase
2026-04-12 12:13:27,617.63,22.8,57.0,5.283,0.05,0.264,3.99,firebase
2026-04-12 12:13:32,640.76,22.55,57.42,5.224,0.05,0.261,3.99,firebase
2026-04-12 12:13:37,656.48,22.37,57.71,5.183,0.05,0.259,3.99,firebase
2026-04-12 12:13:42,682.46,22.07,58.21,5.111,0.05,0.256,3.99,firebase
2026-04-12 12:13:47,701.34,21.84,58.6,5.055,0.05,0.253,4.0,firebase
2026-04-12 12:13:52,721.25,21.58,59.03,4.993,0.05,0.25,4.0,firebase
2026-04-12 12:13:57,735.87,21.38,59.37,4.943,0.05,0.247,4.0,firebase
2026-04-12 12:14:02,750.54,21.15,59.74,4.89,0.05,0.244,4.0,firebase
2026-04-12 12:14:07,760.33,20.99,60.02,4.851,0.05,0.243,4.0,firebase
2026-04-12 12:14:12,774.69,20.72,60.47,4.8,0.069,0.33,4.0,firebase
2026-04-12 12:14:17,783.15,20.53,60.79,4.8,0.083,0.401,4.0,firebase
2026-04-12 12:14:22,791.09,20.31,61.16,4.8,0.101,0.487,4.0,firebase
2026-04-12 12:14:27,795.97,20.12,61.47,4.8,0.117,0.563,4.0,firebase
2026-04-12 12:14:32,798.49,20.0,61.71,4.8,0.13,0.624,4.0,firebase
2026-04-12 12:14:37,799.95,20.0,62.01,4.8,0.146,0.702,4.0,firebase
2026-04-12 12:14:42,799.13,20.0,62.34,4.8,0.165,0.793,4.0,firebase
2026-04-12 12:14:47,796.01,20.0,62.62,4.8,0.183,0.876,4.0,firebase
2026-04-12 12:14:52,790.92,20.0,62.89,4.8,0.199,0.955,4.0,firebase
2026-04-12 12:14:57,784.07,20.0,63.13,4.8,0.215,1.031,4.0,firebase
2026-04-12 12:15:02,776.16,20.0,63.34,4.8,0.229,1.099,4.0,firebase
2026-04-12 12:15:07,763.09,20.0,63.6,4.8,0.248,1.188,4.0,firebase
2026-04-12 12:15:12,748.69,20.0,63.83,4.8,0.264,1.269,4.0,firebase
2026-04-12 12:15:17,736.02,20.0,63.99,4.8,0.277,1.329,4.0,firebase
2026-04-12 12:15:22,717.67,20.0,64.19,4.8,0.293,1.405,4.0,firebase
2026-04-12 12:15:27,702.3,20.0,64.32,4.8,0.304,1.46,4.0,firebase
2026-04-12 12:15:32,683.53,20.0,64.46,4.8,0.317,1.52,4.0,firebase
2026-04-12 12:15:37,667.12,20.0,64.57,4.8,0.327,1.567,3.99,firebase
2026-04-12 12:15:42,641.44,20.0,64.7,4.8,0.34,1.632,3.99,firebase
2026-04-12 12:15:47,619.26,20.0,64.79,4.8,0.35,1.682,3.99,firebase
2026-04-12 12:15:52,596.37,20.0,64.87,4.8,0.36,1.727,3.99,firebase
2026-04-12 12:15:57,569.83,20.0,64.93,4.8,0.369,1.772,3.99,firebase
2026-04-12 12:16:02,545.71,20.0,64.97,4.8,0.377,1.807,3.99,firebase
2026-04-12 12:16:07,527.66,20.0,64.99,4.8,0.381,1.831,3.99,firebase
2026-04-12 12:16:12,494.76,20.0,65.0,4.8,0.389,1.866,3.98,firebase
2026-04-12 12:16:17,470.67,20.0,64.99,4.8,0.393,1.887,3.98,firebase
2026-04-12 12:16:22,446.31,20.0,64.96,4.8,0.396,1.903,3.98,firebase
2026-04-12 12:16:27,423.38,20.0,64.92,4.8,0.399,1.913,3.98,firebase
2026-04-12 12:16:32,404.01,20.0,64.87,4.8,0.4,1.918,3.98,firebase
2026-04-12 12:16:37,379.67,20.0,64.79,4.8,0.4,1.92,3.98,firebase
2026-04-12 12:16:42,352.82,20.0,64.67,4.846,0.399,1.933,3.97,firebase
2026-04-12 12:16:47,330.66,20.0,64.55,4.901,0.397,1.943,3.97,firebase
2026-04-12 12:16:52,310.92,20.0,64.42,4.954,0.393,1.948,3.97,firebase
2026-04-12 12:16:57,293.66,20.0,64.29,5.004,0.389,1.948,3.97,firebase
2026-04-12 12:17:02,275.52,20.0,64.12,5.062,0.384,1.943,3.97,firebase
2026-04-12 12:17:07,259.07,20.0,63.93,5.121,0.377,1.931,3.96,firebase
2026-04-12 12:17:12,245.23,20.0,63.74,5.178,0.37,1.914,3.96,firebase
2026-04-12 12:17:17,233.14,20.0,63.53,5.234,0.361,1.892,3.96,firebase
2026-04-12 12:17:22,222.99,20.0,63.32,5.289,0.352,1.864,3.96,firebase
2026-04-12 12:17:27,213.89,20.0,63.06,5.349,0.342,1.827,3.95,firebase
2026-04-12 12:17:32,208.7,20.0,62.87,5.392,0.333,1.796,3.95,firebase
2026-04-12 12:17:37,203.57,20.0,62.6,5.449,0.321,1.748,3.95,firebase
2026-04-12 12:17:42,200.53,20.0,62.28,5.51,0.306,1.688,3.94,firebase
2026-04-12 12:17:47,200.11,20.0,61.97,5.564,0.292,1.627,3.94,firebase
2026-04-12 12:17:52,201.79,20.0,61.67,5.613,0.279,1.564,3.94,firebase
2026-04-12 12:17:57,205.47,20.18,61.36,5.66,0.264,1.497,3.94,firebase
2026-04-12 12:18:02,209.82,20.34,61.11,5.696,0.253,1.439,3.93,firebase
2026-04-12 12:18:07,218.33,20.56,60.73,5.745,0.235,1.351,3.93,firebase
2026-04-12 12:18:12,228.85,20.79,60.35,5.789,0.218,1.261,3.93,firebase
2026-04-12 12:18:17,240.25,21.0,60.0,5.826,0.202,1.176,3.92,firebase
2026-04-12 12:18:22,254.28,21.23,59.62,5.861,0.185,1.083,3.92,firebase
2026-04-12 12:18:27,269.2,21.45,59.25,5.891,0.168,0.992,3.92,firebase
2026-04-12 12:18:35,298.37,21.84,58.6,5.935,0.14,0.833,3.91,firebase
2026-04-12 12:18:40,314.22,22.03,58.28,5.952,0.127,0.753,3.91,firebase
2026-04-12 12:18:45,333.19,22.26,57.91,5.969,0.111,0.663,3.9,firebase
2026-04-12 12:18:50,357.81,22.53,57.44,5.984,0.092,0.552,3.9,firebase
2026-04-12 12:18:55,373.58,22.71,57.16,5.991,0.081,0.484,3.9,firebase
2026-04-12 12:19:00,396.68,22.95,56.75,5.998,0.065,0.39,3.89,firebase
2026-04-12 12:19:05,426.39,23.26,56.24,6.0,0.05,0.3,3.89,firebase
2026-04-12 12:19:10,450.44,23.5,55.83,5.997,0.05,0.3,3.88,firebase
2026-04-12 12:19:15,474.76,23.75,55.42,5.991,0.05,0.3,3.88,firebase
2026-04-12 12:19:20,501.3,24.01,54.98,5.979,0.05,0.299,3.88,firebase
2026-04-12 12:19:25,525.42,24.25,54.58,5.965,0.05,0.298,3.87,firebase
2026-04-12 12:19:30,544.45,24.45,54.26,5.951,0.05,0.298,3.87,firebase
2026-04-12 12:19:35,573.86,24.74,53.76,5.925,0.05,0.296,3.86,firebase
2026-04-12 12:19:40,597.35,24.99,53.36,5.899,0.05,0.295,3.86,firebase
2026-04-12 12:19:45,621.66,25.24,52.93,5.868,0.05,0.293,3.86,firebase
2026-04-12 12:19:50,645.04,25.5,52.5,5.834,0.05,0.292,3.85,firebase
2026-04-12 12:19:55,666.05,25.73,52.11,5.798,0.05,0.29,3.85,firebase
2026-04-12 12:20:00,681.67,25.92,51.8,5.768,0.05,0.288,3.84,firebase
2026-04-12 12:20:05,705.7,26.21,51.31,5.715,0.05,0.286,3.84,firebase
2026-04-12 12:20:10,721.87,26.43,50.96,5.673,0.05,0.284,3.83,firebase
2026-04-12 12:20:15,737.92,26.65,50.58,5.626,0.05,0.281,3.83,firebase
2026-04-12 12:20:20,752.08,26.87,50.22,5.577,0.05,0.279,3.82,firebase
2026-04-12 12:20:25,765.04,27.09,49.84,5.525,0.05,0.276,3.82,firebase
2026-04-12 12:20:30,774.73,27.28,49.53,5.478,0.05,0.274,3.82,firebase
2026-04-12 12:20:35,784.43,27.5,49.16,5.419,0.05,0.271,3.81,firebase
2026-04-12 12:20:40,791.65,27.71,48.81,5.361,0.05,0.268,3.81,firebase
2026-04-12 12:20:45,796.25,27.89,48.51,5.308,0.05,0.265,3.8,firebase
2026-04-12 12:20:50,799.21,28.09,48.19,5.25,0.05,0.262,3.8,firebase
2026-04-12 12:20:55,799.97,28.27,47.88,5.191,0.05,0.26,3.79,firebase
2026-04-12 12:21:00,798.46,28.45,47.58,5.131,0.05,0.257,3.79,firebase
2026-04-12 12:21:05,795.45,28.6,47.34,5.081,0.05,0.254,3.78,firebase
2026-04-12 12:21:10,789.52,28.77,47.06,5.02,0.05,0.251,3.78,firebase
2026-04-12 12:21:15,783.01,28.9,46.84,4.971,0.05,0.249,3.77,firebase
2026-04-12 12:21:20,772.61,29.05,46.58,4.911,0.05,0.246,3.77,firebase
2026-04-12 12:21:25,763.56,29.16,46.4,4.869,0.05,0.243,3.76,firebase
2026-04-12 12:21:30,747.93,29.3,46.16,4.808,0.05,0.24,3.76,firebase
2026-04-12 12:21:35,733.31,29.41,45.98,4.8,0.05,0.24,3.75,firebase
2026-04-12 12:21:40,716.0,29.52,45.8,4.8,0.05,0.24,3.75,firebase
2026-04-12 12:21:45,698.27,29.61,45.64,4.8,0.05,0.24,3.74,firebase
2026-04-12 12:21:50,679.18,29.7,45.51,4.8,0.05,0.24,3.74,firebase
2026-04-12 12:21:55,655.9,29.78,45.37,4.8,0.05,0.24,3.73,firebase
2026-04-12 12:22:00,636.13,29.83,45.28,4.8,0.058,0.278,3.73,firebase
2026-04-12 12:22:05,613.84,29.89,45.19,4.8,0.073,0.352,3.72,firebase
2026-04-12 12:22:10,590.59,29.93,45.12,4.8,0.089,0.428,3.72,firebase
2026-04-12 12:22:15,566.57,29.96,45.06,4.8,0.105,0.506,3.71,firebase
2026-04-12 12:22:20,541.37,29.99,45.02,4.8,0.122,0.587,3.71,firebase
2026-04-12 12:22:25,522.24,30.0,45.01,4.8,0.135,0.649,3.7,firebase
2026-04-12 12:22:30,490.76,30.0,45.0,4.8,0.156,0.75,3.7,firebase
2026-04-12 12:22:35,467.78,29.99,45.01,4.8,0.171,0.823,3.69,firebase
2026-04-12 12:22:40,442.01,29.97,45.05,4.8,0.189,0.906,3.69,firebase
2026-04-12 12:22:45,418.07,29.94,45.1,4.8,0.205,0.983,3.68,firebase
2026-04-12 12:22:50,399.44,29.91,45.15,4.8,0.218,1.044,3.68,firebase
2026-04-12 12:22:55,375.62,29.86,45.23,4.8,0.234,1.122,3.67,firebase
2026-04-12 12:23:00,350.36,29.8,45.34,4.8,0.251,1.207,3.67,firebase
2026-04-12 12:23:05,328.24,29.72,45.46,4.8,0.267,1.282,3.66,firebase
2026-04-12 12:23:10,307.58,29.64,45.6,4.8,0.282,1.354,3.66,firebase
2026-04-12 12:23:15,289.39,29.55,45.75,4.8,0.296,1.42,3.65,firebase
2026-04-12 12:23:20,276.14,29.48,45.87,4.8,0.306,1.469,3.65,firebase
2026-04-12 12:23:25,258.27,29.35,46.08,4.8,0.32,1.538,3.64,firebase
2026-04-12 12:23:30,244.27,29.24,46.27,4.8,0.332,1.595,3.64,firebase
2026-04-12 12:23:35,232.31,29.11,46.48,4.8,0.343,1.646,3.63,firebase
2026-04-12 12:23:40,221.14,28.96,46.73,4.8,0.354,1.699,3.63,firebase
2026-04-12 12:23:45,213.04,28.82,46.96,4.8,0.363,1.742,3.62,firebase
2026-04-12 12:23:50,208.03,28.71,47.16,4.8,0.369,1.773,3.62,firebase
2026-04-12 12:23:55,202.35,28.5,47.5,4.8,0.379,1.818,3.61,firebase
2026-04-12 12:24:00,200.6,28.37,47.71,4.814,0.384,1.847,3.61,firebase
2026-04-12 12:24:05,200.26,28.15,48.08,4.879,0.39,1.904,3.6,firebase
2026-04-12 12:24:10,202.3,27.97,48.38,4.931,0.394,1.944,3.6,firebase
2026-04-12 12:24:15,205.57,27.81,48.64,4.976,0.397,1.975,3.6,firebase
2026-04-12 12:24:20,211.29,27.62,48.97,5.031,0.399,2.007,3.59,firebase
2026-04-12 12:24:25,220.29,27.39,49.35,5.095,0.4,2.038,3.59,firebase
2026-04-12 12:24:30,229.97,27.19,49.69,5.15,0.4,2.059,3.58,firebase
2026-04-12 12:24:35,243.28,26.95,50.09,5.214,0.398,2.076,3.58,firebase
2026-04-12 12:24:40,256.84,26.73,50.45,5.27,0.396,2.085,3.57,firebase
2026-04-12 12:24:45,269.55,26.54,50.76,5.317,0.393,2.088,3.57,firebase
2026-04-12 12:24:50,287.99,26.29,51.18,5.378,0.388,2.085,3.56,firebase
2026-04-12 12:24:55,306.9,26.06,51.57,5.435,0.382,2.076,3.56,firebase
2026-04-12 12:25:00,325.89,25.83,51.95,5.487,0.375,2.06,3.55,firebase
2026-04-12 12:25:05,346.98,25.59,52.36,5.54,0.368,2.037,3.55,firebase
2026-04-12 12:25:10,369.99,25.33,52.78,5.593,0.359,2.006,3.55,firebase
2026-04-12 12:25:15,391.51,25.1,53.16,5.639,0.35,1.971,3.54,firebase
2026-04-12 12:25:20,416.2,24.85,53.59,5.687,0.339,1.926,3.54,firebase
2026-04-12 12:25:25,439.69,24.61,53.99,5.73,0.328,1.877,3.53,firebase
2026-04-12 12:25:30,464.35,24.36,54.4,5.771,0.316,1.821,3.53,firebase
2026-04-12 12:25:35,490.34,24.1,54.84,5.811,0.302,1.756,3.53,firebase
2026-04-12 12:25:40,514.06,23.86,55.23,5.845,0.289,1.691,3.52,firebase
2026-04-12 12:25:45,534.08,23.66,55.57,5.871,0.278,1.632,3.52,firebase
2026-04-12 12:25:50,563.63,23.36,56.07,5.906,0.26,1.538,3.51,firebase
2026-04-12 12:25:55,588.41,23.11,56.49,5.932,0.245,1.452,3.51,firebase
2026-04-12 12:26:00,613.02,22.85,56.92,5.954,0.228,1.36,3.51,firebase
2026-04-12 12:26:05,634.42,22.62,57.3,5.97,0.213,1.274,3.5,firebase
2026-04-12 12:26:10,659.5,22.34,57.77,5.985,0.195,1.165,3.5,firebase
2026-04-12 12:26:15,674.16,22.17,58.05,5.992,0.183,1.097,3.5,firebase
2026-04-12 12:26:20,695.64,21.91,58.48,5.998,0.165,0.99,3.5,firebase
2026-04-12 12:26:25,714.71,21.67,58.88,6.0,0.148,0.885,3.5,firebase
2026-04-12 12:26:30,732.07,21.43,59.28,5.997,0.13,0.781,3.5,firebase
2026-04-12 12:26:35,747.51,21.2,59.66,5.99,0.113,0.678,3.5,firebase
2026-04-12 12:26:40,757.23,21.04,59.93,5.982,0.101,0.606,3.5,firebase
2026-04-12 12:26:45,772.45,20.77,60.39,5.964,0.08,0.479,3.5,firebase
2026-04-12 12:26:50,780.9,20.58,60.7,5.947,0.066,0.394,3.5,firebase
2026-04-12 12:26:55,789.3,20.36,61.06,5.923,0.05,0.296,3.5,firebase
2026-04-12 12:27:00,794.53,20.18,61.36,5.898,0.05,0.295,3.5,firebase
2026-04-12 12:27:05,798.38,20.0,61.69,5.867,0.05,0.293,3.5,firebase
2026-04-12 12:27:10,799.76,20.0,61.93,5.842,0.05,0.292,3.5,firebase
2026-04-12 12:27:15,799.37,20.0,62.3,5.797,0.05,0.29,3.5,firebase
2026-04-12 12:27:20,796.77,20.0,62.57,5.758,0.05,0.288,3.5,firebase
2026-04-12 12:27:25,791.83,20.0,62.85,5.714,0.05,0.286,3.5,firebase
2026-04-12 12:27:30,785.5,20.0,63.08,5.671,0.05,0.284,3.5,firebase
2026-04-12 12:27:35,776.58,20.0,63.33,5.623,0.05,0.281,3.5,firebase
2026-04-12 12:27:40,768.61,20.0,63.5,5.585,0.05,0.279,3.5,firebase
2026-04-12 12:27:45,753.93,20.0,63.75,5.523,0.05,0.276,3.5,firebase
2026-04-12 12:27:50,739.09,20.0,63.96,5.468,0.05,0.273,3.5,firebase
2026-04-12 12:27:55,722.35,20.0,64.14,5.411,0.05,0.271,3.5,firebase
2026-04-12 12:28:00,706.2,20.0,64.29,5.36,0.05,0.268,3.5,firebase
2026-04-12 12:28:05,686.56,20.0,64.44,5.301,0.05,0.265,3.5,firebase
2026-04-12 12:28:10,666.8,20.0,64.57,5.245,0.05,0.262,3.5,firebase
2026-04-12 12:28:15,644.47,20.0,64.69,5.186,0.05,0.259,3.5,firebase
2026-04-12 12:28:20,623.81,20.0,64.77,5.133,0.05,0.257,3.5,firebase
2026-04-12 12:28:25,602.07,20.0,64.85,5.079,0.05,0.254,3.5,firebase
2026-04-12 12:28:30,576.09,20.0,64.92,5.018,0.05,0.251,3.5,firebase
2026-04-12 12:28:35,555.92,20.0,64.96,4.973,0.05,0.249,3.5,firebase
2026-04-12 12:28:40,527.81,20.0,64.99,4.911,0.05,0.246,3.5,firebase
2026-04-12 12:28:45,503.25,20.0,65.0,4.86,0.05,0.243,3.5,firebase
2026-04-12 12:28:50,477.16,20.0,64.99,4.807,0.05,0.24,3.5,firebase
2026-04-12 12:28:55,452.34,20.0,64.97,4.8,0.05,0.24,3.5,firebase
2026-04-12 12:29:00,427.12,20.0,64.92,4.8,0.05,0.24,3.5,firebase
2026-04-12 12:29:07,389.9,20.0,64.82,4.8,0.05,0.24,3.5,firebase
2026-04-12 12:29:12,369.48,20.0,64.75,4.8,0.05,0.24,3.5,firebase
2026-04-12 12:29:17,348.72,20.0,64.65,4.8,0.05,0.24,3.5,firebase
2026-04-12 12:29:22,327.2,20.0,64.53,4.8,0.05,0.24,3.5,firebase
2026-04-12 12:29:27,306.51,20.0,64.39,4.8,0.05,0.24,3.5,firebase
2026-04-12 12:29:32,289.5,20.0,64.25,4.8,0.05,0.24,3.5,firebase
2026-04-12 12:29:37,275.24,20.0,64.12,4.8,0.05,0.24,3.5,firebase
2026-04-12 12:29:42,256.54,20.0,63.9,4.8,0.05,0.24,3.5,firebase
2026-04-12 12:29:47,243.04,20.0,63.71,4.8,0.05,0.24,3.5,firebase
2026-04-12 12:29:52,231.67,20.0,63.51,4.8,0.059,0.285,3.5,firebase
2026-04-12 12:29:57,220.66,20.0,63.26,4.8,0.076,0.367,3.5,firebase
2026-04-12 12:30:02,214.09,20.0,63.07,4.8,0.089,0.428,3.5,firebase
2026-04-12 12:30:07,207.73,20.0,62.83,4.8,0.105,0.503,3.5,firebase
2026-04-12 12:30:12,202.24,20.0,62.49,4.8,0.126,0.603,3.5,firebase
2026-04-12 12:30:17,200.19,20.0,62.19,4.8,0.143,0.686,3.5,firebase
2026-04-12 12:30:22,200.26,20.0,61.92,4.8,0.158,0.76,3.5,firebase
2026-04-12 12:30:27,202.47,20.04,61.6,4.8,0.176,0.843,3.5,firebase
2026-04-12 12:30:32,205.72,20.19,61.35,4.8,0.189,0.907,3.5,firebase
2026-04-12 12:30:37,213.19,20.43,60.94,4.8,0.209,1.003,3.5,firebase
2026-04-12 12:30:42,220.2,20.61,60.65,4.8,0.223,1.069,3.5,firebase
2026-04-12 12:30:47,231.61,20.84,60.26,4.8,0.241,1.155,3.5,firebase
2026-04-12 12:30:52,242.62,21.04,59.93,4.8,0.255,1.222,3.5,firebase
2026-04-12 12:30:57,257.97,21.29,59.52,4.8,0.271,1.301,3.5,firebase
2026-04-12 12:31:02,273.28,21.51,59.15,4.8,0.285,1.369,3.5,firebase
2026-04-12 12:31:07,290.12,21.73,58.78,4.8,0.299,1.434,3.5,firebase
2026-04-12 12:31:12,307.95,21.96,58.4,4.8,0.311,1.494,3.5,firebase
2026-04-12 12:31:17,328.74,22.21,57.99,4.802,0.324,1.557,3.5,firebase
2026-04-12 12:31:22,347.3,22.42,57.64,4.846,0.334,1.621,3.5,firebase
2026-04-12 12:31:27,371.58,22.68,57.19,4.904,0.346,1.698,3.5,firebase
2026-04-12 12:31:32,392.85,22.91,56.82,4.954,0.355,1.761,3.5,firebase
2026-04-12 12:31:37,417.14,23.16,56.39,5.01,0.365,1.827,3.5,firebase
2026-04-12 12:31:42,441.0,23.41,55.99,5.065,0.373,1.887,3.5,firebase
2026-04-12 12:31:47,466.81,23.67,55.55,5.124,0.38,1.947,3.5,firebase
2026-04-12 12:31:52,491.7,23.92,55.14,5.181,0.386,2.0,3.5,firebase
2026-04-12 12:31:57,517.45,24.17,54.71,5.24,0.391,2.049,3.5,firebase
2026-04-12 12:32:02,538.02,24.38,54.36,5.287,0.394,2.085,3.5,firebase
2026-04-12 12:32:07,565.55,24.66,53.9,5.35,0.398,2.127,3.5,firebase
2026-04-12 12:32:12,591.21,24.92,53.46,5.409,0.399,2.161,3.5,firebase
2026-04-12 12:32:17,613.84,25.16,53.07,5.462,0.4,2.185,3.5,firebase
2026-04-12 12:32:22,635.7,25.4,52.67,5.513,0.4,2.203,3.5,firebase
2026-04-12 12:32:27,656.68,25.63,52.29,5.563,0.398,2.214,3.5,firebase
2026-04-12 12:32:32,673.96,25.83,51.96,5.605,0.396,2.219,3.5,firebase
2026-04-12 12:32:37,697.88,26.11,51.48,5.663,0.391,2.217,3.5,firebase
2026-04-12 12:32:42,717.4,26.37,51.06,5.712,0.386,2.206,3.5,firebase
2026-04-12 12:32:47,732.33,26.57,50.71,5.751,0.381,2.19,3.5,firebase
2026-04-12 12:32:52,746.73,26.79,50.36,5.789,0.374,2.166,3.5,firebase
2026-04-12 12:32:57,757.97,26.97,50.05,5.82,0.368,2.14,3.5,firebase
2026-04-12 12:33:02,772.13,27.23,49.62,5.862,0.357,2.093,3.5,firebase
2026-04-12 12:33:07,781.76,27.44,49.27,5.892,0.347,2.046,3.5,firebase
2026-04-12 12:33:12,789.64,27.65,48.92,5.92,0.336,1.989,3.5,firebase
2026-04-12 12:33:17,794.79,27.83,48.62,5.942,0.325,1.933,3.5,firebase
2026-04-12 12:33:22,798.51,28.03,48.29,5.962,0.313,1.864,3.5,firebase
2026-04-12 12:33:27,799.98,28.22,47.97,5.978,0.299,1.787,3.5,firebase
2026-04-12 12:33:32,799.5,28.36,47.73,5.988,0.287,1.721,3.5,firebase
2026-04-12 12:33:37,796.58,28.55,47.41,5.996,0.271,1.628,3.5,firebase
2026-04-12 12:33:42,791.84,28.71,47.15,6.0,0.257,1.541,3.5,firebase
2026-04-12 12:33:47,785.22,28.86,46.91,5.999,0.242,1.451,3.5,firebase
2026-04-12 12:33:52,776.06,29.0,46.66,5.994,0.225,1.351,3.5,firebase
2026-04-12 12:33:57,765.29,29.14,46.44,5.985,0.209,1.253,3.5,firebase
2026-04-12 12:34:02,752.39,29.27,46.22,5.972,0.193,1.151,3.5,firebase
2026-04-12 12:34:07,738.23,29.38,46.03,5.955,0.176,1.05,3.5,firebase
2026-04-12 12:34:12,726.82,29.46,45.9,5.941,0.164,0.976,3.5,firebase
2026-04-12 12:34:17,704.24,29.58,45.69,5.91,0.143,0.843,3.5,firebase
2026-04-12 12:34:22,690.94,29.65,45.59,5.89,0.131,0.771,3.5,firebase
2026-04-12 12:34:27,666.07,29.74,45.43,5.851,0.11,0.646,3.5,firebase
2026-04-12 12:34:32,643.26,29.82,45.31,5.814,0.093,0.541,3.5,firebase
2026-04-12 12:34:37,622.6,29.87,45.22,5.779,0.078,0.452,3.5,firebase
2026-04-12 12:34:42,597.97,29.92,45.14,5.736,0.061,0.352,3.51,firebase
2026-04-12 12:34:47,577.41,29.95,45.09,5.698,0.05,0.285,3.51,firebase
2026-04-12 12:34:52,556.12,29.97,45.04,5.658,0.05,0.283,3.51,firebase
2026-04-12 12:34:57,526.01,29.99,45.01,5.6,0.05,0.28,3.52,firebase
2026-04-12 12:35:02,501.88,30.0,45.0,5.551,0.05,0.278,3.52,firebase
2026-04-12 12:35:07,475.83,30.0,45.01,5.496,0.05,0.275,3.53,firebase
2026-04-12 12:35:12,449.94,29.98,45.04,5.44,0.05,0.272,3.53,firebase
2026-04-12 12:35:17,425.9,29.95,45.08,5.386,0.05,0.269,3.54,firebase
2026-04-12 12:35:22,407.45,29.93,45.12,5.343,0.05,0.267,3.54,firebase
2026-04-12 12:35:27,379.42,29.87,45.21,5.275,0.05,0.264,3.54,firebase
2026-04-12 12:35:32,356.01,29.81,45.31,5.216,0.05,0.261,3.55,firebase
2026-04-12 12:35:37,337.18,29.75,45.41,5.166,0.05,0.258,3.55,firebase
2026-04-12 12:35:42,315.0,29.67,45.55,5.104,0.05,0.255,3.56,firebase
2026-04-12 12:35:47,295.17,29.58,45.7,5.045,0.05,0.252,3.56,firebase
2026-04-12 12:35:52,276.53,29.48,45.87,4.985,0.05,0.249,3.57,firebase
2026-04-12 12:35:57,263.1,29.39,46.02,4.94,0.05,0.247,3.57,firebase
2026-04-12 12:36:02,247.77,29.27,46.22,4.883,0.05,0.244,3.58,firebase
2026-04-12 12:36:07,234.8,29.14,46.43,4.83,0.05,0.242,3.58,firebase
2026-04-12 12:36:12,224.21,29.01,46.65,4.8,0.05,0.24,3.58,firebase
2026-04-12 12:36:17,217.59,28.91,46.82,4.8,0.05,0.24,3.59,firebase
2026-04-12 12:36:22,208.4,28.71,47.14,4.8,0.05,0.24,3.59,firebase
2026-04-12 12:36:27,203.78,28.57,47.39,4.8,0.05,0.24,3.6,firebase
2026-04-12 12:36:32,200.77,28.39,47.68,4.8,0.05,0.24,3.6,firebase
2026-04-12 12:36:37,200.0,28.23,47.95,4.8,0.05,0.24,3.61,firebase
2026-04-12 12:36:42,201.22,28.05,48.26,4.8,0.05,0.24,3.61,firebase
2026-04-12 12:36:47,204.13,27.88,48.54,4.8,0.05,0.24,3.62,firebase
2026-04-12 12:36:52,209.77,27.67,48.89,4.8,0.05,0.24,3.62,firebase
2026-04-12 12:36:57,217.0,27.47,49.22,4.8,0.05,0.24,3.63,firebase
2026-04-12 12:37:02,226.67,27.25,49.58,4.8,0.05,0.24,3.63,firebase
2026-04-12 12:37:07,238.46,27.03,49.95,4.8,0.05,0.24,3.64,firebase
2026-04-12 12:37:12,251.38,26.82,50.31,4.8,0.05,0.24,3.64,firebase
2026-04-12 12:37:17,263.55,26.63,50.62,4.8,0.05,0.24,3.65,firebase
2026-04-12 12:37:22,281.37,26.38,51.03,4.8,0.05,0.24,3.65,firebase
2026-04-12 12:37:27,300.81,26.13,51.45,4.8,0.05,0.24,3.66,firebase
2026-04-12 12:37:32,318.94,25.91,51.82,4.8,0.05,0.24,3.66,firebase
2026-04-12 12:37:37,341.35,25.65,52.25,4.8,0.05,0.24,3.67,firebase
2026-04-12 12:37:42,362.88,25.41,52.65,4.8,0.057,0.275,3.67,firebase
2026-04-12 12:37:47,380.06,25.23,52.96,4.8,0.069,0.332,3.68,firebase
2026-04-12 12:37:52,408.13,24.93,53.45,4.8,0.088,0.424,3.68,firebase
2026-04-12 12:37:57,434.78,24.66,53.91,4.8,0.106,0.511,3.69,firebase
2026-04-12 12:38:02,457.44,24.43,54.29,4.8,0.122,0.584,3.69,firebase
2026-04-12 12:38:07,481.87,24.18,54.7,4.8,0.138,0.662,3.7,firebase
2026-04-12 12:38:12,502.61,23.97,55.04,4.8,0.152,0.728,3.7,firebase
2026-04-12 12:38:17,531.4,23.69,55.52,4.8,0.171,0.821,3.71,firebase
2026-04-12 12:38:22,555.25,23.45,55.92,4.8,0.187,0.897,3.71,firebase
2026-04-12 12:38:27,580.69,23.19,56.36,4.8,0.204,0.979,3.72,firebase
2026-04-12 12:38:32,604.09,22.94,56.76,4.8,0.22,1.056,3.72,firebase
2026-04-12 12:38:37,628.19,22.69,57.19,4.803,0.236,1.136,3.73,firebase
2026-04-12 12:38:42,649.88,22.45,57.59,4.853,0.252,1.221,3.73,firebase
2026-04-12 12:38:47,670.66,22.21,57.98,4.904,0.266,1.306,3.74,firebase
2026-04-12 12:38:52,687.3,22.02,58.31,4.949,0.278,1.378,3.74,firebase
2026-04-12 12:38:57,708.61,21.75,58.75,5.011,0.294,1.475,3.75,firebase
2026-04-12 12:39:02,727.63,21.49,59.18,5.073,0.309,1.567,3.75,firebase
2026-04-12 12:39:07,741.89,21.29,59.52,5.125,0.32,1.642,3.76,firebase
2026-04-12 12:39:12,756.03,21.06,59.89,5.183,0.332,1.723,3.76,firebase
2026-04-12 12:39:17,768.31,20.85,60.26,5.241,0.344,1.801,3.77,firebase
2026-04-12 12:39:22,778.37,20.64,60.6,5.297,0.354,1.872,3.77,firebase
2026-04-12 12:39:27,787.04,20.43,60.96,5.356,0.363,1.945,3.78,firebase
2026-04-12 12:39:32,793.23,20.23,61.28,5.411,0.371,2.009,3.78,firebase
2026-04-12 12:39:37,797.42,20.04,61.59,5.464,0.378,2.067,3.79,firebase
2026-04-12 12:39:42,799.71,20.0,61.91,5.52,0.385,2.124,3.79,firebase
2026-04-12 12:39:47,799.84,20.0,62.19,5.567,0.39,2.17,3.79,firebase
2026-04-12 12:39:52,797.85,20.0,62.48,5.619,0.394,2.214,3.8,firebase
2026-04-12 12:39:57,793.91,20.0,62.75,5.666,0.397,2.25,3.8,firebase
2026-04-12 12:40:02,787.99,20.0,63.0,5.711,0.399,2.279,3.81,firebase
2026-04-12 12:40:07,778.77,20.0,63.27,5.759,0.4,2.303,3.81,firebase
2026-04-12 12:40:12,770.45,20.0,63.46,5.792,0.4,2.315,3.82,firebase
2026-04-12 12:40:17,758.14,20.0,63.69,5.83,0.398,2.323,3.82,firebase
2026-04-12 12:40:22,744.76,20.0,63.88,5.863,0.396,2.322,3.83,firebase
2026-04-12 12:40:27,728.68,20.0,64.08,5.895,0.392,2.312,3.83,firebase
2026-04-12 12:40:32,712.1,20.0,64.24,5.921,0.388,2.296,3.84,firebase
2026-04-12 12:40:37,692.88,20.0,64.4,5.945,0.382,2.27,3.84,firebase
2026-04-12 12:40:42,673.43,20.0,64.53,5.963,0.375,2.237,3.85,firebase
2026-04-12 12:40:47,654.05,20.0,64.64,5.977,0.368,2.2,3.85,firebase
2026-04-12 12:40:52,631.16,20.0,64.75,5.989,0.359,2.15,3.85,firebase
2026-04-12 12:40:57,608.65,20.0,64.83,5.997,0.35,2.097,3.86,firebase
2026-04-12 12:41:02,583.87,20.0,64.9,6.0,0.339,2.032,3.86,firebase
2026-04-12 12:41:07,565.28,20.0,64.94,5.999,0.33,1.98,3.87,firebase
2026-04-12 12:41:12,535.31,20.0,64.98,5.994,0.315,1.89,3.87,firebase
2026-04-12 12:41:17,511.32,20.0,65.0,5.985,0.303,1.813,3.87,firebase
2026-04-12 12:41:22,485.18,20.0,65.0,5.972,0.289,1.725,3.88,firebase
2026-04-12 12:41:27,460.7,20.0,64.98,5.955,0.275,1.637,3.88,firebase
2026-04-12 12:41:32,435.03,20.0,64.94,5.933,0.26,1.54,3.89,firebase
2026-04-12 12:41:37,409.79,20.0,64.88,5.907,0.244,1.439,3.89,firebase
2026-04-12 12:41:42,388.15,20.0,64.82,5.881,0.229,1.348,3.89,firebase
2026-04-12 12:41:54,333.63,20.0,64.57,5.797,0.189,1.098,3.9,firebase
2026-04-12 12:41:59,315.2,20.0,64.45,5.761,0.174,1.004,3.91,firebase
2026-04-12 12:42:04,296.44,20.0,64.31,5.72,0.158,0.903,3.91,firebase
2026-04-12 12:42:09,279.11,20.0,64.16,5.676,0.142,0.804,3.91,firebase
2026-04-12 12:42:14,263.25,20.0,63.98,5.63,0.125,0.705,3.92,firebase
2026-04-12 12:42:19,248.11,20.0,63.78,5.578,0.108,0.602,3.92,firebase
2026-04-12 12:42:24,234.87,20.0,63.57,5.524,0.091,0.502,3.92,firebase
2026-04-12 12:42:29,223.21,20.0,63.32,5.466,0.073,0.401,3.93,firebase
2026-04-12 12:42:34,215.06,20.0,63.1,5.416,0.059,0.318,3.93,firebase
2026-04-12 12:42:39,208.33,20.0,62.85,5.361,0.05,0.268,3.93,firebase
2026-04-12 12:42:44,203.98,20.0,62.62,5.311,0.05,0.266,3.94,firebase
2026-04-12 12:42:49,200.94,20.0,62.35,5.254,0.05,0.263,3.94,firebase
2026-04-12 12:42:54,200.01,20.0,62.05,5.195,0.05,0.26,3.94,firebase
2026-04-12 12:42:59,201.6,20.0,61.7,5.129,0.05,0.256,3.95,firebase
2026-04-12 12:43:04,204.77,20.15,61.41,5.078,0.05,0.254,3.95,firebase
2026-04-12 12:43:09,210.1,20.34,61.09,5.023,0.05,0.251,3.95,firebase
2026-04-12 12:43:14,217.39,20.54,60.76,4.969,0.05,0.248,3.95,firebase
2026-04-12 12:43:19,227.3,20.76,60.4,4.912,0.05,0.246,3.96,firebase
2026-04-12 12:43:24,238.36,20.97,60.05,4.861,0.05,0.243,3.96,firebase
2026-04-12 12:43:29,249.42,21.15,59.74,4.817,0.05,0.241,3.96,firebase
2026-04-12 12:43:34,266.55,21.41,59.31,4.8,0.05,0.24,3.96,firebase
2026-04-12 12:43:39,281.92,21.63,58.96,4.8,0.05,0.24,3.97,firebase
2026-04-12 12:43:44,299.5,21.85,58.58,4.8,0.05,0.24,3.97,firebase
2026-04-12 12:43:49,319.7,22.1,58.17,4.8,0.05,0.24,3.97,firebase
2026-04-12 12:43:54,341.2,22.35,57.75,4.8,0.05,0.24,3.97,firebase
2026-04-12 12:43:59,362.55,22.59,57.36,4.8,0.05,0.24,3.98,firebase
2026-04-12 12:44:04,384.84,22.83,56.96,4.8,0.05,0.24,3.98,firebase
2026-04-12 12:44:09,407.92,23.07,56.55,4.8,0.05,0.24,3.98,firebase
2026-04-12 12:44:14,434.58,23.34,56.1,4.8,0.05,0.24,3.98,firebase
2026-04-12 12:44:19,456.13,23.56,55.73,4.8,0.05,0.24,3.98,firebase
2026-04-12 12:44:24,481.72,23.82,55.3,4.8,0.05,0.24,3.98,firebase
2026-04-12 12:44:29,506.69,24.07,54.89,4.8,0.05,0.24,3.99,firebase
2026-04-12 12:44:34,530.76,24.31,54.49,4.8,0.05,0.24,3.99,firebase
2026-04-12 12:44:39,555.07,24.55,54.08,4.8,0.05,0.24,3.99,firebase
2026-04-12 12:44:44,580.58,24.81,53.64,4.8,0.05,0.24,3.99,firebase
2026-04-12 12:44:49,605.33,25.07,53.22,4.8,0.05,0.24,3.99,firebase
2026-04-12 12:44:54,629.76,25.33,52.78,4.8,0.05,0.24,3.99,firebase
2026-04-12 12:44:59,649.23,25.54,52.43,4.8,0.05,0.24,3.99,firebase
2026-04-12 12:45:04,670.53,25.79,52.02,4.8,0.05,0.24,3.99,firebase
2026-04-12 12:45:09,691.37,26.03,51.61,4.8,0.05,0.24,4.0,firebase
2026-04-12 12:45:14,708.46,26.25,51.25,4.8,0.05,0.24,4.0,firebase
2026-04-12 12:45:19,722.92,26.44,50.93,4.8,0.05,0.24,4.0,firebase
2026-04-12 12:45:24,742.06,26.71,50.48,4.8,0.05,0.24,4.0,firebase
2026-04-12 12:45:29,756.34,26.94,50.1,4.8,0.05,0.24,4.0,firebase
2026-04-12 12:45:34,767.75,27.14,49.76,4.8,0.059,0.281,4.0,firebase
2026-04-12 12:45:39,778.77,27.37,49.39,4.8,0.075,0.362,4.0,firebase
2026-04-12 12:45:44,786.68,27.56,49.06,4.8,0.091,0.436,4.0,firebase
2026-04-12 12:45:49,792.0,27.72,48.79,4.8,0.104,0.499,4.0,firebase
2026-04-12 12:45:54,797.61,27.97,48.39,4.8,0.125,0.599,4.0,firebase
2026-04-12 12:45:59,799.35,28.1,48.17,4.813,0.137,0.658,4.0,firebase
2026-04-12 12:46:04,799.75,28.33,47.79,4.878,0.158,0.771,4.0,firebase
2026-04-12 12:46:09,797.87,28.49,47.52,4.928,0.174,0.857,4.0,firebase
2026-04-12 12:46:14,794.17,28.64,47.27,4.979,0.189,0.943,4.0,firebase
2026-04-12 12:46:19,788.05,28.8,47.0,5.036,0.206,1.038,4.0,firebase
2026-04-12 12:46:24,779.1,28.96,46.73,5.099,0.224,1.142,4.0,firebase
2026-04-12 12:46:29,768.51,29.1,46.5,5.158,0.24,1.24,4.0,firebase
2026-04-12 12:46:34,757.46,29.22,46.3,5.211,0.254,1.326,4.0,firebase
2026-04-12 12:46:39,742.97,29.34,46.09,5.271,0.27,1.424,4.0,firebase
2026-04-12 12:46:44,731.96,29.42,45.96,5.312,0.281,1.49,4.0,firebase
2026-04-12 12:46:49,712.24,29.54,45.76,5.378,0.297,1.596,4.0,firebase
2026-04-12 12:46:54,691.68,29.64,45.59,5.439,0.311,1.694,4.0,firebase
2026-04-12 12:46:59,672.23,29.72,45.46,5.492,0.324,1.777,3.99,firebase
2026-04-12 12:47:04,657.57,29.77,45.38,5.529,0.332,1.834,3.99,firebase
2026-04-12 12:47:09,631.78,29.85,45.26,5.589,0.345,1.927,3.99,firebase
2026-04-12 12:47:14,608.19,29.9,45.17,5.639,0.355,2.002,3.99,firebase
2026-04-12 12:47:19,582.61,29.94,45.1,5.69,0.365,2.075,3.99,firebase
2026-04-12 12:47:24,558.23,29.97,45.05,5.734,0.373,2.138,3.99,firebase
2026-04-12 12:47:29,540.29,29.99,45.02,5.764,0.378,2.179,3.99,firebase
2026-04-12 12:47:34,508.47,30.0,45.0,5.813,0.386,2.244,3.99,firebase
2026-04-12 12:47:39,485.2,30.0,45.0,5.846,0.391,2.284,3.98,firebase
2026-04-12 12:47:44,459.99,29.99,45.02,5.878,0.395,2.32,3.98,firebase
2026-04-12 12:47:49,434.66,29.96,45.06,5.908,0.398,2.349,3.98,firebase
2026-04-12 12:47:54,416.07,29.94,45.1,5.927,0.399,2.365,3.98,firebase
2026-04-12 12:47:59,385.96,29.89,45.19,5.954,0.4,2.382,3.98,firebase
2026-04-12 12:48:04,364.52,29.84,45.27,5.971,0.4,2.386,3.98,firebase
2026-04-12 12:48:09,343.08,29.77,45.38,5.984,0.398,2.382,3.97,firebase
2026-04-12 12:48:14,321.46,29.7,45.5,5.994,0.395,2.369,3.97,firebase
2026-04-12 12:48:19,301.93,29.61,45.64,5.999,0.391,2.348,3.97,firebase
2026-04-12 12:48:24,288.22,29.55,45.76,6.0,0.388,2.327,3.97,firebase
2026-04-12 12:48:29,269.13,29.43,45.95,5.997,0.381,2.287,3.96,firebase
2026-04-12 12:48:34,253.34,29.31,46.14,5.991,0.374,2.242,3.96,firebase
2026-04-12 12:48:39,239.95,29.19,46.34,5.98,0.366,2.191,3.96,firebase
2026-04-12 12:48:44,227.49,29.05,46.58,5.963,0.357,2.127,3.96,firebase
2026-04-12 12:48:49,218.13,28.92,46.81,5.945,0.347,2.063,3.95,firebase
2026-04-12 12:48:54,210.67,28.77,47.05,5.922,0.337,1.993,3.95,firebase
2026-04-12 12:48:59,205.43,28.63,47.29,5.898,0.326,1.923,3.95,firebase
2026-04-12 12:49:04,201.89,28.47,47.54,5.871,0.315,1.846,3.95,firebase
2026-04-12 12:49:09,200.07,28.29,47.85,5.835,0.3,1.753,3.94,firebase
2026-04-12 12:49:14,200.63,28.1,48.16,5.797,0.286,1.659,3.94,firebase
2026-04-12 12:49:19,203.46,27.91,48.49,5.755,0.271,1.561,3.94,firebase
2026-04-12 12:49:24,207.37,27.75,48.76,5.72,0.259,1.481,3.93,firebase
2026-04-12 12:49:29,214.41,27.53,49.11,5.672,0.243,1.376,3.93,firebase
2026-04-12 12:49:34,222.84,27.33,49.44,5.626,0.227,1.278,3.93,firebase
2026-04-12 12:49:39,234.12,27.11,49.82,5.573,0.21,1.171,3.92,firebase
2026-04-12 12:49:44,246.09,26.9,50.17,5.523,0.195,1.074,3.92,firebase
2026-04-12 12:49:49,256.24,26.74,50.43,5.485,0.183,1.001,3.92,firebase
2026-04-12 12:49:54,274.87,26.47,50.88,5.42,0.163,0.882,3.91,firebase
2026-04-12 12:49:59,292.96,26.23,51.28,5.362,0.145,0.779,3.91,firebase
2026-04-12 12:50:04,311.63,26.0,51.67,5.306,0.129,0.683,3.91,firebase
2026-04-12 12:50:09,332.01,25.76,52.07,5.248,0.112,0.587,3.9,firebase
2026-04-12 12:50:14,354.3,25.51,52.49,5.189,0.095,0.492,3.9,firebase
2026-04-12 12:50:19,369.98,25.33,52.78,5.148,0.083,0.429,3.9,firebase
2026-04-12 12:50:24,400.89,25.01,53.32,5.072,0.062,0.315,3.89,firebase
2026-04-12 12:50:29,422.47,24.78,53.7,5.022,0.05,0.251,3.89,firebase
2026-04-12 12:50:34,449.43,24.51,54.15,4.961,0.05,0.248,3.88,firebase
2026-04-12 12:50:39,472.38,24.28,54.54,4.911,0.05,0.246,3.88,firebase
2026-04-12 12:50:44,496.85,24.03,54.95,4.859,0.05,0.243,3.88,firebase
2026-04-12 12:50:49,523.02,23.77,55.38,4.806,0.05,0.24,3.87,firebase
2026-04-12 12:50:54,545.83,23.54,55.77,4.8,0.05,0.24,3.87,firebase
2026-04-12 12:50:59,571.4,23.28,56.2,4.8,0.05,0.24,3.86,firebase
2026-04-12 12:51:04,596.48,23.02,56.63,4.8,0.05,0.24,3.86,firebase
2026-04-12 12:51:09,620.07,22.77,57.04,4.8,0.05,0.24,3.86,firebase
2026-04-12 12:51:14,636.76,22.59,57.34,4.8,0.05,0.24,3.85,firebase
2026-04-12 12:51:19,662.88,22.3,57.83,4.8,0.05,0.24,3.85,firebase
2026-04-12 12:51:24,681.37,22.09,58.19,4.8,0.05,0.24,3.84,firebase
2026-04-12 12:51:29,704.43,21.8,58.66,4.8,0.05,0.24,3.84,firebase
2026-04-12 12:51:34,720.19,21.6,59.01,4.8,0.05,0.24,3.83,firebase
2026-04-12 12:51:39,737.06,21.36,59.4,4.8,0.05,0.24,3.83,firebase
2026-04-12 12:51:44,747.76,21.2,59.67,4.8,0.05,0.24,3.83,firebase
2026-04-12 12:51:49,763.85,20.93,60.12,4.8,0.05,0.24,3.82,firebase
2026-04-12 12:51:54,774.7,20.72,60.47,4.8,0.05,0.24,3.82,firebase
2026-04-12 12:51:59,784.6,20.49,60.85,4.8,0.05,0.24,3.81,firebase
2026-04-12 12:52:04,791.08,20.31,61.16,4.8,0.05,0.24,3.81,firebase
2026-04-12 12:52:09,796.11,20.11,61.48,4.8,0.05,0.24,3.8,firebase
2026-04-12 12:52:14,799.01,20.0,61.78,4.8,0.05,0.24,3.8,firebase
2026-04-12 12:52:19,799.99,20.0,62.09,4.8,0.05,0.24,3.79,firebase
2026-04-12 12:52:24,798.84,20.0,62.37,4.8,0.05,0.24,3.79,firebase
2026-04-12 12:52:29,795.69,20.0,62.64,4.8,0.05,0.24,3.78,firebase
2026-04-12 12:52:34,790.13,20.0,62.92,4.8,0.05,0.24,3.78,firebase
2026-04-12 12:52:39,782.26,20.0,63.18,4.8,0.05,0.24,3.77,firebase
2026-04-12 12:52:44,772.97,20.0,63.41,4.8,0.05,0.24,3.77,firebase
2026-04-12 12:52:49,762.88,20.0,63.61,4.8,0.05,0.24,3.76,firebase
2026-04-12 12:52:54,750.17,20.0,63.81,4.8,0.05,0.24,3.76,firebase
2026-04-12 12:52:59,733.86,20.0,64.02,4.8,0.05,0.24,3.75,firebase
2026-04-12 12:53:04,722.43,20.0,64.14,4.8,0.05,0.24,3.75,firebase
2026-04-12 12:53:09,705.25,20.0,64.3,4.8,0.05,0.24,3.75,firebase
2026-04-12 12:53:14,680.74,20.0,64.48,4.8,0.05,0.24,3.74,firebase
2026-04-12 12:53:19,660.54,20.0,64.6,4.828,0.05,0.241,3.73,firebase
2026-04-12 12:53:26,630.71,20.0,64.75,4.898,0.062,0.303,3.73,firebase
2026-04-12 12:53:31,609.92,20.0,64.82,4.947,0.076,0.376,3.72,firebase
2026-04-12 12:53:36,587.66,20.0,64.89,4.999,0.091,0.456,3.72,firebase
2026-04-12 12:53:41,561.92,20.0,64.95,5.058,0.109,0.549,3.71,firebase
2026-04-12 12:53:46,539.28,20.0,64.98,5.11,0.124,0.633,3.71,firebase
2026-04-12 12:53:51,513.18,20.0,65.0,5.17,0.141,0.73,3.7,firebase
2026-04-12 12:53:56,490.23,20.0,65.0,5.222,0.157,0.817,3.7,firebase
2026-04-12 12:54:01,461.99,20.0,64.98,5.287,0.175,0.927,3.69,firebase
2026-04-12 12:54:06,438.2,20.0,64.95,5.342,0.191,1.022,3.69,firebase
2026-04-12 12:54:11,414.56,20.0,64.9,5.396,0.207,1.118,3.68,firebase
2026-04-12 12:54:16,391.34,20.0,64.83,5.45,0.223,1.216,3.68,firebase
2026-04-12 12:54:21,366.02,20.0,64.73,5.509,0.24,1.325,3.67,firebase
2026-04-12 12:54:26,345.89,20.0,64.64,5.557,0.255,1.415,3.67,firebase
2026-04-12 12:54:31,329.75,20.0,64.55,5.596,0.266,1.489,3.66,firebase
2026-04-12 12:54:36,304.77,20.0,64.38,5.657,0.284,1.608,3.66,firebase
2026-04-12 12:54:41,287.87,20.0,64.24,5.699,0.297,1.692,3.65,firebase
2026-04-12 12:54:46,271.21,20.0,64.07,5.741,0.31,1.779,3.65,firebase
2026-04-12 12:54:51,255.25,20.0,63.88,5.784,0.323,1.867,3.64,firebase
2026-04-12 12:54:56,241.08,20.0,63.67,5.823,0.335,1.951,3.64,firebase
2026-04-12 12:55:01,231.92,20.0,63.51,5.85,0.343,2.008,3.63,firebase
2026-04-12 12:55:06,220.38,20.0,63.25,5.885,0.355,2.088,3.63,firebase
2026-04-12 12:55:11,212.0,20.0,63.0,5.914,0.364,2.154,3.62,firebase
2026-04-12 12:55:16,205.79,20.0,62.73,5.939,0.373,2.214,3.62,firebase
2026-04-12 12:55:21,201.98,20.0,62.47,5.959,0.38,2.262,3.61,firebase
2026-04-12 12:55:26,200.16,20.0,62.19,5.975,0.386,2.304,3.61,firebase
2026-04-12 12:55:31,200.39,20.0,61.89,5.987,0.391,2.339,3.6,firebase
2026-04-12 12:55:36,202.63,20.05,61.59,5.995,0.395,2.366,3.6,firebase
2026-04-12 12:55:41,207.11,20.24,61.26,5.999,0.398,2.385,3.59,firebase
2026-04-12 12:55:46,212.64,20.42,60.97,6.0,0.399,2.395,3.59,firebase
2026-04-12 12:55:51,221.33,20.63,60.61,5.996,0.4,2.398,3.59,firebase
2026-04-12 12:55:56,229.99,20.81,60.31,5.99,0.4,2.394,3.58,firebase
2026-04-12 12:56:01,243.82,21.06,59.9,5.976,0.398,2.379,3.58,firebase
2026-04-12 12:56:06,258.36,21.29,59.51,5.96,0.395,2.356,3.57,firebase
2026-04-12 12:56:11,273.43,21.51,59.15,5.94,0.392,2.327,3.57,firebase
2026-04-12 12:56:16,291.39,21.75,58.75,5.916,0.387,2.288,3.56,firebase
2026-04-12 12:56:21,311.01,21.99,58.34,5.887,0.381,2.24,3.56,firebase
2026-04-12 12:56:26,324.92,22.16,58.07,5.866,0.376,2.204,3.56,firebase
2026-04-12 12:56:31,350.08,22.45,57.59,5.825,0.366,2.135,3.55,firebase
2026-04-12 12:56:36,370.9,22.68,57.21,5.79,0.358,2.074,3.55,firebase
2026-04-12 12:56:41,395.94,22.94,56.76,5.747,0.348,1.998,3.54,firebase
2026-04-12 12:56:46,420.92,23.2,56.33,5.701,0.336,1.918,3.54,firebase
2026-04-12 12:56:51,444.7,23.44,55.93,5.657,0.325,1.84,3.53,firebase
2026-04-12 12:56:56,465.28,23.65,55.58,5.617,0.315,1.77,3.53,firebase
2026-04-12 12:57:01,493.71,23.94,55.1,5.56,0.3,1.67,3.52,firebase
2026-04-12 12:57:06,518.13,24.18,54.7,5.509,0.287,1.581,3.52,firebase
2026-04-12 12:57:11,542.57,24.43,54.29,5.457,0.273,1.49,3.52,firebase
2026-04-12 12:57:16,568.21,24.69,53.86,5.4,0.258,1.391,3.51,firebase
2026-04-12 12:57:21,586.76,24.88,53.54,5.357,0.246,1.317,3.51,firebase
2026-04-12 12:57:26,610.39,25.12,53.13,5.3,0.23,1.221,3.51,firebase
2026-04-12 12:57:31,638.61,25.43,52.62,5.23,0.21,1.1,3.5,firebase
2026-04-12 12:57:36,659.93,25.66,52.23,5.174,0.194,1.006,3.5,firebase
2026-04-12 12:57:41,681.74,25.92,51.8,5.113,0.177,0.904,3.5,firebase
2026-04-12 12:57:46,698.4,26.12,51.47,5.064,0.163,0.823,3.5,firebase
2026-04-12 12:57:51,719.04,26.39,51.02,5.0,0.143,0.717,3.5,firebase
2026-04-12 12:57:56,734.75,26.61,50.66,4.947,0.127,0.63,3.5,firebase
2026-04-12 12:58:01,750.39,26.84,50.26,4.89,0.11,0.537,3.5,firebase
2026-04-12 12:58:06,761.54,27.03,49.95,4.846,0.096,0.464,3.5,firebase
2026-04-12 12:58:11,773.56,27.26,49.57,4.8,0.079,0.377,3.5,firebase
2026-04-12 12:58:16,782.6,27.46,49.24,4.8,0.063,0.303,3.5,firebase
2026-04-12 12:58:21,790.39,27.67,48.88,4.8,0.05,0.24,3.5,firebase
2026-04-12 12:58:26,795.74,27.87,48.55,4.8,0.05,0.24,3.5,firebase
2026-04-12 12:58:31,798.87,28.05,48.24,4.8,0.05,0.24,3.5,firebase
2026-04-12 12:58:36,799.97,28.21,47.98,4.8,0.05,0.24,3.5,firebase
2026-04-12 12:58:41,799.1,28.4,47.66,4.8,0.05,0.24,3.5,firebase
2026-04-12 12:58:46,796.23,28.57,47.39,4.8,0.05,0.24,3.5,firebase
2026-04-12 12:58:51,790.98,28.73,47.12,4.8,0.05,0.24,3.5,firebase
2026-04-12 12:58:56,784.52,28.87,46.88,4.8,0.05,0.24,3.5,firebase
2026-04-12 12:59:01,774.98,29.02,46.63,4.8,0.05,0.24,3.5,firebase
2026-04-12 12:59:06,764.97,29.14,46.43,4.8,0.05,0.24,3.5,firebase
2026-04-12 12:59:11,751.12,29.28,46.2,4.8,0.05,0.24,3.5,firebase
2026-04-12 12:59:16,736.87,29.39,46.02,4.8,0.05,0.24,3.5,firebase
2026-04-12 12:59:21,718.92,29.51,45.82,4.8,0.05,0.24,3.5,firebase
2026-04-12 12:59:26,701.41,29.6,45.67,4.8,0.05,0.24,3.5,firebase
2026-04-12 12:59:31,683.75,29.68,45.54,4.8,0.05,0.24,3.5,firebase
2026-04-12 12:59:36,664.52,29.75,45.42,4.8,0.05,0.24,3.5,firebase
2026-04-12 12:59:41,641.22,29.82,45.3,4.8,0.05,0.24,3.5,firebase
2026-04-12 12:59:46,619.14,29.88,45.21,4.8,0.05,0.24,3.5,firebase
2026-04-12 12:59:51,596.17,29.92,45.13,4.8,0.05,0.24,3.5,firebase
2026-04-12 12:59:56,572.16,29.96,45.07,4.8,0.05,0.24,3.5,firebase
2026-04-12 13:00:01,547.06,29.98,45.03,4.8,0.05,0.24,3.5,firebase
2026-04-12 13:00:06,522.62,30.0,45.01,4.8,0.05,0.24,3.5,firebase
2026-04-12 13:00:11,503.49,30.0,45.0,4.8,0.05,0.24,3.5,firebase
2026-04-12 13:00:16,477.41,30.0,45.01,4.8,0.05,0.24,3.5,firebase
2026-04-12 13:00:21,449.19,29.98,45.04,4.8,0.05,0.24,3.5,firebase
2026-04-12 13:00:26,423.64,29.95,45.08,4.8,0.05,0.24,3.5,firebase
2026-04-12 13:00:31,400.19,29.91,45.14,4.8,0.05,0.24,3.5,firebase
2026-04-12 13:00:36,375.98,29.86,45.23,4.8,0.05,0.24,3.5,firebase
2026-04-12 13:00:41,357.3,29.82,45.31,4.836,0.05,0.242,3.5,firebase
2026-04-12 13:00:46,337.58,29.76,45.41,4.883,0.05,0.244,3.5,firebase
2026-04-12 13:00:51,313.22,29.66,45.56,4.947,0.05,0.247,3.5,firebase
2026-04-12 13:00:56,293.53,29.57,45.71,5.004,0.05,0.25,3.5,firebase
2026-04-12 13:01:01,276.39,29.48,45.87,5.059,0.05,0.253,3.5,firebase
2026-04-12 13:01:06,260.77,29.37,46.05,5.115,0.05,0.256,3.5,firebase
2026-04-12 13:01:11,249.72,29.28,46.19,5.159,0.05,0.258,3.5,firebase
2026-04-12 13:01:16,237.0,29.16,46.39,5.215,0.052,0.273,3.5,firebase
2026-04-12 13:01:21,223.32,29.0,46.67,5.287,0.072,0.38,3.5,firebase
2026-04-12 13:01:26,215.25,28.86,46.89,5.339,0.087,0.463,3.5,firebase
2026-04-12 13:01:31,208.12,28.71,47.15,5.397,0.104,0.559,3.5,firebase
2026-04-12 13:01:36,203.2,28.54,47.43,5.454,0.121,0.659,3.5,firebase
2026-04-12 13:01:41,200.77,28.39,47.68,5.502,0.136,0.746,3.5,firebase
2026-04-12 13:01:46,200.08,28.19,48.01,5.561,0.155,0.86,3.5,firebase
2026-04-12 13:01:51,201.49,28.03,48.29,5.607,0.17,0.953,3.5,firebase
2026-04-12 13:01:56,205.21,27.83,48.62,5.657,0.187,1.059,3.5,firebase
2026-04-12 13:02:01,210.75,27.64,48.94,5.702,0.203,1.159,3.5,firebase
2026-04-12 13:02:06,218.77,27.43,49.29,5.747,0.22,1.265,3.5,firebase
2026-04-12 13:02:11,229.24,27.2,49.66,5.791,0.237,1.373,3.5,firebase
2026-04-12 13:02:16,240.34,27.0,50.0,5.826,0.252,1.467,3.5,firebase
2026-04-12 13:02:21,250.47,26.83,50.28,5.852,0.263,1.541,3.5,firebase
2026-04-12 13:02:26,267.35,26.58,50.71,5.888,0.28,1.648,3.5,firebase
2026-04-12 13:02:31,279.92,26.4,51.0,5.909,0.291,1.718,3.5,firebase
2026-04-12 13:02:36,302.56,26.11,51.48,5.94,0.308,1.827,3.5,firebase
2026-04-12 13:02:41,322.93,25.86,51.9,5.96,0.321,1.911,3.5,firebase
2026-04-12 13:02:46,338.73,25.68,52.2,5.973,0.33,1.97,3.5,firebase
2026-04-12 13:02:51,364.79,25.39,52.68,5.988,0.343,2.054,3.5,firebase
2026-04-12 13:02:56,387.2,25.15,53.08,5.996,0.353,2.117,3.5,firebase
2026-04-12 13:03:01,411.72,24.89,53.51,6.0,0.363,2.176,3.5,firebase
2026-04-12 13:03:06,435.53,24.65,53.92,5.999,0.371,2.225,3.5,firebase
2026-04-12 13:03:11,459.71,24.4,54.33,5.995,0.378,2.267,3.5,firebase
2026-04-12 13:03:16,480.31,24.2,54.67,5.989,0.383,2.296,3.5,firebase
2026-04-12 13:03:21,505.92,23.94,55.1,5.977,0.389,2.325,3.5,firebase
2026-04-12 13:03:26,536.27,23.64,55.61,5.957,0.394,2.348,3.5,firebase
2026-04-12 13:03:31,562.0,23.38,56.04,5.936,0.397,2.358,3.5,firebase
2026-04-12 13:03:36,584.37,23.15,56.42,5.914,0.399,2.36,3.5,firebase
2026-04-12 13:03:41,607.69,22.9,56.83,5.887,0.4,2.354,3.5,firebase
2026-04-12 13:03:46,630.19,22.66,57.23,5.856,0.4,2.341,3.5,firebase
2026-04-12 13:03:51,653.85,22.4,57.66,5.819,0.398,2.318,3.5,firebase
2026-04-12 13:03:56,673.79,22.18,58.04,5.783,0.396,2.29,3.5,firebase
2026-04-12 13:04:01,693.21,21.94,58.43,5.743,0.392,2.254,3.5,firebase
2026-04-12 13:04:06,711.36,21.71,58.81,5.701,0.388,2.212,3.5,firebase
2026-04-12 13:04:11,729.06,21.47,59.21,5.653,0.382,2.16,3.5,firebase
2026-04-12 13:04:16,743.26,21.27,59.55,5.608,0.376,2.108,3.5,firebase
2026-04-12 13:04:21,755.61,21.07,59.88,5.564,0.369,2.054,3.5,firebase
2026-04-12 13:04:26,770.66,20.8,60.33,5.498,0.358,1.97,3.5,firebase
2026-04-12 13:04:31,777.21,20.67,60.56,5.464,0.352,1.924,3.5,firebase
2026-04-12 13:04:36,787.72,20.41,60.99,5.395,0.339,1.83,3.5,firebase
2026-04-12 13:04:41,793.7,20.21,61.31,5.34,0.328,1.752,3.5,firebase
2026-04-12 13:04:46,797.9,20.02,61.64,5.281,0.315,1.666,3.5,firebase
2026-04-12 13:04:51,799.47,20.0,61.86,5.241,0.306,1.606,3.5,firebase
2026-04-12 13:04:56,799.76,20.0,62.21,5.172,0.29,1.502,3.5,firebase
2026-04-12 13:05:01,797.37,20.0,62.52,5.109,0.275,1.404,3.5,firebase
2026-04-12 13:05:06,793.13,20.0,62.79,5.054,0.26,1.315,3.5,firebase
2026-04-12 13:05:11,786.92,20.0,63.04,4.999,0.245,1.226,3.5,firebase
2026-04-12 13:05:16,780.17,20.0,63.24,4.953,0.232,1.151,3.5,firebase
2026-04-12 13:05:21,770.45,20.0,63.46,4.901,0.217,1.062,3.5,firebase
2026-04-12 13:05:26,756.16,20.0,63.72,4.838,0.197,0.955,3.5,firebase
2026-04-12 13:05:31,742.55,20.0,63.91,4.8,0.181,0.87,3.5,firebase
2026-04-12 13:05:36,727.28,20.0,64.09,4.8,0.165,0.791,3.5,firebase
2026-04-12 13:05:41,709.38,20.0,64.26,4.8,0.147,0.708,3.5,firebase
2026-04-12 13:05:46,696.41,20.0,64.37,4.8,0.136,0.651,3.5,firebase
2026-04-12 13:05:51,671.55,20.0,64.54,4.8,0.115,0.551,3.5,firebase
2026-04-12 13:05:56,650.84,20.0,64.66,4.8,0.099,0.474,3.5,firebase
2026-04-12 13:06:01,627.73,20.0,64.76,4.8,0.082,0.392,3.5,firebase
2026-04-12 13:06:06,605.09,20.0,64.84,4.8,0.066,0.318,3.51,firebase
2026-04-12 13:06:11,580.22,20.0,64.91,4.8,0.05,0.24,3.51,firebase
2026-04-12 13:06:16,561.63,20.0,64.95,4.8,0.05,0.24,3.51,firebase
2026-04-12 13:06:21,531.99,20.0,64.99,4.8,0.05,0.24,3.52,firebase
2026-04-12 13:06:26,507.52,20.0,65.0,4.8,0.05,0.24,3.52,firebase
2026-04-12 13:06:31,482.96,20.0,65.0,4.8,0.05,0.24,3.53,firebase
2026-04-12 13:06:36,456.98,20.0,64.97,4.8,0.05,0.24,3.53,firebase
2026-04-12 13:06:41,432.1,20.0,64.93,4.8,0.05,0.24,3.53,firebase
2026-04-12 13:06:46,415.75,20.0,64.9,4.8,0.05,0.24,3.54,firebase
2026-04-12 13:06:51,387.47,20.0,64.82,4.8,0.05,0.24,3.54,firebase
2026-04-12 13:06:56,362.34,20.0,64.72,4.8,0.05,0.24,3.55,firebase
2026-04-12 13:07:01,340.95,20.0,64.61,4.8,0.05,0.24,3.55,firebase
2026-04-12 13:07:06,320.68,20.0,64.49,4.8,0.05,0.24,3.56,firebase
2026-04-12 13:07:11,300.46,20.0,64.35,4.8,0.05,0.24,3.56,firebase
2026-04-12 13:07:16,286.57,20.0,64.23,4.8,0.05,0.24,3.56,firebase
2026-04-12 13:07:21,266.6,20.0,64.02,4.8,0.05,0.24,3.57,firebase
2026-04-12 13:07:26,252.81,20.0,63.85,4.8,0.05,0.24,3.57,firebase
2026-04-12 13:07:31,238.23,20.0,63.63,4.8,0.05,0.24,3.58,firebase
2026-04-12 13:07:36,227.12,20.0,63.41,4.8,0.05,0.24,3.58,firebase
2026-04-12 13:07:41,219.17,20.0,63.22,4.8,0.05,0.24,3.59,firebase
2026-04-12 13:07:46,211.48,20.0,62.98,4.8,0.05,0.24,3.59,firebase
2026-04-12 13:07:51,204.72,20.0,62.67,4.8,0.05,0.24,3.6,firebase
2026-04-12 13:07:56,201.37,20.0,62.4,4.8,0.05,0.24,3.6,firebase
2026-04-12 13:08:01,200.03,20.0,62.12,4.844,0.05,0.242,3.61,firebase
2026-04-12 13:08:06,200.92,20.0,61.79,4.902,0.05,0.245,3.61,firebase
2026-04-12 13:08:11,202.82,20.06,61.57,4.94,0.05,0.247,3.62,firebase
2026-04-12 13:08:16,208.16,20.28,61.2,5.003,0.05,0.25,3.62,firebase
2026-04-12 13:08:21,215.15,20.49,60.86,5.06,0.05,0.253,3.63,firebase
2026-04-12 13:08:26,223.81,20.69,60.52,5.116,0.05,0.256,3.63,firebase
2026-04-12 13:08:31,234.32,20.9,60.17,5.172,0.05,0.259,3.64,firebase
2026-04-12 13:08:36,246.89,21.11,59.81,5.23,0.05,0.261,3.64,firebase
2026-04-12 13:08:41,258.3,21.29,59.51,5.276,0.05,0.264,3.64,firebase
2026-04-12 13:08:46,277.23,21.56,59.06,5.343,0.05,0.267,3.65,firebase
2026-04-12 13:08:51,294.4,21.79,58.69,5.398,0.05,0.27,3.65,firebase
2026-04-12 13:08:56,313.01,22.02,58.3,5.452,0.05,0.273,3.66,firebase
2026-04-12 13:09:01,334.09,22.27,57.89,5.508,0.05,0.275,3.66,firebase
2026-04-12 13:09:06,350.8,22.46,57.57,5.549,0.05,0.277,3.67,firebase
2026-04-12 13:09:11,373.61,22.71,57.16,5.601,0.065,0.363,3.67,firebase
2026-04-12 13:09:16,402.81,23.01,56.64,5.661,0.085,0.48,3.68,firebase
2026-04-12 13:09:21,426.32,23.26,56.24,5.706,0.101,0.575,3.69,firebase
2026-04-12 13:09:26,449.34,23.49,55.85,5.747,0.116,0.668,3.69,firebase
2026-04-12 13:09:31,467.85,23.68,55.54,5.777,0.129,0.743,3.69,firebase
2026-04-12 13:09:36,498.52,23.99,55.02,5.823,0.149,0.868,3.7,firebase
2026-04-12 13:09:41,523.89,24.24,54.6,5.858,0.166,0.972,3.7,firebase
2026-04-12 13:09:46,548.25,24.48,54.19,5.888,0.182,1.073,3.71,firebase
2026-04-12 13:09:51,572.78,24.73,53.78,5.916,0.199,1.175,3.71,firebase
2026-04-12 13:09:56,599.29,25.01,53.32,5.942,0.217,1.287,3.72,firebase
2026-04-12 13:10:01,620.27,25.23,52.95,5.959,0.231,1.377,3.72,firebase
2026-04-12 13:10:06,638.92,25.43,52.62,5.973,0.244,1.457,3.73,firebase
2026-04-12 13:10:11,663.9,25.71,52.15,5.987,0.262,1.566,3.73,firebase
2026-04-12 13:10:16,685.92,25.97,51.72,5.996,0.277,1.663,3.74,firebase
2026-04-12 13:10:21,703.44,26.18,51.36,6.0,0.29,1.742,3.74,firebase
2026-04-12 13:10:26,722.19,26.43,50.95,5.999,0.305,1.828,3.75,firebase
2026-04-12 13:10:31,737.63,26.65,50.59,5.995,0.317,1.9,3.75,firebase
2026-04-12 13:10:36,753.75,26.9,50.17,5.985,0.33,1.978,3.76,firebase
2026-04-12 13:10:41,763.84,27.07,49.88,5.976,0.339,2.028,3.76,firebase
2026-04-12 13:10:46,775.03,27.29,49.52,5.959,0.35,2.086,3.77,firebase
2026-04-12 13:10:51,784.42,27.5,49.16,5.938,0.36,2.138,3.77,firebase
2026-04-12 13:10:56,791.63,27.71,48.81,5.913,0.369,2.182,3.78,firebase
2026-04-12 13:11:01,795.54,27.86,48.57,5.892,0.375,2.209,3.78,firebase
2026-04-12 13:11:06,799.09,28.07,48.21,5.857,0.382,2.24,3.79,firebase
2026-04-12 13:11:11,799.99,28.22,47.96,5.829,0.387,2.257,3.79,firebase
2026-04-12 13:11:16,798.76,28.43,47.61,5.785,0.393,2.272,3.8,firebase
2026-04-12 13:11:21,795.26,28.6,47.33,5.742,0.396,2.276,3.8,firebase
2026-04-12 13:11:26,790.32,28.75,47.09,5.703,0.398,2.272,3.81,firebase
2026-04-12 13:11:31,784.41,28.87,46.88,5.665,0.4,2.264,3.81,firebase
2026-04-12 13:11:36,772.83,29.05,46.59,5.604,0.4,2.241,3.82,firebase
2026-04-12 13:11:41,762.43,29.17,46.38,5.558,0.399,2.218,3.82,firebase
2026-04-12 13:11:46,748.83,29.3,46.17,5.504,0.397,2.184,3.83,firebase
2026-04-12 13:11:51,733.31,29.41,45.98,5.448,0.393,2.143,3.83,firebase
2026-04-12 13:11:56,717.11,29.52,45.81,5.394,0.389,2.099,3.83,firebase
2026-04-12 13:12:01,699.43,29.61,45.65,5.339,0.384,2.05,3.84,firebase
2026-04-12 13:12:06,680.41,29.69,45.52,5.283,0.378,1.995,3.84,firebase
2026-04-12 13:12:11,658.92,29.77,45.39,5.224,0.37,1.932,3.85,firebase
2026-04-12 13:12:16,637.55,29.83,45.28,5.168,0.362,1.869,3.85,firebase
2026-04-12 13:12:21,620.23,29.87,45.21,5.124,0.355,1.817,3.86,firebase
2026-04-12 13:12:26,591.76,29.93,45.12,5.055,0.342,1.73,3.86,firebase
2026-04-12 13:12:31,573.8,29.95,45.08,5.013,0.334,1.674,3.86,firebase
2026-04-12 13:12:36,542.91,29.98,45.03,4.944,0.319,1.578,3.87,firebase
2026-04-12 13:12:41,516.93,30.0,45.0,4.888,0.306,1.495,3.87,firebase
2026-04-12 13:12:46,492.35,30.0,45.0,4.837,0.293,1.416,3.88,firebase
2026-04-12 13:12:51,467.79,29.99,45.01,4.8,0.279,1.339,3.88,firebase
2026-04-12 13:12:56,447.29,29.98,45.04,4.8,0.267,1.282,3.88,firebase
2026-04-12 13:13:01,424.83,29.95,45.08,4.8,0.253,1.216,3.89,firebase
2026-04-12 13:13:06,394.81,29.9,45.16,4.8,0.234,1.122,3.89,firebase
2026-04-12 13:13:11,372.12,29.86,45.24,4.8,0.218,1.047,3.9,firebase
2026-04-12 13:13:16,349.05,29.79,45.35,4.8,0.201,0.966,3.9,firebase
2026-04-12 13:13:21,328.34,29.72,45.46,4.8,0.185,0.889,3.9,firebase
2026-04-12 13:13:26,312.97,29.66,45.56,4.8,0.172,0.828,3.91,firebase
2026-04-12 13:13:31,289.41,29.55,45.75,4.8,0.151,0.727,3.91,firebase
2026-04-12 13:13:36,273.65,29.46,45.9,4.8,0.136,0.653,3.92,firebase
2026-04-12 13:13:41,258.29,29.35,46.08,4.8,0.12,0.575,3.92,firebase
2026-04-12 13:13:46,244.3,29.24,46.27,4.8,0.103,0.496,3.92,firebase
2026-04-12 13:13:51,231.84,29.11,46.49,4.8,0.087,0.416,3.93,firebase
2026-04-12 13:13:56,223.19,28.99,46.68,4.8,0.073,0.352,3.93,firebase
2026-04-12 13:14:01,214.67,28.85,46.91,4.8,0.058,0.278,3.93,firebase
2026-04-12 13:14:06,206.85,28.67,47.21,4.8,0.05,0.24,3.93,firebase
2026-04-12 13:14:11,202.61,28.51,47.48,4.8,0.05,0.24,3.94,firebase
2026-04-12 13:14:16,200.35,28.34,47.76,4.8,0.05,0.24,3.94,firebase
2026-04-12 13:14:21,200.05,28.2,48.0,4.8,0.05,0.24,3.94,firebase
2026-04-12 13:14:26,201.52,28.02,48.29,4.8,0.05,0.24,3.95,firebase
2026-04-12 13:14:31,206.02,27.8,48.67,4.8,0.05,0.24,3.95,firebase
2026-04-12 13:14:36,212.33,27.59,49.02,4.8,0.05,0.24,3.95,firebase
2026-04-12 13:14:41,218.36,27.44,49.27,4.8,0.05,0.24,3.95,firebase
2026-04-12 13:14:46,230.07,27.19,49.69,4.8,0.05,0.24,3.96,firebase
2026-04-12 13:14:51,242.47,26.96,50.07,4.8,0.05,0.24,3.96,firebase
2026-04-12 13:14:56,252.84,26.79,50.35,4.8,0.05,0.24,3.96,firebase
2026-04-12 13:15:01,269.07,26.55,50.75,4.8,0.05,0.24,3.96,firebase
2026-04-12 13:15:06,287.65,26.3,51.17,4.8,0.05,0.24,3.97,firebase
2026-04-12 13:15:11,305.71,26.07,51.55,4.8,0.05,0.24,3.97,firebase
2026-04-12 13:15:16,326.32,25.82,51.96,4.8,0.05,0.24,3.97,firebase
2026-04-12 13:15:21,342.3,25.64,52.27,4.835,0.05,0.242,3.97,firebase
2026-04-12 13:15:26,368.99,25.34,52.76,4.898,0.05,0.245,3.98,firebase
2026-04-12 13:15:31,392.48,25.09,53.18,4.953,0.05,0.248,3.98,firebase
2026-04-12 13:15:36,415.76,24.85,53.58,5.007,0.05,0.25,3.98,firebase
2026-04-12 13:15:41,439.59,24.61,53.99,5.062,0.05,0.253,3.98,firebase
2026-04-12 13:15:46,465.38,24.35,54.42,5.121,0.05,0.256,3.98,firebase
2026-04-12 13:15:51,489.87,24.1,54.83,5.177,0.05,0.259,3.98,firebase
2026-04-12 13:15:56,516.02,23.84,55.27,5.237,0.05,0.262,3.99,firebase
2026-04-12 13:16:01,538.92,23.61,55.65,5.289,0.05,0.264,3.99,firebase
2026-04-12 13:16:06,564.63,23.35,56.08,5.348,0.05,0.267,3.99,firebase
2026-04-12 13:16:11,588.39,23.11,56.49,5.403,0.05,0.27,3.99,firebase
2026-04-12 13:16:16,611.54,22.86,56.89,5.457,0.05,0.273,3.99,firebase
2026-04-12 13:16:21,629.12,22.68,57.21,5.498,0.05,0.275,3.99,firebase
2026-04-12 13:16:26,656.83,22.37,57.72,5.563,0.05,0.278,3.99,firebase
2026-04-12 13:16:31,678.43,22.12,58.13,5.615,0.05,0.281,3.99,firebase
2026-04-12 13:16:36,697.58,21.89,58.52,5.662,0.05,0.283,4.0,firebase
2026-04-12 13:16:41,716.45,21.65,58.92,5.71,0.05,0.285,4.0,firebase
2026-04-12 13:16:46,729.28,21.47,59.21,5.743,0.05,0.287,4.0,firebase
2026-04-12 13:16:51,745.29,21.24,59.61,5.785,0.05,0.289,4.0,firebase
2026-04-12 13:16:56,760.53,20.99,60.02,5.828,0.05,0.291,4.0,firebase
2026-04-12 13:17:01,771.79,20.78,60.37,5.861,0.064,0.377,4.0,firebase
2026-04-12 13:17:06,781.29,20.57,60.71,5.891,0.08,0.471,4.0,firebase
2026-04-12 13:17:11,788.87,20.37,61.04,5.917,0.096,0.567,4.0,firebase
2026-04-12 13:17:16,793.77,20.21,61.31,5.937,0.109,0.649,4.0,firebase
2026-04-12 13:17:21,798.37,20.0,61.69,5.961,0.129,0.77,4.0,firebase
2026-04-12 13:17:26,799.92,20.0,61.99,5.976,0.146,0.87,4.0,firebase
2026-04-12 13:17:31,799.37,20.0,62.3,5.989,0.163,0.976,4.0,firebase
2026-04-12 13:17:36,796.78,20.0,62.57,5.996,0.179,1.075,4.0,firebase
2026-04-12 13:17:41,792.2,20.0,62.83,6.0,0.195,1.173,4.0,firebase
2026-04-12 13:17:46,786.82,20.0,63.04,6.0,0.209,1.254,4.0,firebase
2026-04-12 13:17:51,777.2,20.0,63.31,5.995,0.227,1.362,4.0,firebase
2026-04-12 13:17:56,766.18,20.0,63.55,5.986,0.244,1.458,4.0,firebase
2026-04-12 13:18:01,753.97,20.0,63.75,5.974,0.259,1.544,4.0,firebase
2026-04-12 13:18:06,740.03,20.0,63.94,5.958,0.273,1.627,4.0,firebase
2026-04-12 13:18:11,727.06,20.0,64.09,5.941,0.285,1.692,4.0,firebase
2026-04-12 13:18:16,710.24,20.0,64.26,5.918,0.298,1.766,4.0,firebase
2026-04-12 13:18:21,687.84,20.0,64.43,5.885,0.314,1.848,4.0,firebase
2026-04-12 13:18:26,666.78,20.0,64.57,5.853,0.327,1.912,3.99,firebase
2026-04-12 16:29:16,611.24,25.13,53.11,5.456,0.225,1.227,3.72,firebase
2026-04-12 16:29:20,638.83,25.43,52.62,5.521,0.244,1.346,3.73,firebase
2026-04-12 16:29:25,654.61,25.6,52.33,5.558,0.255,1.417,3.73,firebase
2026-04-12 16:29:30,678.2,25.88,51.87,5.615,0.272,1.526,3.74,firebase
2026-04-12 16:29:35,697.36,26.11,51.49,5.662,0.286,1.618,3.74,firebase
2026-04-12 16:29:40,714.4,26.33,51.12,5.705,0.299,1.704,3.75,firebase
2026-04-12 16:29:45,732.81,26.58,50.7,5.752,0.313,1.801,3.75,firebase
2026-04-12 16:29:50,747.27,26.79,50.34,5.791,0.325,1.882,3.76,firebase
2026-04-25 13:27:35,719.61,26.4,51.01,5.718,0.303,1.731,3.75,firebase
2026-04-25 13:27:39,743.36,26.73,50.44,5.78,0.322,1.859,3.76,firebase
2026-04-25 13:27:44,755.7,26.93,50.12,5.814,0.332,1.931,3.76,firebase
2026-04-25 13:27:49,768.36,27.16,49.74,5.85,0.344,2.01,3.77,firebase
2026-04-25 13:27:54,778.01,27.35,49.41,5.88,0.353,2.076,3.77,firebase
2026-04-25 13:27:59,786.3,27.55,49.08,5.908,0.362,2.14,3.78,firebase
2026-04-25 13:28:04,793.25,27.77,48.72,5.935,0.371,2.203,3.78,firebase
2026-04-25 13:28:09,797.24,27.95,48.42,5.954,0.378,2.251,3.78,firebase
2026-04-25 13:28:14,799.34,28.1,48.17,5.969,0.383,2.288,3.79,firebase
2026-04-25 13:28:19,799.78,28.32,47.79,5.985,0.39,2.334,3.79,firebase
2026-04-25 13:28:24,798.01,28.48,47.53,5.994,0.394,2.361,3.8,firebase
2026-04-25 13:28:29,793.57,28.66,47.24,5.999,0.397,2.383,3.8,firebase
2026-04-25 13:28:34,788.29,28.79,47.01,6.0,0.399,2.394,3.81,firebase
2026-04-25 13:28:39,779.28,28.96,46.74,5.996,0.4,2.398,3.81,firebase
2026-04-25 13:28:44,772.66,29.05,46.58,5.992,0.4,2.396,3.82,firebase
2026-04-25 13:28:49,758.67,29.21,46.32,5.979,0.398,2.382,3.82,firebase
2026-04-25 13:28:54,746.25,29.32,46.14,5.965,0.396,2.364,3.83,firebase
2026-04-25 13:28:59,728.66,29.45,45.92,5.943,0.392,2.331,3.83,firebase
2026-04-25 13:29:04,710.94,29.55,45.75,5.919,0.387,2.293,3.84,firebase
2026-04-25 13:29:09,695.67,29.63,45.62,5.897,0.383,2.257,3.84,firebase
2026-04-25 13:29:14,677.65,29.7,45.5,5.87,0.377,2.211,3.84,firebase
2026-04-25 13:29:19,653.97,29.78,45.36,5.832,0.368,2.146,3.85,firebase
2026-04-25 13:29:24,631.01,29.85,45.25,5.794,0.359,2.08,3.85,firebase
2026-04-25 13:29:29,609.61,29.9,45.17,5.757,0.35,2.015,3.86,firebase
2026-04-25 13:29:34,583.03,29.94,45.1,5.709,0.338,1.931,3.86,firebase
2026-04-25 13:29:42,542.5,29.98,45.03,5.632,0.319,1.796,3.87,firebase
2026-04-25 13:29:47,520.39,30.0,45.01,5.589,0.308,1.72,3.87,firebase
2026-04-25 13:29:52,494.29,30.0,45.0,5.535,0.294,1.627,3.88,firebase
2026-04-25 13:29:57,471.31,29.99,45.01,5.487,0.281,1.542,3.88,firebase
2026-04-25 13:30:02,445.47,29.97,45.04,5.43,0.266,1.444,3.89,firebase
2026-04-25 13:30:07,421.46,29.95,45.09,5.376,0.251,1.35,3.89,firebase
2026-04-25 13:30:12,397.75,29.91,45.15,5.32,0.236,1.254,3.89,firebase
2026-04-25 13:30:17,377.45,29.87,45.22,5.27,0.222,1.169,3.9,firebase
2026-04-25 13:30:22,358.14,29.82,45.3,5.221,0.208,1.086,3.9,firebase
2026-04-25 13:30:27,329.9,29.73,45.45,5.146,0.186,0.959,3.9,firebase
2026-04-25 13:30:32,311.22,29.66,45.57,5.093,0.171,0.871,3.91,firebase
2026-04-25 13:30:37,291.92,29.56,45.73,5.035,0.154,0.774,3.91,firebase
2026-04-25 13:30:42,274.92,29.47,45.89,4.98,0.137,0.684,3.91,firebase
2026-04-25 13:30:47,262.5,29.38,46.03,4.938,0.124,0.614,3.92,firebase
2026-04-25 13:30:52,245.38,29.25,46.26,4.874,0.105,0.51,3.92,firebase
2026-04-25 13:30:57,233.43,29.12,46.46,4.824,0.089,0.429,3.92,firebase
2026-04-25 13:31:02,222.93,28.99,46.68,4.8,0.073,0.35,3.93,firebase
2026-04-25 13:31:07,214.08,28.84,46.93,4.8,0.057,0.272,3.93,firebase
2026-04-25 13:31:12,208.49,28.72,47.14,4.8,0.05,0.24,3.93,firebase
2026-04-25 13:31:17,203.67,28.56,47.4,4.8,0.05,0.24,3.94,firebase
2026-04-25 13:31:22,200.57,28.37,47.71,4.8,0.05,0.24,3.94,firebase
2026-04-25 13:31:27,200.1,28.19,48.02,4.8,0.05,0.24,3.94,firebase
2026-04-25 13:31:32,202.06,27.99,48.36,4.8,0.05,0.24,3.95,firebase
2026-04-25 13:31:37,205.64,27.81,48.65,4.8,0.05,0.24,3.95,firebase
2026-04-25 13:31:42,210.34,27.65,48.92,4.8,0.05,0.24,3.95,firebase
2026-04-25 13:31:47,219.04,27.42,49.3,4.8,0.05,0.24,3.95,firebase
2026-04-25 13:31:52,228.6,27.21,49.64,4.8,0.05,0.24,3.96,firebase
2026-04-25 13:31:57,239.93,27.0,49.99,4.8,0.05,0.24,3.96,firebase
2026-04-25 13:32:02,254.83,26.76,50.4,4.8,0.05,0.24,3.96,firebase
2026-04-25 13:32:07,268.8,26.56,50.74,4.8,0.05,0.24,3.96,firebase
2026-04-25 13:32:12,282.57,26.37,51.06,4.8,0.05,0.24,3.97,firebase
2026-04-25 13:32:17,303.08,26.1,51.5,4.8,0.05,0.24,3.97,firebase
2026-04-25 13:32:22,318.75,25.91,51.81,4.8,0.05,0.24,3.97,firebase
2026-04-25 13:32:27,342.64,25.64,52.27,4.8,0.05,0.24,3.97,firebase
2026-04-25 13:32:32,366.35,25.37,52.71,4.8,0.05,0.24,3.98,firebase
2026-04-25 13:32:37,390.65,25.11,53.15,4.8,0.05,0.24,3.98,firebase
2026-04-25 13:32:42,414.67,24.86,53.56,4.8,0.05,0.24,3.98,firebase
2026-04-25 13:32:47,436.22,24.64,53.93,4.8,0.05,0.24,3.98,firebase
2026-04-25 13:32:52,461.45,24.39,54.36,4.8,0.05,0.24,3.98,firebase
2026-04-25 13:32:57,484.87,24.15,54.75,4.8,0.05,0.24,3.98,firebase
2026-04-25 13:33:02,509.27,23.91,55.15,4.8,0.05,0.24,3.99,firebase
2026-04-25 13:33:07,533.18,23.67,55.55,4.8,0.05,0.24,3.99,firebase
2026-04-25 13:33:17,588.73,23.1,56.5,4.8,0.05,0.24,3.99,firebase
2026-04-25 13:33:22,603.61,22.95,56.75,4.8,0.05,0.24,3.99,firebase
2026-04-25 13:33:27,629.8,22.67,57.22,4.807,0.05,0.24,3.99,firebase
2026-04-25 13:33:32,654.13,22.4,57.67,4.863,0.05,0.243,3.99,firebase
2026-04-25 13:33:37,675.63,22.15,58.08,4.917,0.05,0.246,3.99,firebase
2026-04-25 13:33:42,694.57,21.93,58.46,4.969,0.05,0.248,4.0,firebase
2026-04-25 13:33:47,709.22,21.74,58.76,5.013,0.05,0.251,4.0,firebase
2026-04-25 13:33:52,725.69,21.52,59.13,5.066,0.05,0.253,4.0,firebase
2026-04-25 13:33:57,745.47,21.23,59.61,5.139,0.05,0.257,4.0,firebase
2026-04-25 13:34:02,757.58,21.04,59.94,5.19,0.05,0.259,4.0,firebase
2026-04-25 13:34:07,770.98,20.79,60.34,5.255,0.063,0.332,4.0,firebase
2026-04-25 13:34:12,780.05,20.6,60.66,5.307,0.078,0.412,4.0,firebase
2026-04-25 13:34:17,787.93,20.4,61.0,5.363,0.094,0.502,4.0,firebase
2026-04-25 13:34:22,793.38,20.23,61.29,5.412,0.108,0.585,4.0,firebase
2026-04-25 13:34:27,797.81,20.02,61.63,5.471,0.126,0.689,4.0,firebase
2026-04-25 13:34:32,799.77,20.0,61.93,5.523,0.142,0.785,4.0,firebase
2026-04-25 13:34:37,799.6,20.0,62.25,5.579,0.16,0.894,4.0,firebase
2026-04-25 13:34:42,797.46,20.0,62.52,5.625,0.176,0.99,4.0,firebase
2026-04-25 13:34:47,793.77,20.0,62.75,5.667,0.191,1.08,4.0,firebase
2026-04-25 13:34:52,787.14,20.0,63.03,5.716,0.208,1.19,4.0,firebase
2026-04-25 13:34:57,778.14,20.0,63.29,5.762,0.226,1.3,4.0,firebase
2026-04-25 13:35:02,767.74,20.0,63.52,5.801,0.241,1.401,4.0,firebase
2026-04-25 13:35:07,755.79,20.0,63.72,5.836,0.256,1.497,4.0,firebase
2026-04-25 13:35:12,742.42,20.0,63.91,5.868,0.271,1.589,4.0,firebase
2026-04-25 13:35:17,724.11,20.0,64.12,5.903,0.287,1.696,4.0,firebase
2026-04-25 13:35:22,709.99,20.0,64.26,5.924,0.299,1.769,4.0,firebase
2026-04-25 13:35:27,690.55,20.0,64.41,5.947,0.312,1.857,4.0,firebase
2026-04-25 13:35:32,668.58,20.0,64.56,5.967,0.326,1.943,3.99,firebase
2026-04-25 13:35:37,650.19,20.0,64.66,5.98,0.336,2.007,3.99,firebase
2026-04-25 13:35:42,630.51,20.0,64.75,5.99,0.345,2.068,3.99,firebase
2026-04-25 13:35:48,595.45,20.0,64.87,5.999,0.36,2.16,3.99,firebase
2026-04-25 13:35:53,573.56,20.0,64.92,6.0,0.368,2.207,3.99,firebase
2026-04-25 13:35:58,548.05,20.0,64.97,5.997,0.376,2.254,3.99,firebase
2026-04-25 13:36:03,525.66,20.0,64.99,5.991,0.382,2.288,3.99,firebase
2026-04-25 13:36:08,502.18,20.0,65.0,5.981,0.387,2.317,3.99,firebase
2026-04-25 13:36:13,473.0,20.0,64.99,5.964,0.393,2.342,3.98,firebase
2026-04-25 13:36:18,452.16,20.0,64.97,5.948,0.396,2.354,3.98,firebase
2026-04-25 13:37:53,539.57,24.4,54.34,5.291,0.176,0.933,3.71,synthetic_demo
2026-04-25 13:37:56,577.9,24.79,53.69,5.379,0.202,1.087,3.72,synthetic_demo
2026-04-25 13:38:01,592.68,24.94,53.44,5.413,0.212,1.148,3.72,synthetic_demo
2026-04-25 13:38:06,619.21,25.22,52.97,5.475,0.23,1.261,3.72,synthetic_demo
2026-04-25 13:38:11,642.69,25.47,52.55,5.53,0.247,1.363,3.73,synthetic_demo
2026-04-25 13:38:16,663.81,25.71,52.15,5.58,0.261,1.459,3.73,synthetic_demo
2026-04-25 13:38:21,685.03,25.96,51.74,5.631,0.277,1.559,3.74,synthetic_demo
2026-04-25 13:38:26,707.1,26.23,51.28,5.686,0.293,1.667,3.75,synthetic_demo
2026-04-25 13:38:31,722.79,26.44,50.94,5.726,0.305,1.747,3.75,synthetic_demo
2026-04-25 13:38:36,736.93,26.64,50.6,5.763,0.316,1.823,3.75,synthetic_demo
2026-04-25 13:38:41,752.01,26.87,50.22,5.804,0.329,1.909,3.76,synthetic_demo
2026-04-25 13:38:46,764.51,27.08,49.86,5.839,0.34,1.985,3.76,synthetic_demo
2026-04-25 13:38:51,776.41,27.32,49.47,5.875,0.351,2.065,3.77,synthetic_demo
2026-04-25 13:38:56,784.48,27.5,49.16,5.902,0.36,2.125,3.77,synthetic_demo
2026-04-25 13:39:01,791.32,27.7,48.83,5.927,0.369,2.184,3.78,synthetic_demo
2026-04-25 13:39:06,796.24,27.89,48.51,5.949,0.376,2.237,3.78,synthetic_demo
2026-04-25 13:39:11,799.12,28.08,48.21,5.967,0.383,2.283,3.79,synthetic_demo
2026-04-25 13:39:16,800.0,28.24,47.94,5.98,0.388,2.318,3.79,synthetic_demo
2026-04-25 13:39:21,798.73,28.43,47.61,5.992,0.393,2.354,3.8,synthetic_demo
2026-04-25 13:39:26,795.19,28.61,47.32,5.998,0.396,2.377,3.8,synthetic_demo
2026-04-25 13:39:31,789.55,28.77,47.06,6.0,0.399,2.392,3.81,synthetic_demo
2026-04-25 13:39:36,782.15,28.91,46.82,5.998,0.4,2.398,3.81,synthetic_demo
2026-04-25 13:39:41,772.67,29.05,46.58,5.992,0.4,2.396,3.82,synthetic_demo
2026-04-25 13:39:46,763.61,29.16,46.41,5.984,0.399,2.388,3.82,synthetic_demo
2026-04-25 13:39:51,748.01,29.3,46.16,5.967,0.397,2.367,3.83,synthetic_demo
2026-04-25 13:39:56,734.02,29.41,45.98,5.95,0.394,2.342,3.83,synthetic_demo
2026-04-25 13:40:01,717.88,29.51,45.81,5.929,0.389,2.309,3.83,synthetic_demo
2026-04-25 13:40:06,698.37,29.61,45.65,5.901,0.384,2.263,3.84,synthetic_demo
2026-04-25 13:40:11,680.07,29.69,45.51,5.873,0.378,2.217,3.84,synthetic_demo
2026-04-25 13:40:16,655.92,29.78,45.37,5.835,0.369,2.152,3.85,synthetic_demo
2026-04-25 13:40:21,638.5,29.83,45.29,5.806,0.362,2.102,3.85,synthetic_demo
2026-04-25 13:40:26,615.35,29.88,45.19,5.767,0.352,2.033,3.86,synthetic_demo
2026-04-25 13:40:31,591.82,29.93,45.12,5.725,0.342,1.959,3.86,synthetic_demo
2026-04-25 13:40:36,571.92,29.96,45.07,5.688,0.333,1.895,3.86,synthetic_demo
2026-04-25 13:40:41,548.0,29.98,45.03,5.643,0.322,1.815,3.87,synthetic_demo
2026-04-25 13:40:46,513.46,30.0,45.0,5.575,0.304,1.695,3.87,synthetic_demo
2026-04-25 13:40:51,491.94,30.0,45.0,5.53,0.293,1.618,3.88,synthetic_demo
2026-04-25 13:40:56,467.42,29.99,45.01,5.478,0.279,1.527,3.88,synthetic_demo
2026-04-25 13:41:01,443.15,29.97,45.05,5.425,0.265,1.435,3.89,synthetic_demo
2026-04-25 13:41:06,423.43,29.95,45.08,5.38,0.252,1.358,3.89,synthetic_demo
2026-04-25 13:41:11,392.0,29.9,45.17,5.306,0.232,1.23,3.89,synthetic_demo
2026-04-25 13:41:16,370.87,29.85,45.25,5.254,0.217,1.141,3.9,synthetic_demo
2026-04-25 13:41:21,347.38,29.79,45.35,5.193,0.2,1.039,3.9,synthetic_demo
2026-04-25 13:41:26,327.16,29.72,45.47,5.138,0.184,0.946,3.9,synthetic_demo
2026-04-25 13:41:31,308.44,29.64,45.59,5.085,0.169,0.857,3.91,synthetic_demo
2026-04-25 13:41:36,293.0,29.57,45.72,5.038,0.155,0.78,3.91,synthetic_demo
2026-04-25 13:41:41,272.7,29.45,45.91,4.973,0.135,0.672,3.92,synthetic_demo
2026-04-25 13:41:46,258.03,29.35,46.08,4.922,0.119,0.588,3.92,synthetic_demo
2026-04-25 13:41:51,244.34,29.24,46.27,4.87,0.103,0.503,3.92,synthetic_demo
2026-04-25 13:41:56,230.97,29.1,46.51,4.813,0.085,0.411,3.93,synthetic_demo
2026-04-25 13:42:01,221.58,28.97,46.72,4.8,0.071,0.339,3.93,synthetic_demo
2026-04-25 13:42:06,214.22,28.85,46.92,4.8,0.057,0.274,3.93,synthetic_demo
2026-04-25 13:42:11,206.75,28.67,47.22,4.8,0.05,0.24,3.93,synthetic_demo
2026-04-25 13:42:16,202.56,28.51,47.48,4.8,0.05,0.24,3.94,synthetic_demo
2026-04-25 13:42:21,200.31,28.34,47.77,4.8,0.05,0.24,3.94,synthetic_demo
2026-04-25 13:42:26,200.2,28.16,48.06,4.8,0.05,0.24,3.94,synthetic_demo
2026-04-25 13:42:31,201.6,28.02,48.3,4.8,0.05,0.24,3.95,synthetic_demo
2026-04-25 13:42:36,206.1,27.79,48.68,4.8,0.05,0.24,3.95,synthetic_demo
2026-04-25 13:42:41,212.02,27.6,49.0,4.8,0.05,0.24,3.95,synthetic_demo
2026-04-25 13:42:46,220.42,27.39,49.35,4.8,0.05,0.24,3.96,synthetic_demo
2026-04-25 13:42:51,230.27,27.18,49.7,4.8,0.05,0.24,3.96,synthetic_demo
2026-04-25 13:42:56,242.46,26.96,50.06,4.8,0.05,0.24,3.96,synthetic_demo
2026-04-25 13:43:01,254.52,26.77,50.39,4.8,0.05,0.24,3.96,synthetic_demo
2026-04-25 13:43:06,270.31,26.53,50.78,4.8,0.05,0.24,3.96,synthetic_demo
2026-04-25 13:43:11,287.81,26.3,51.17,4.8,0.05,0.24,3.97,synthetic_demo
2026-04-25 13:43:16,306.03,26.07,51.56,4.8,0.05,0.24,3.97,synthetic_demo
2026-04-25 13:43:21,322.15,25.87,51.88,4.8,0.05,0.24,3.97,synthetic_demo
2026-04-25 13:43:26,348.15,25.57,52.38,4.8,0.05,0.24,3.97,synthetic_demo
2026-04-25 13:43:31,365.46,25.38,52.7,4.8,0.05,0.24,3.98,synthetic_demo
2026-04-25 13:43:36,392.88,25.09,53.18,4.8,0.05,0.24,3.98,synthetic_demo
2026-04-25 13:43:41,415.68,24.85,53.58,4.8,0.05,0.24,3.98,synthetic_demo
2026-04-25 13:43:46,444.01,24.56,54.06,4.8,0.05,0.24,3.98,synthetic_demo
2026-04-25 13:43:51,464.28,24.36,54.4,4.8,0.05,0.24,3.98,synthetic_demo
2026-04-25 13:43:56,486.43,24.14,54.77,4.8,0.05,0.24,3.98,synthetic_demo
2026-04-25 13:44:01,511.03,23.89,55.18,4.8,0.05,0.24,3.99,synthetic_demo
2026-04-25 13:44:06,540.32,23.6,55.67,4.8,0.05,0.24,3.99,synthetic_demo
2026-04-25 13:44:11,565.05,23.35,56.09,4.8,0.05,0.24,3.99,synthetic_demo
2026-04-25 13:44:16,588.89,23.1,56.5,4.8,0.05,0.24,3.99,synthetic_demo
2026-04-25 13:44:21,613.4,22.84,56.93,4.8,0.05,0.24,3.99,synthetic_demo
2026-04-25 13:44:26,631.8,22.65,57.25,4.811,0.05,0.241,3.99,synthetic_demo
2026-04-25 13:44:31,656.74,22.37,57.71,4.869,0.05,0.243,3.99,synthetic_demo
2026-04-25 13:44:36,673.2,22.18,58.03,4.911,0.05,0.246,3.99,synthetic_demo
2026-04-25 13:44:41,697.52,21.89,58.52,4.978,0.05,0.249,4.0,synthetic_demo
2026-04-25 13:44:46,711.91,21.71,58.82,5.021,0.05,0.251,4.0,synthetic_demo
2026-04-25 13:44:51,733.0,21.42,59.3,5.092,0.05,0.255,4.0,synthetic_demo
2026-04-25 13:44:56,747.38,21.2,59.66,5.147,0.05,0.257,4.0,synthetic_demo
2026-04-25 13:45:01,760.47,20.99,60.02,5.203,0.05,0.26,4.0,synthetic_demo
2026-04-25 13:45:06,771.33,20.79,60.35,5.257,0.064,0.335,4.0,synthetic_demo
2026-04-25 13:45:11,781.95,20.56,60.74,5.32,0.081,0.432,4.0,synthetic_demo
2026-04-25 13:45:16,789.07,20.37,61.05,5.372,0.096,0.517,4.0,synthetic_demo
2026-04-25 13:45:21,794.62,20.18,61.37,5.426,0.112,0.609,4.0,synthetic_demo
2026-04-25 13:45:26,797.87,20.02,61.64,5.472,0.126,0.69,4.0,synthetic_demo
2026-04-25 13:45:31,799.96,20.0,62.01,5.537,0.147,0.813,4.0,synthetic_demo
2026-04-25 13:45:36,799.41,20.0,62.29,5.585,0.163,0.908,4.0,synthetic_demo
2026-04-25 13:45:41,796.49,20.0,62.59,5.638,0.181,1.018,4.0,synthetic_demo
2026-04-25 13:45:46,791.78,20.0,62.85,5.684,0.197,1.118,4.0,synthetic_demo
2026-04-25 13:45:51,784.95,20.0,63.1,5.728,0.213,1.22,4.0,synthetic_demo
2026-04-25 13:45:56,775.24,20.0,63.36,5.774,0.23,1.33,4.0,synthetic_demo
2026-04-25 13:46:01,765.98,20.0,63.55,5.807,0.244,1.416,4.0,synthetic_demo
2026-04-25 13:46:06,752.89,20.0,63.77,5.844,0.26,1.518,4.0,synthetic_demo
2026-04-25 13:46:11,737.72,20.0,63.97,5.878,0.275,1.618,4.0,synthetic_demo
2026-04-25 13:46:16,727.06,20.0,64.09,5.898,0.285,1.68,4.0,synthetic_demo
2026-04-25 13:46:21,705.32,20.0,64.3,5.93,0.302,1.791,4.0,synthetic_demo
2026-04-25 13:46:26,685.13,20.0,64.45,5.953,0.316,1.879,4.0,synthetic_demo
2026-04-25 13:46:31,666.46,20.0,64.57,5.969,0.327,1.951,3.99,synthetic_demo
2026-04-25 13:46:36,643.21,20.0,64.69,5.984,0.339,2.03,3.99,synthetic_demo
2026-04-25 13:46:41,623.19,20.0,64.78,5.992,0.349,2.089,3.99,synthetic_demo
2026-04-25 13:46:46,597.35,20.0,64.86,5.999,0.359,2.155,3.99,synthetic_demo
2026-04-25 13:46:51,575.77,20.0,64.92,6.0,0.367,2.203,3.99,synthetic_demo
2026-04-25 13:46:56,551.19,20.0,64.96,5.998,0.375,2.249,3.99,synthetic_demo
2026-04-25 13:47:01,526.3,20.0,64.99,5.991,0.382,2.287,3.99,synthetic_demo
2026-04-25 13:47:06,501.3,20.0,65.0,5.981,0.387,2.317,3.99,synthetic_demo
2026-04-25 13:47:11,476.3,20.0,64.99,5.966,0.392,2.34,3.98,synthetic_demo
2026-04-25 13:47:16,448.83,20.0,64.96,5.945,0.396,2.355,3.98,synthetic_demo
2026-04-25 13:47:21,426.83,20.0,64.92,5.925,0.398,2.36,3.98,synthetic_demo
2026-04-25 13:47:26,401.31,20.0,64.86,5.898,0.4,2.357,3.98,synthetic_demo
2026-04-25 13:47:31,379.43,20.0,64.79,5.87,0.4,2.348,3.98,synthetic_demo
2026-04-25 13:47:36,358.67,20.0,64.7,5.839,0.399,2.331,3.97,synthetic_demo
2026-04-25 13:47:41,336.22,20.0,64.59,5.802,0.397,2.305,3.97,synthetic_demo
2026-04-25 13:47:46,313.4,20.0,64.44,5.757,0.394,2.267,3.97,synthetic_demo
2026-04-25 13:47:51,297.54,20.0,64.32,5.722,0.39,2.234,3.97,synthetic_demo
2026-04-25 13:47:56,279.29,20.0,64.16,5.676,0.385,2.186,3.97,synthetic_demo
2026-04-25 13:48:01,262.76,20.0,63.98,5.628,0.379,2.131,3.96,synthetic_demo
2026-04-25 13:48:06,246.89,20.0,63.77,5.573,0.371,2.066,3.96,synthetic_demo
2026-04-25 13:48:11,235.27,20.0,63.57,5.526,0.363,2.006,3.96,synthetic_demo
2026-04-25 13:48:16,224.0,20.0,63.34,5.471,0.353,1.933,3.96,synthetic_demo
2026-04-25 13:48:21,215.47,20.0,63.11,5.418,0.344,1.862,3.95,synthetic_demo
2026-04-25 13:48:26,208.77,20.0,62.87,5.365,0.333,1.787,3.95,synthetic_demo
2026-04-25 13:48:31,203.69,20.0,62.6,5.307,0.321,1.704,3.95,synthetic_demo
2026-04-25 13:48:36,200.73,20.0,62.31,5.248,0.308,1.617,3.95,synthetic_demo
2026-04-25 13:48:41,200.0,20.0,62.06,5.198,0.296,1.54,3.94,synthetic_demo
2026-04-25 13:48:46,200.86,20.0,61.8,5.148,0.284,1.464,3.94,synthetic_demo
2026-04-25 13:48:51,204.72,20.15,61.42,5.079,0.267,1.355,3.94,synthetic_demo
2026-04-25 13:48:56,209.91,20.34,61.1,5.025,0.252,1.268,3.93,synthetic_demo
2026-04-25 13:49:01,217.65,20.55,60.75,4.967,0.236,1.174,3.93,synthetic_demo
2026-04-25 13:49:06,226.28,20.74,60.43,4.917,0.222,1.09,3.93,synthetic_demo
2026-04-25 13:49:11,235.62,20.92,60.13,4.872,0.208,1.014,3.92,synthetic_demo
2026-04-25 13:49:16,250.82,21.18,59.71,4.812,0.189,0.909,3.92,synthetic_demo
2026-04-25 13:49:21,265.98,21.4,59.33,4.8,0.172,0.825,3.92,synthetic_demo
2026-04-25 13:49:26,282.52,21.63,58.94,4.8,0.155,0.745,3.91,synthetic_demo
2026-04-25 13:49:31,299.32,21.85,58.58,4.8,0.139,0.67,3.91,synthetic_demo
2026-04-25 13:49:36,319.06,22.09,58.18,4.8,0.122,0.588,3.91,synthetic_demo
2026-04-25 13:49:41,338.26,22.31,57.81,4.8,0.107,0.514,3.9,synthetic_demo
2026-04-25 13:49:46,361.87,22.58,57.37,4.8,0.089,0.428,3.9,synthetic_demo
2026-04-25 13:49:51,383.67,22.81,56.98,4.8,0.074,0.354,3.9,synthetic_demo
2026-04-25 13:49:56,408.61,23.08,56.54,4.8,0.057,0.274,3.89,synthetic_demo
2026-04-25 13:50:01,431.83,23.31,56.14,4.8,0.05,0.24,3.89,synthetic_demo
2026-04-25 13:50:06,455.3,23.55,55.75,4.8,0.05,0.24,3.88,synthetic_demo
2026-04-25 13:50:11,483.94,23.84,55.27,4.8,0.05,0.24,3.88,synthetic_demo
2026-04-25 13:50:16,504.47,24.04,54.93,4.8,0.05,0.24,3.88,synthetic_demo
2026-04-25 13:50:21,532.11,24.32,54.46,4.8,0.05,0.24,3.87,synthetic_demo
2026-04-25 13:50:26,554.29,24.55,54.09,4.8,0.05,0.24,3.87,synthetic_demo
2026-04-25 13:50:31,579.78,24.81,53.66,4.8,0.05,0.24,3.86,synthetic_demo
2026-04-25 13:50:36,604.86,25.07,53.22,4.8,0.05,0.24,3.86,synthetic_demo
2026-04-25 13:50:41,621.99,25.25,52.92,4.8,0.05,0.24,3.86,synthetic_demo
2026-04-25 13:50:46,649.06,25.54,52.43,4.8,0.05,0.24,3.85,synthetic_demo
2026-04-25 13:50:51,669.89,25.78,52.04,4.8,0.05,0.24,3.85,synthetic_demo
2026-04-25 13:50:56,689.16,26.01,51.65,4.8,0.05,0.24,3.84,synthetic_demo
2026-04-25 13:51:01,708.1,26.24,51.26,4.8,0.05,0.24,3.84,synthetic_demo
2026-04-25 13:51:06,723.75,26.45,50.91,4.8,0.05,0.24,3.83,synthetic_demo
2026-04-25 13:51:11,738.7,26.66,50.56,4.8,0.05,0.24,3.83,synthetic_demo
2026-04-25 13:51:16,755.1,26.92,50.13,4.8,0.05,0.24,3.82,synthetic_demo
2026-04-25 13:51:21,767.42,27.14,49.77,4.8,0.05,0.24,3.82,synthetic_demo
2026-04-25 13:51:26,778.05,27.35,49.41,4.8,0.05,0.24,3.81,synthetic_demo
2026-04-25 13:51:31,786.32,27.55,49.08,4.8,0.05,0.24,3.81,synthetic_demo
2026-04-25 13:51:43,798.71,28.04,48.26,4.8,0.05,0.24,3.8,synthetic_demo
2026-04-25 13:51:48,799.76,28.16,48.07,4.829,0.05,0.241,3.79,synthetic_demo
2026-04-25 13:51:53,799.48,28.37,47.72,4.89,0.05,0.244,3.79,synthetic_demo
2026-04-25 13:51:58,796.24,28.57,47.39,4.954,0.05,0.248,3.78,synthetic_demo
2026-04-25 13:52:03,791.97,28.7,47.16,5.002,0.05,0.25,3.78,synthetic_demo
2026-04-25 13:52:08,785.12,28.86,46.9,5.059,0.05,0.253,3.77,synthetic_demo
2026-04-25 13:52:13,777.11,28.99,46.68,5.111,0.05,0.256,3.77,synthetic_demo
2026-04-25 13:52:18,766.05,29.13,46.45,5.17,0.05,0.259,3.76,synthetic_demo
2026-04-25 13:52:23,752.16,29.27,46.22,5.234,0.05,0.262,3.76,synthetic_demo
2026-04-25 13:52:28,739.45,29.37,46.05,5.284,0.05,0.264,3.76,synthetic_demo
2026-04-25 13:52:33,726.87,29.46,45.91,5.329,0.05,0.266,3.75,synthetic_demo
2026-04-25 13:52:38,704.97,29.58,45.7,5.4,0.05,0.27,3.74,synthetic_demo
2026-04-25 13:52:43,687.36,29.66,45.56,5.451,0.05,0.273,3.74,synthetic_demo
2026-04-25 13:52:48,666.59,29.74,45.43,5.506,0.05,0.275,3.74,synthetic_demo
2026-04-25 13:52:53,645.67,29.81,45.32,5.557,0.051,0.285,3.73,synthetic_demo
2026-04-25 13:53:06,582.67,29.94,45.1,5.689,0.095,0.538,3.72,synthetic_demo
2026-04-25 13:53:11,565.78,29.96,45.06,5.72,0.106,0.606,3.71,synthetic_demo
2026-04-25 13:53:16,539.45,29.99,45.02,5.765,0.124,0.713,3.71,synthetic_demo
2026-04-25 13:53:21,513.83,30.0,45.0,5.805,0.141,0.817,3.7,synthetic_demo
2026-04-25 13:53:26,487.71,30.0,45.0,5.843,0.158,0.924,3.7,synthetic_demo
2026-04-25 13:53:31,464.4,29.99,45.02,5.873,0.174,1.02,3.69,synthetic_demo
2026-04-25 13:53:36,439.77,29.97,45.05,5.902,0.19,1.123,3.69,synthetic_demo
2026-04-25 13:53:41,413.36,29.94,45.11,5.93,0.208,1.234,3.68,synthetic_demo
2026-04-25 13:53:46,388.53,29.89,45.18,5.952,0.225,1.339,3.68,synthetic_demo
2026-04-25 13:53:51,367.97,29.84,45.26,5.968,0.239,1.427,3.67,synthetic_demo
2026-04-25 13:53:56,345.06,29.78,45.37,5.983,0.255,1.527,3.67,synthetic_demo
2026-04-25 13:54:01,324.37,29.71,45.48,5.992,0.27,1.618,3.66,synthetic_demo
2026-04-25 13:54:06,309.38,29.65,45.59,5.997,0.281,1.684,3.66,synthetic_demo
2026-04-25 13:54:11,287.23,29.54,45.77,6.0,0.297,1.785,3.65,synthetic_demo
2026-04-25 13:54:16,269.61,29.43,45.94,5.998,0.311,1.866,3.65,synthetic_demo
2026-04-25 13:54:21,254.38,29.32,46.13,5.991,0.324,1.938,3.64,synthetic_demo
2026-04-25 13:54:26,241.37,29.21,46.32,5.981,0.335,2.002,3.64,synthetic_demo
2026-04-25 13:54:31,229.14,29.07,46.54,5.966,0.346,2.064,3.63,synthetic_demo
2026-04-25 13:54:36,218.41,28.92,46.8,5.945,0.357,2.122,3.63,synthetic_demo
2026-04-25 13:54:41,211.87,28.8,47.0,5.927,0.364,2.16,3.62,synthetic_demo
2026-04-25 13:54:46,205.83,28.64,47.27,5.901,0.373,2.199,3.62,synthetic_demo
2026-04-25 13:54:51,201.7,28.46,47.56,5.868,0.38,2.232,3.61,synthetic_demo
2026-04-25 13:54:56,200.06,28.28,47.86,5.834,0.387,2.255,3.61,synthetic_demo
2026-04-25 13:55:01,200.49,28.12,48.13,5.8,0.391,2.268,3.6,synthetic_demo
2026-04-25 13:55:06,203.35,27.91,48.48,5.757,0.395,2.275,3.6,synthetic_demo
2026-04-25 13:55:11,207.2,27.75,48.75,5.721,0.398,2.275,3.59,synthetic_demo
2026-04-25 13:55:16,213.79,27.55,49.08,5.676,0.399,2.267,3.59,synthetic_demo
2026-04-25 13:55:21,222.11,27.35,49.42,5.629,0.4,2.252,3.59,synthetic_demo
2026-04-25 13:55:26,231.09,27.17,49.72,5.586,0.4,2.233,3.58,synthetic_demo
2026-04-25 13:55:31,245.42,26.91,50.15,5.526,0.398,2.198,3.58,synthetic_demo
2026-04-25 13:55:36,258.65,26.7,50.49,5.476,0.395,2.165,3.57,synthetic_demo
2026-04-25 13:55:41,274.29,26.48,50.87,5.422,0.392,2.123,3.57,synthetic_demo
2026-04-25 13:55:46,292.08,26.24,51.26,5.365,0.387,2.074,3.56,synthetic_demo
2026-04-25 13:55:51,311.63,26.0,51.67,5.306,0.38,2.018,3.56,synthetic_demo
2026-04-25 13:55:56,326.95,25.82,51.97,5.263,0.375,1.974,3.55,synthetic_demo
2026-04-25 13:56:01,351.24,25.54,52.43,5.197,0.366,1.902,3.55,synthetic_demo
2026-04-25 13:56:06,373.06,25.3,52.83,5.141,0.357,1.837,3.55,synthetic_demo
2026-04-25 13:56:11,398.24,25.03,53.28,5.079,0.347,1.76,3.54,synthetic_demo
2026-04-25 13:56:16,420.22,24.81,53.66,5.027,0.337,1.693,3.54,synthetic_demo
2026-04-25 13:56:21,446.03,24.54,54.1,4.968,0.325,1.613,3.53,synthetic_demo
2026-04-25 13:56:26,470.48,24.3,54.51,4.915,0.312,1.536,3.53,synthetic_demo
2026-04-25 13:56:31,494.04,24.06,54.9,4.865,0.3,1.46,3.52,synthetic_demo
2026-04-25 13:56:36,520.59,23.79,55.34,4.811,0.286,1.374,3.52,synthetic_demo
2026-04-25 13:56:41,545.58,23.54,55.76,4.8,0.271,1.302,3.52,synthetic_demo
2026-04-25 13:56:46,569.17,23.3,56.16,4.8,0.257,1.234,3.51,synthetic_demo
2026-04-25 13:56:51,590.63,23.08,56.53,4.8,0.243,1.168,3.51,synthetic_demo
2026-04-25 13:56:56,616.83,22.81,56.99,4.8,0.226,1.084,3.5,synthetic_demo
2026-04-25 13:57:01,639.6,22.56,57.4,4.8,0.21,1.007,3.5,synthetic_demo
2026-04-25 13:57:06,662.01,22.31,57.81,4.8,0.193,0.925,3.5,synthetic_demo
2026-04-25 13:57:11,680.93,22.09,58.18,4.8,0.178,0.852,3.5,synthetic_demo
2026-04-25 13:57:16,702.17,21.83,58.61,4.8,0.159,0.764,3.5,synthetic_demo
2026-04-25 13:57:21,715.22,21.66,58.89,4.8,0.147,0.706,3.5,synthetic_demo
2026-04-25 13:57:26,733.97,21.4,59.33,4.8,0.128,0.615,3.5,synthetic_demo
2026-04-25 13:57:31,749.52,21.17,59.72,4.8,0.111,0.532,3.5,synthetic_demo
2026-04-25 13:57:36,763.01,20.94,60.09,4.8,0.094,0.45,3.5,synthetic_demo
2026-04-25 13:57:41,774.34,20.73,60.46,4.8,0.077,0.371,3.5,synthetic_demo
2026-04-25 13:57:46,783.37,20.52,60.79,4.8,0.062,0.297,3.5,synthetic_demo
2026-04-25 13:57:51,789.62,20.35,61.08,4.8,0.05,0.24,3.5,synthetic_demo
2026-04-25 13:57:56,795.72,20.13,61.45,4.8,0.05,0.24,3.5,synthetic_demo
2026-04-25 13:58:01,799.05,20.0,61.78,4.8,0.05,0.24,3.5,synthetic_demo
2026-04-25 13:58:06,799.99,20.0,62.05,4.8,0.05,0.24,3.5,synthetic_demo
2026-04-25 13:58:11,798.91,20.0,62.37,4.8,0.05,0.24,3.5,synthetic_demo
2026-04-25 13:58:16,796.01,20.0,62.62,4.8,0.05,0.24,3.5,synthetic_demo
2026-04-25 13:58:21,790.92,20.0,62.89,4.8,0.05,0.24,3.5,synthetic_demo
2026-04-25 13:58:33,768.37,20.0,63.51,4.8,0.05,0.24,3.5,synthetic_demo
2026-04-25 14:00:18,539.17,24.39,54.35,5.29,0.176,0.932,3.71,synthetic_demo
2026-04-25 14:00:21,565.21,24.66,53.91,5.349,0.194,1.036,3.71,synthetic_demo
2026-04-25 14:00:26,586.41,24.87,53.54,5.398,0.208,1.122,3.72,synthetic_demo
2026-04-25 14:00:31,611.13,25.13,53.11,5.456,0.225,1.226,3.72,synthetic_demo
2026-04-25 14:00:36,633.51,25.37,52.71,5.508,0.24,1.323,3.73,synthetic_demo
2026-04-25 14:00:41,655.05,25.61,52.32,5.559,0.255,1.419,3.73,synthetic_demo
2026-04-25 14:00:46,675.78,25.85,51.92,5.609,0.27,1.515,3.74,synthetic_demo
2026-04-25 14:00:51,692.75,26.05,51.58,5.65,0.282,1.596,3.74,synthetic_demo
2026-04-25 14:00:56,712.04,26.29,51.18,5.699,0.297,1.692,3.75,synthetic_demo
2026-04-25 14:01:01,730.43,26.54,50.76,5.746,0.311,1.788,3.75,synthetic_demo
2026-04-25 14:01:06,745.38,26.76,50.39,5.785,0.323,1.871,3.76,synthetic_demo
2026-04-25 14:01:11,758.86,26.98,50.03,5.823,0.335,1.95,3.76,synthetic_demo
2026-04-25 14:01:16,770.29,27.19,49.68,5.856,0.345,2.023,3.77,synthetic_demo
2026-04-25 14:01:21,780.54,27.41,49.32,5.888,0.356,2.095,3.77,synthetic_demo
2026-04-26 18:23:19,727.14,26.5,50.84,5.737,0.309,1.77,3.75,synthetic_demo
2026-04-26 18:23:22,741.83,26.71,50.48,5.776,0.32,1.851,3.76,synthetic_demo
2026-04-26 18:23:27,753.12,26.89,50.19,5.807,0.33,1.916,3.76,synthetic_demo
2026-04-26 18:23:32,765.79,27.11,49.82,5.843,0.341,1.994,3.76,synthetic_demo
2026-04-26 18:23:37,775.68,27.3,49.5,5.873,0.351,2.06,3.77,synthetic_demo
2026-04-26 18:23:42,784.93,27.52,49.14,5.903,0.361,2.129,3.77,synthetic_demo
2026-04-26 18:23:47,791.67,27.71,48.81,5.928,0.369,2.188,3.78,synthetic_demo
2026-04-26 18:23:52,796.42,27.9,48.5,5.95,0.376,2.239,3.78,synthetic_demo
2026-04-26 18:23:57,799.21,28.09,48.19,5.967,0.383,2.285,3.79,synthetic_demo
2026-04-26 18:24:02,799.97,28.27,47.88,5.982,0.389,2.325,3.79,synthetic_demo
2026-04-26 18:24:07,798.61,28.44,47.6,5.992,0.393,2.355,3.8,synthetic_demo
2026-04-26 18:24:12,795.25,28.6,47.33,5.998,0.396,2.377,3.8,synthetic_demo
2026-04-26 18:24:17,789.91,28.76,47.07,6.0,0.399,2.392,3.81,synthetic_demo
2026-04-26 18:24:22,781.56,28.92,46.8,5.998,0.4,2.398,3.81,synthetic_demo
2026-04-26 18:24:27,772.78,29.05,46.59,5.992,0.4,2.396,3.82,synthetic_demo
2026-04-26 18:24:32,760.16,29.19,46.35,5.98,0.399,2.384,3.82,synthetic_demo
2026-04-26 18:24:37,746.18,29.32,46.14,5.965,0.396,2.364,3.83,synthetic_demo
2026-04-26 18:24:42,732.25,29.42,45.96,5.948,0.393,2.339,3.83,synthetic_demo
2026-04-26 18:24:47,717.0,29.52,45.81,5.928,0.389,2.307,3.83,synthetic_demo
2026-04-26 18:24:52,697.03,29.62,45.63,5.899,0.383,2.26,3.84,synthetic_demo
2026-04-26 18:24:57,679.06,29.7,45.51,5.872,0.377,2.215,3.84,synthetic_demo
2026-04-26 18:25:02,658.82,29.77,45.39,5.84,0.37,2.16,3.85,synthetic_demo
2026-04-26 18:25:07,634.76,29.84,45.27,5.8,0.361,2.091,3.85,synthetic_demo
2026-04-26 18:25:12,613.76,29.89,45.19,5.764,0.352,2.028,3.86,synthetic_demo
2026-04-26 18:25:17,589.18,29.93,45.11,5.72,0.341,1.951,3.86,synthetic_demo
2026-04-26 18:25:22,566.96,29.96,45.06,5.679,0.331,1.879,3.87,synthetic_demo
2026-04-26 18:25:27,542.82,29.98,45.03,5.633,0.319,1.797,3.87,synthetic_demo
2026-04-26 18:25:32,518.37,30.0,45.0,5.584,0.307,1.713,3.87,synthetic_demo
2026-04-26 18:25:37,492.26,30.0,45.0,5.531,0.293,1.619,3.88,synthetic_demo
2026-04-26 18:25:42,467.79,29.99,45.01,5.479,0.279,1.529,3.88,synthetic_demo
2026-04-26 18:25:47,443.48,29.97,45.04,5.426,0.265,1.436,3.89,synthetic_demo
2026-04-26 18:25:52,418.08,29.94,45.1,5.368,0.249,1.337,3.89,synthetic_demo
2026-04-26 18:25:57,394.7,29.9,45.16,5.313,0.234,1.242,3.89,synthetic_demo
2026-04-26 18:26:02,372.07,29.86,45.24,5.257,0.218,1.147,3.9,synthetic_demo
2026-04-26 18:26:07,350.29,29.8,45.34,5.201,0.202,1.052,3.9,synthetic_demo
2026-04-26 18:26:12,328.26,29.72,45.46,5.141,0.185,0.951,3.9,synthetic_demo
2026-04-26 18:26:17,308.74,29.65,45.59,5.085,0.169,0.858,3.91,synthetic_demo
2026-04-26 18:26:22,290.46,29.56,45.74,5.03,0.152,0.767,3.91,synthetic_demo
2026-04-26 18:26:27,272.6,29.45,45.91,4.972,0.135,0.671,3.92,synthetic_demo
2026-04-26 18:26:32,257.35,29.35,46.09,4.919,0.119,0.584,3.92,synthetic_demo
2026-04-26 18:26:37,243.7,29.23,46.28,4.867,0.103,0.499,3.92,synthetic_demo
2026-04-26 18:26:42,231.83,29.11,46.49,4.817,0.087,0.417,3.93,synthetic_demo
2026-04-26 18:26:47,221.15,28.96,46.73,4.8,0.07,0.336,3.93,synthetic_demo
2026-04-26 18:26:52,213.02,28.82,46.96,4.8,0.055,0.262,3.93,synthetic_demo
2026-04-26 18:26:57,206.82,28.67,47.22,4.8,0.05,0.24,3.93,synthetic_demo
2026-04-26 18:27:02,202.61,28.51,47.48,4.8,0.05,0.24,3.94,synthetic_demo
2026-04-26 18:27:07,200.3,28.34,47.77,4.8,0.05,0.24,3.94,synthetic_demo
2026-04-26 18:27:12,200.21,28.16,48.06,4.8,0.05,0.24,3.94,synthetic_demo
2026-04-26 18:27:17,202.31,27.97,48.38,4.8,0.05,0.24,3.95,synthetic_demo
2026-04-26 18:27:22,206.35,27.78,48.69,4.8,0.05,0.24,3.95,synthetic_demo
2026-04-26 18:27:27,212.35,27.59,49.02,4.8,0.05,0.24,3.95,synthetic_demo
2026-04-26 18:27:32,220.28,27.39,49.35,4.8,0.05,0.24,3.96,synthetic_demo
2026-04-26 18:27:37,230.16,27.18,49.69,4.8,0.05,0.24,3.96,synthetic_demo
2026-04-26 18:27:42,242.53,26.96,50.07,4.8,0.05,0.24,3.96,synthetic_demo
2026-04-26 18:27:47,255.99,26.74,50.43,4.8,0.05,0.24,3.96,synthetic_demo
2026-04-26 18:27:52,271.14,26.52,50.8,4.8,0.05,0.24,3.97,synthetic_demo
2026-04-26 18:27:57,288.81,26.28,51.19,4.8,0.05,0.24,3.97,synthetic_demo
2026-04-26 18:28:02,306.95,26.05,51.58,4.8,0.05,0.24,3.97,synthetic_demo
2026-04-26 18:28:07,326.4,25.82,51.96,4.8,0.05,0.24,3.97,synthetic_demo
2026-04-26 18:28:12,347.0,25.59,52.36,4.8,0.05,0.24,3.97,synthetic_demo
2026-04-26 18:28:17,369.97,25.33,52.78,4.8,0.05,0.24,3.98,synthetic_demo
2026-04-26 18:28:22,392.57,25.09,53.18,4.8,0.05,0.24,3.98,synthetic_demo
2026-04-26 18:28:27,421.72,24.79,53.68,4.8,0.05,0.24,3.98,synthetic_demo
2026-04-26 18:28:32,441.19,24.59,54.02,4.8,0.05,0.24,3.98,synthetic_demo
2026-04-26 18:28:37,465.47,24.35,54.42,4.8,0.05,0.24,3.98,synthetic_demo
2026-04-26 18:28:42,489.99,24.1,54.83,4.8,0.05,0.24,3.98,synthetic_demo
2026-04-26 18:28:47,514.57,23.85,55.24,4.8,0.05,0.24,3.99,synthetic_demo
2026-04-26 18:28:52,540.55,23.59,55.68,4.8,0.05,0.24,3.99,synthetic_demo
2026-04-26 18:28:57,564.68,23.35,56.08,4.8,0.05,0.24,3.99,synthetic_demo
2026-04-26 18:29:02,588.44,23.11,56.49,4.8,0.05,0.24,3.99,synthetic_demo
2026-04-26 18:29:07,611.63,22.86,56.89,4.8,0.05,0.24,3.99,synthetic_demo
2026-04-26 18:29:12,635.53,22.61,57.32,4.819,0.05,0.241,3.99,synthetic_demo
2026-04-26 18:29:17,656.93,22.37,57.72,4.87,0.05,0.243,3.99,synthetic_demo
2026-04-26 18:29:22,677.27,22.13,58.11,4.921,0.05,0.246,3.99,synthetic_demo
2026-04-26 18:29:27,697.64,21.89,58.52,4.978,0.05,0.249,4.0,synthetic_demo
2026-04-26 18:29:32,716.32,21.65,58.92,5.035,0.05,0.252,4.0,synthetic_demo
2026-04-26 18:29:37,731.83,21.44,59.27,5.088,0.05,0.254,4.0,synthetic_demo
2026-04-26 18:29:42,747.48,21.2,59.66,5.147,0.05,0.257,4.0,synthetic_demo
2026-04-26 18:29:47,760.55,20.99,60.02,5.203,0.05,0.26,4.0,synthetic_demo
2026-04-26 18:29:52,771.82,20.78,60.37,5.259,0.064,0.339,4.0,synthetic_demo
2026-04-26 18:29:57,781.31,20.57,60.71,5.315,0.08,0.425,4.0,synthetic_demo
2026-04-26 18:31:22,2.5,0.0,0.0,0.872,-0.0,0.0,0.0,real_sensor
2026-04-26 18:31:24,2.5,0.0,0.0,0.872,-0.0,0.0,0.0,real_sensor
2026-04-26 18:31:29,1.67,0.0,0.0,0.872,-0.0,0.0,0.0,real_sensor
2026-04-26 18:31:34,1.67,0.0,0.0,0.86,-0.0,0.0,0.0,real_sensor
2026-04-26 18:31:39,1.67,0.0,0.0,0.852,-0.0,0.0,0.0,real_sensor
2026-04-26 18:31:44,0.83,0.0,0.0,0.876,-0.0,0.0,0.0,real_sensor
2026-04-26 18:31:49,4.17,0.0,0.0,0.86,-0.001,0.0,0.0,real_sensor
2026-04-26 18:31:54,5.0,0.0,0.0,0.86,-0.0,0.0,0.0,real_sensor
2026-04-26 18:31:59,2.5,0.0,0.0,0.86,0.0,0.0,0.0,real_sensor
2026-04-26 18:32:04,2.5,0.0,0.0,0.856,-0.0,0.0,0.0,real_sensor
2026-04-26 18:32:09,2.5,0.0,0.0,0.86,-0.0,0.0,0.0,real_sensor
2026-04-26 18:32:14,2.5,0.0,0.0,0.868,-0.0,0.0,0.0,real_sensor
2026-04-26 18:32:19,2.5,0.0,0.0,0.864,-0.0,0.0,0.0,real_sensor
2026-04-26 18:32:24,2.5,0.0,0.0,0.86,-0.0,0.0,0.0,real_sensor
2026-04-26 18:32:29,2.5,0.0,0.0,0.864,-0.0,0.0,0.0,real_sensor
2026-04-26 18:32:34,2.5,0.0,0.0,0.848,-0.0,0.0,0.0,real_sensor
2026-04-26 18:32:39,2.5,0.0,0.0,0.864,-0.0,0.0,0.0,real_sensor
2026-04-26 18:32:44,1.67,0.0,0.0,0.856,-0.0,0.0,0.0,real_sensor
2026-04-26 18:32:49,1.67,0.0,0.0,0.844,0.0,0.0,0.0,real_sensor
2026-04-26 18:32:54,1.67,0.0,0.0,0.84,-0.0,0.0,0.0,real_sensor
2026-04-26 18:32:59,1.67,0.0,0.0,0.852,-0.0,0.0,0.0,real_sensor
2026-04-26 18:33:04,1.67,0.0,0.0,0.864,-0.0,0.0,0.0,real_sensor
2026-04-26 18:33:09,0.83,0.0,0.0,0.148,-0.0,0.0,0.0,real_sensor
2026-04-26 18:33:14,0.83,0.0,0.0,0.856,-0.0,0.0,0.0,real_sensor
2026-04-26 18:33:19,0.83,0.0,0.0,0.84,-0.0,0.0,0.0,real_sensor
2026-04-26 18:33:24,0.83,0.0,0.0,0.872,0.0,0.0,0.0,real_sensor
2026-04-26 18:33:29,0.83,0.0,0.0,0.864,-0.0,0.0,0.0,real_sensor
2026-04-26 18:33:34,1.67,0.0,0.0,0.892,0.0,0.0,0.0,real_sensor
2026-04-26 18:33:39,1.67,0.0,0.0,0.884,-0.0,0.0,0.0,real_sensor
2026-04-26 18:33:44,1.67,0.0,0.0,0.864,-0.0,0.0,0.0,real_sensor
2026-04-26 18:33:49,121.67,0.0,0.0,0.868,0.0,0.0,0.0,real_sensor
2026-04-26 18:33:54,56.67,0.0,0.0,0.844,0.0,0.0,0.0,real_sensor
2026-04-26 18:33:59,2.5,0.0,0.0,0.884,-0.0,0.0,0.0,real_sensor
2026-04-26 18:34:04,3.33,0.0,0.0,0.848,-0.0,0.0,0.0,real_sensor
2026-04-26 18:34:09,5.83,0.0,0.0,0.832,-0.0,0.0,0.0,real_sensor
2026-04-26 18:34:14,2.5,0.0,0.0,0.848,-0.0,0.0,0.0,real_sensor
2026-04-26 18:34:19,1.67,0.0,0.0,0.868,-0.0,0.0,0.0,real_sensor
2026-04-26 18:34:24,10.83,0.0,0.0,0.86,-0.0,0.0,0.0,real_sensor
2026-04-26 18:34:29,10.83,0.0,0.0,0.808,0.0,0.0,0.0,real_sensor
2026-04-26 18:34:34,3.33,0.0,0.0,0.876,-0.0,0.0,0.0,real_sensor
2026-04-26 18:34:39,5.83,0.0,0.0,0.856,0.0,0.0,0.0,real_sensor
2026-04-26 18:47:33,558.99,25.28,49.44,12.472,0.467,5.821,12.6,sensor_node_01
2026-04-26 18:47:35,585.21,25.47,49.06,12.52,0.478,5.985,12.6,sensor_node_01
2026-04-26 18:47:40,603.9,25.61,48.79,12.555,0.486,6.104,12.6,sensor_node_01
2026-04-26 18:47:45,624.05,25.76,48.49,12.592,0.495,6.233,12.6,sensor_node_01
2026-04-26 18:47:50,648.89,25.95,48.1,12.639,0.506,6.396,12.6,sensor_node_01
2026-04-26 18:47:55,667.53,26.1,47.81,12.675,0.514,6.52,12.6,sensor_node_01
2026-04-26 18:48:00,686.59,26.25,47.49,12.712,0.523,6.651,12.6,sensor_node_01
2026-04-26 18:48:05,704.43,26.41,47.19,12.747,0.532,6.776,12.6,sensor_node_01
2026-04-26 18:48:10,720.03,26.55,46.9,12.778,0.539,6.89,12.6,sensor_node_01
2026-04-26 18:48:15,736.25,26.71,46.58,12.812,0.547,7.012,12.6,sensor_node_01
2026-04-26 18:48:20,751.73,26.87,46.25,12.845,0.555,7.135,12.6,sensor_node_01
2026-04-26 18:48:25,764.51,27.03,45.95,12.874,0.563,7.243,12.6,sensor_node_01
2026-04-26 18:48:30,773.06,27.14,45.72,12.894,0.568,7.321,12.6,sensor_node_01
2026-04-26 18:48:35,781.23,27.26,45.47,12.915,0.573,7.401,12.6,sensor_node_01
2026-04-26 18:48:40,790.08,27.43,45.15,12.939,0.58,7.5,12.6,sensor_node_01
2026-04-26 18:48:45,794.78,27.54,44.92,12.955,0.584,7.563,12.6,sensor_node_01
2026-04-26 18:48:50,798.89,27.7,44.6,12.973,0.589,7.641,12.6,sensor_node_01
2026-04-26 18:48:55,799.95,27.8,44.4,12.983,0.592,7.685,12.6,sensor_node_01
2026-04-26 18:49:00,799.13,27.94,44.12,12.993,0.595,7.734,12.6,sensor_node_01
2026-04-26 18:49:05,796.38,28.05,43.91,12.998,0.597,7.765,12.6,sensor_node_01
2026-04-26 18:49:10,792.47,28.14,43.73,13.0,0.599,7.784,12.6,sensor_node_01
2026-04-26 18:49:15,786.28,28.24,43.53,12.999,0.6,7.796,12.6,sensor_node_01
2026-04-26 18:49:20,778.3,28.33,43.34,12.996,0.6,7.798,12.6,sensor_node_01
2026-04-26 18:49:25,767.92,28.42,43.15,12.989,0.6,7.788,12.6,sensor_node_01
2026-04-26 18:49:30,757.13,28.5,43.0,12.98,0.599,7.771,12.6,sensor_node_01
2026-04-26 18:49:35,741.63,28.59,42.82,12.966,0.597,7.736,12.6,sensor_node_01
2026-04-26 18:49:40,727.98,28.65,42.69,12.952,0.594,7.699,12.6,sensor_node_01
2026-04-26 18:49:45,711.36,28.72,42.56,12.933,0.591,7.648,12.6,sensor_node_01
2026-04-26 18:49:50,695.7,28.77,42.46,12.914,0.588,7.596,12.6,sensor_node_01
2026-04-26 18:49:55,673.61,28.83,42.33,12.887,0.583,7.516,12.6,sensor_node_01
2026-04-26 18:50:00,659.68,28.86,42.27,12.869,0.58,7.462,12.6,sensor_node_01
2026-04-26 18:50:05,628.87,28.92,42.16,12.827,0.572,7.335,12.6,sensor_node_01
2026-04-26 18:50:10,609.44,28.95,42.11,12.799,0.566,7.25,12.6,sensor_node_01
2026-04-26 18:50:15,588.84,28.97,42.06,12.769,0.56,7.155,12.6,sensor_node_01
2026-04-26 21:48:19,3.33,25.6,49.4,5.296,0.178,0.942,3.71,node_01
2026-04-26 21:48:22,3.33,25.6,49.4,5.365,0.198,1.063,3.71,node_01
2026-04-26 21:48:27,3.33,25.6,49.5,5.414,0.213,1.151,3.72,node_01
2026-04-26 21:48:32,3.33,25.6,49.5,5.461,0.226,1.236,3.72,node_01
2026-04-26 21:48:37,3.33,25.6,49.5,5.517,0.243,1.339,3.73,node_01
2026-04-26 21:48:42,3.33,25.6,49.4,5.574,0.26,1.447,3.73,node_01
2026-04-26 21:48:47,3.33,25.6,49.4,5.62,0.273,1.535,3.74,node_01
2026-04-26 21:48:52,3.33,25.6,49.5,5.672,0.289,1.639,3.74,node_01
2026-04-26 21:48:57,3.33,25.6,49.3,5.711,0.301,1.716,3.75,node_01
2026-04-26 21:49:02,3.33,25.6,49.2,5.752,0.313,1.802,3.75,node_01
2026-04-26 21:49:07,3.33,25.6,49.3,5.796,0.327,1.894,3.76,node_01
2026-04-26 21:49:12,3.33,25.6,49.3,5.83,0.337,1.966,3.76,node_01
2026-04-26 21:49:17,3.33,25.6,49.3,5.863,0.348,2.039,3.77,node_01
2026-04-26 21:49:22,3.33,25.6,49.3,5.893,0.357,2.105,3.77,node_01
2026-04-26 21:49:27,2.5,25.6,49.4,5.922,0.367,2.174,3.78,node_01
2026-04-26 21:49:32,3.33,25.6,49.5,5.942,0.374,2.221,3.78,node_01
2026-04-26 21:49:37,3.33,25.6,49.4,5.963,0.381,2.274,3.79,node_01
2026-04-26 21:49:42,3.33,25.6,49.4,5.978,0.387,2.314,3.79,node_01
2026-04-26 21:49:47,3.33,25.6,49.4,5.989,0.392,2.346,3.8,node_01
2026-04-26 21:49:52,3.33,25.6,49.4,5.997,0.395,2.371,3.8,node_01
2026-04-26 21:49:57,3.33,25.6,49.3,6.0,0.398,2.389,3.81,node_01
2026-04-26 21:50:02,3.33,25.6,49.3,5.999,0.4,2.397,3.81,node_01
2026-04-26 21:50:07,3.33,25.6,49.3,5.994,0.4,2.398,3.82,node_01
2026-04-26 21:50:12,3.33,25.6,49.2,5.985,0.399,2.389,3.82,node_01
2026-04-26 21:50:17,3.33,25.6,49.2,5.972,0.397,2.373,3.82,node_01
2026-04-26 21:50:22,3.33,25.6,49.3,5.955,0.395,2.349,3.83,node_01
2026-04-26 21:50:27,2.5,25.6,49.4,5.933,0.39,2.316,3.83,node_01
2026-04-26 21:50:32,3.33,25.6,49.3,5.911,0.386,2.279,3.84,node_01
2026-04-26 21:50:37,3.33,25.6,49.3,5.883,0.38,2.234,3.84,node_01
2026-04-26 21:50:42,2.5,25.6,49.4,5.85,0.372,2.178,3.85,node_01
2026-04-26 21:50:47,3.33,25.6,49.3,5.814,0.364,2.114,3.85,node_01
2026-04-26 21:50:52,3.33,25.6,49.4,5.776,0.355,2.049,3.86,node_01
2026-04-26 21:50:57,3.33,25.6,49.5,5.736,0.345,1.978,3.86,node_01
2026-04-26 21:51:02,3.33,25.6,49.3,5.693,0.334,1.903,3.86,node_01
2026-04-26 21:51:07,3.33,25.5,49.2,5.644,0.322,1.817,3.87,node_01
2026-04-26 21:51:12,3.33,25.6,49.2,5.596,0.31,1.734,3.87,node_01
2026-04-26 21:51:17,3.33,25.6,49.3,5.547,0.297,1.647,3.88,node_01
2026-04-26 21:51:22,3.33,25.6,49.1,5.492,0.282,1.551,3.88,node_01
2026-04-26 21:51:27,2.5,25.5,49.0,5.443,0.269,1.466,3.88,node_01
2026-04-26 21:51:32,3.33,25.6,49.1,5.386,0.254,1.367,3.89,node_01
2026-04-26 21:51:37,3.33,25.6,49.2,5.331,0.239,1.274,3.89,node_01
2026-04-26 21:51:42,3.33,25.6,49.3,5.266,0.221,1.162,3.9,node_01
2026-04-26 21:51:47,3.33,25.6,49.4,5.21,0.205,1.067,3.9,node_01
2026-04-26 21:51:52,3.33,25.5,49.6,5.157,0.19,0.978,3.9,node_01
2026-04-26 21:51:57,3.33,25.5,49.6,5.098,0.172,0.879,3.91,node_01
2026-04-26 21:52:02,2.5,25.6,49.1,5.039,0.155,0.782,3.91,node_01
2026-04-26 21:52:07,2.5,25.5,49.2,4.987,0.14,0.696,3.91,node_01
2026-04-26 21:52:12,3.33,25.5,49.4,4.927,0.121,0.598,3.92,node_01
2026-04-26 21:52:17,3.33,25.5,49.4,4.872,0.104,0.507,3.92,node_01
2026-04-26 21:52:22,2.5,25.5,49.5,4.833,0.092,0.443,3.92,node_01
2026-04-26 21:52:27,3.33,25.5,49.3,4.8,0.076,0.364,3.93,node_01
2026-04-26 21:52:32,2.5,25.5,49.2,4.8,0.058,0.278,3.93,node_01
2026-04-26 21:52:37,2.5,25.5,49.2,4.8,0.05,0.24,3.93,node_01
2026-04-26 21:52:42,2.5,25.5,49.1,4.8,0.05,0.24,3.94,node_01
2026-04-26 21:52:47,2.5,25.5,49.0,4.8,0.05,0.24,3.94,node_01
2026-04-26 21:52:52,2.5,25.5,49.0,4.8,0.05,0.24,3.94,node_01
2026-04-26 21:52:57,3.33,25.5,48.9,4.8,0.05,0.24,3.95,node_01
2026-04-26 21:53:02,2.5,25.5,48.9,4.8,0.05,0.24,3.95,node_01
2026-04-26 21:53:07,3.33,25.4,48.8,4.8,0.05,0.24,3.95,node_01
2026-04-26 21:53:12,3.33,25.5,48.7,4.8,0.05,0.24,3.95,node_01
2026-04-26 21:53:17,3.33,25.5,48.8,4.8,0.05,0.24,3.96,node_01
2026-04-26 21:53:22,2.5,25.4,49.0,4.8,0.05,0.24,3.96,node_01
2026-04-26 21:53:27,3.33,25.4,49.1,4.8,0.05,0.24,3.96,node_01
2026-04-26 21:53:32,3.33,25.4,49.1,4.8,0.05,0.24,3.96,node_01
2026-04-26 21:53:37,2.5,25.4,49.1,4.8,0.05,0.24,3.97,node_01
2026-04-26 21:53:42,2.5,25.4,49.3,4.8,0.05,0.24,3.97,node_01
2026-04-26 21:53:47,2.5,25.4,49.5,4.8,0.05,0.24,3.97,node_01
2026-04-26 21:53:52,3.33,25.4,49.5,4.8,0.05,0.24,3.97,node_01
2026-04-26 21:53:57,3.33,25.4,49.6,4.8,0.05,0.24,3.98,node_01
2026-04-26 21:54:02,3.33,25.4,49.5,4.8,0.05,0.24,3.98,node_01
2026-04-26 21:54:07,3.33,25.4,49.5,4.8,0.05,0.24,3.98,node_01
2026-04-26 21:54:12,2.5,25.4,49.6,4.8,0.05,0.24,3.98,node_01
2026-04-26 21:54:17,2.5,25.4,49.7,4.8,0.05,0.24,3.98,node_01
2026-04-26 21:54:22,3.33,25.4,49.8,4.8,0.05,0.24,3.98,node_01
2026-04-26 21:54:27,3.33,25.4,49.9,4.8,0.05,0.24,3.99,node_01
2026-04-26 21:54:32,3.33,25.4,49.9,4.8,0.05,0.24,3.99,node_01
2026-04-26 21:54:37,2.5,25.4,49.8,4.8,0.05,0.24,3.99,node_01
2026-04-26 21:54:42,3.33,25.4,49.7,4.8,0.05,0.24,3.99,node_01
2026-04-26 21:54:47,3.33,25.4,49.6,4.8,0.05,0.24,3.99,node_01
2026-04-26 21:54:52,2.5,25.4,49.6,4.804,0.05,0.24,3.99,node_01
2026-04-26 21:54:57,2.5,25.4,49.5,4.854,0.05,0.243,3.99,node_01
2026-04-26 21:55:02,3.33,25.4,49.6,4.906,0.05,0.245,3.99,node_01
2026-04-26 21:55:07,3.33,25.4,49.6,4.958,0.05,0.248,4.0,node_01
2026-04-26 21:55:12,2.5,25.4,49.6,5.013,0.05,0.251,4.0,node_01
2026-04-26 21:55:17,3.33,25.4,49.6,5.072,0.05,0.254,4.0,node_01
2026-04-26 21:55:22,2.5,25.4,49.6,5.127,0.05,0.256,4.0,node_01
2026-04-26 21:55:27,3.33,25.4,49.6,5.186,0.05,0.259,4.0,node_01
2026-04-26 21:55:32,2.5,25.4,49.6,5.239,0.059,0.308,4.0,node_01
2026-04-26 21:55:37,3.33,25.4,49.7,5.298,0.075,0.398,4.0,node_01
2026-04-26 21:55:42,2.5,25.4,49.8,5.357,0.092,0.493,4.0,node_01
2026-04-26 21:55:47,2.5,25.4,49.6,5.412,0.108,0.585,4.0,node_01
2026-04-26 21:55:52,2.5,25.4,49.5,5.466,0.124,0.679,4.0,node_01
2026-04-26 21:55:57,2.5,25.4,49.5,5.521,0.142,0.782,4.0,node_01
2026-04-26 21:56:02,2.5,25.4,49.5,5.572,0.158,0.88,4.0,node_01
2026-04-26 21:56:07,2.5,25.4,49.6,5.62,0.174,0.98,4.0,node_01
2026-04-26 21:56:12,2.5,25.4,49.6,5.664,0.19,1.074,4.0,node_01
2026-04-26 21:56:17,2.5,25.4,49.8,5.705,0.204,1.165,4.0,node_01
2026-04-26 21:56:22,2.5,25.4,49.6,5.757,0.224,1.288,4.0,node_01
2026-04-26 21:56:27,2.5,25.4,49.3,5.795,0.239,1.385,4.0,node_01
2026-04-26 21:56:32,2.5,25.4,49.2,5.831,0.254,1.482,4.0,node_01
2026-04-26 21:56:37,1.67,25.4,49.0,5.868,0.271,1.588,4.0,node_01
2026-04-26 21:56:42,2.5,25.4,48.8,5.895,0.284,1.673,4.0,node_01
2026-04-26 21:56:47,3.33,25.4,49.0,5.922,0.297,1.761,4.0,node_01
2026-04-26 21:56:52,3.33,25.4,49.1,5.945,0.311,1.849,4.0,node_01
2026-04-26 21:56:57,3.33,25.4,49.2,5.963,0.322,1.923,3.99,node_01
2026-04-26 21:57:02,3.33,25.4,49.2,5.979,0.335,2.001,3.99,node_01
2026-04-26 21:57:07,3.33,25.4,49.5,5.99,0.345,2.068,3.99,node_01
2026-04-26 21:57:12,3.33,25.4,49.5,5.997,0.356,2.137,3.99,node_01
2026-04-26 21:57:17,3.33,25.4,49.6,6.0,0.364,2.184,3.99,node_01
2026-04-26 21:57:22,3.33,25.4,49.9,5.999,0.372,2.234,3.99,node_01
2026-04-26 21:57:27,3.33,25.4,49.7,5.993,0.38,2.277,3.99,node_01
2026-04-26 21:57:32,3.33,25.3,49.5,5.985,0.385,2.307,3.99,node_01
2026-04-26 21:57:37,5.0,25.4,49.4,5.971,0.391,2.333,3.98,node_01
2026-04-26 21:57:42,5.0,25.4,49.5,5.955,0.395,2.35,3.98,node_01
2026-04-26 21:57:47,8.33,25.4,49.6,5.934,0.398,2.359,3.98,node_01
2026-04-26 21:57:52,6.67,25.4,49.7,5.907,0.399,2.359,3.98,node_01
2026-04-26 21:57:57,6.67,25.4,49.5,5.88,0.4,2.352,3.98,node_01
2026-04-26 21:58:02,6.67,25.4,49.4,5.847,0.4,2.336,3.98,node_01
2026-04-26 21:58:07,6.67,25.4,49.4,5.813,0.398,2.313,3.97,node_01
2026-04-26 21:58:12,6.67,25.4,49.2,5.775,0.395,2.283,3.97,node_01
2026-04-26 21:58:17,6.67,25.4,49.1,5.734,0.392,2.246,3.97,node_01
2026-04-26 21:58:22,6.67,25.3,49.1,5.691,0.387,2.202,3.97,node_01
2026-04-26 21:58:27,6.67,25.4,49.1,5.643,0.381,2.149,3.96,node_01
2026-04-26 21:58:32,6.67,25.4,49.0,5.592,0.374,2.089,3.96,node_01
2026-04-26 21:58:37,6.67,25.4,49.2,5.545,0.366,2.031,3.96,node_01
2026-04-26 21:58:42,6.67,25.4,49.2,5.494,0.358,1.964,3.96,node_01
2026-04-26 21:58:47,6.67,25.3,49.1,5.438,0.347,1.889,3.95,node_01
2026-04-26 21:58:52,6.67,25.3,49.1,5.38,0.336,1.808,3.95,node_01
2026-04-26 21:58:57,6.67,25.4,49.2,5.325,0.325,1.73,3.95,node_01
2026-04-26 21:59:02,6.67,25.3,49.3,5.273,0.314,1.653,3.95,node_01
2026-04-26 21:59:07,6.67,25.3,49.3,5.217,0.301,1.569,3.94,node_01
2026-04-26 21:59:12,6.67,25.3,49.3,5.153,0.286,1.472,3.94,node_01
2026-04-26 21:59:17,6.67,25.4,49.3,5.101,0.273,1.39,3.94,node_01
2026-04-26 21:59:22,6.67,25.3,49.3,5.042,0.257,1.297,3.93,node_01
2026-04-26 21:59:27,6.67,25.4,49.1,4.984,0.241,1.202,3.93,node_01
2026-04-26 21:59:32,6.67,25.3,49.2,4.931,0.226,1.113,3.93,node_01
2026-04-26 21:59:37,3.33,25.3,49.4,4.878,0.21,1.023,3.92,node_01
2026-04-26 21:59:42,3.33,25.3,49.2,4.828,0.194,0.936,3.92,node_01
2026-04-26 21:59:47,3.33,25.3,49.2,4.8,0.178,0.853,3.92,node_01
2026-04-26 21:59:52,2.5,25.3,49.3,4.8,0.16,0.77,3.91,node_01
2026-04-26 21:59:57,3.33,25.3,49.2,4.8,0.145,0.698,3.91,node_01
2026-04-26 22:00:02,3.33,25.3,49.4,4.8,0.127,0.608,3.91,node_01
2026-04-26 22:00:07,3.33,25.3,49.4,4.8,0.111,0.535,3.9,node_01
2026-04-26 22:00:54,3.33,25.3,49.3,4.8,0.05,0.24,3.87,node_01
2026-04-26 22:00:59,3.33,25.3,49.3,4.8,0.05,0.24,3.86,node_01
2026-04-26 22:01:04,3.33,25.3,49.4,4.8,0.05,0.24,3.86,node_01
2026-04-26 22:01:09,3.33,25.3,49.4,4.8,0.05,0.24,3.85,node_01
2026-04-26 22:01:14,3.33,25.3,49.3,4.8,0.05,0.24,3.85,node_01
2026-04-26 22:01:19,3.33,25.3,49.3,4.8,0.05,0.24,3.84,node_01
2026-04-26 22:01:24,3.33,25.3,49.3,4.8,0.05,0.24,3.84,node_01
2026-04-26 22:01:29,3.33,25.3,49.4,4.8,0.05,0.24,3.84,node_01
2026-04-26 22:01:34,3.33,25.3,49.5,4.8,0.05,0.24,3.83,node_01
2026-04-26 22:01:39,3.33,25.3,49.4,4.8,0.05,0.24,3.83,node_01
2026-04-26 22:01:44,3.33,25.3,49.5,4.8,0.05,0.24,3.82,node_01
2026-04-26 22:01:49,3.33,25.3,49.6,4.8,0.05,0.24,3.82,node_01
2026-04-26 22:01:54,3.33,25.3,49.7,4.8,0.05,0.24,3.81,node_01
2026-04-26 22:01:59,3.33,25.3,49.7,4.8,0.05,0.24,3.81,node_01
2026-04-26 22:02:04,3.33,25.3,49.7,4.8,0.05,0.24,3.8,node_01
2026-04-26 22:02:09,3.33,25.3,49.6,4.8,0.05,0.24,3.8,node_01
2026-04-26 22:02:14,3.33,25.3,49.5,4.815,0.05,0.241,3.8,node_01
2026-04-26 22:02:19,3.33,25.3,49.4,4.88,0.05,0.244,3.79,node_01
2026-04-26 22:02:24,3.33,25.3,49.3,4.932,0.05,0.247,3.79,node_01
2026-04-26 22:02:29,3.33,25.3,49.2,4.986,0.05,0.249,3.78,node_01
2026-04-26 22:02:34,3.33,25.3,49.1,5.044,0.05,0.252,3.78,node_01
2026-04-26 22:02:39,3.33,25.3,49.1,5.094,0.05,0.255,3.77,node_01
2026-04-26 22:02:44,3.33,25.3,49.1,5.143,0.05,0.257,3.77,node_01
2026-04-26 22:02:49,3.33,25.3,49.1,5.215,0.05,0.261,3.76,node_01
2026-04-26 22:02:54,3.33,25.3,49.1,5.271,0.05,0.264,3.76,node_01
2026-04-26 22:02:59,3.33,25.3,49.2,5.327,0.05,0.266,3.75,node_01
2026-04-26 22:03:04,3.33,25.3,49.0,5.385,0.05,0.269,3.75,node_01
2026-04-26 22:03:09,3.33,25.3,49.1,5.428,0.05,0.271,3.74,node_01
2026-04-26 22:03:14,3.33,25.3,49.2,5.481,0.05,0.274,3.74,node_01
2026-04-26 22:03:19,3.33,25.3,49.4,5.544,0.05,0.277,3.73,node_01
2026-04-26 22:03:24,3.33,25.3,49.4,5.597,0.063,0.355,3.73,node_01
2026-04-26 22:03:29,3.33,25.3,49.2,5.642,0.078,0.44,3.72,node_01
2026-04-26 22:03:34,3.33,25.3,49.2,5.696,0.097,0.552,3.72,node_01
2026-04-26 22:03:39,3.33,25.3,49.1,5.742,0.115,0.658,3.71,node_01
2026-04-26 22:03:44,3.33,25.3,49.1,5.776,0.128,0.741,3.71,node_01
2026-04-26 22:03:49,3.33,25.3,49.1,5.816,0.146,0.847,3.7,node_01
2026-04-26 22:03:56,3.33,25.3,49.0,5.867,0.171,1.001,3.69,node_01
2026-04-26 22:04:01,3.33,25.3,49.0,5.888,0.182,1.071,3.69,node_01
2026-04-26 22:04:06,3.33,25.2,49.0,5.92,0.202,1.193,3.68,node_01
2026-04-26 22:04:11,3.33,25.3,49.1,5.944,0.218,1.298,3.68,node_01
2026-04-26 22:04:16,3.33,25.2,49.0,5.96,0.232,1.381,3.68,node_01
2026-04-26 22:04:21,3.33,25.2,49.1,5.975,0.246,1.47,3.67,node_01
2026-04-26 22:04:26,3.33,25.2,49.2,5.99,0.265,1.587,3.66,node_01
2026-04-26 22:04:31,3.33,25.3,49.2,5.996,0.278,1.67,3.66,node_01
2026-04-26 22:04:36,3.33,25.3,49.3,6.0,0.291,1.748,3.66,node_01
2026-04-26 22:04:41,3.33,25.2,49.4,5.999,0.307,1.841,3.65,node_01
2026-04-26 22:04:46,3.33,25.2,49.4,5.994,0.319,1.912,3.64,node_01
2026-04-26 22:04:51,3.33,25.3,49.5,5.985,0.331,1.979,3.64,node_01
2026-04-26 22:04:56,3.33,25.2,49.5,5.972,0.342,2.042,3.63,node_01
2026-04-26 22:05:01,3.33,25.2,49.4,5.957,0.351,2.093,3.63,node_01
2026-04-26 22:05:06,3.33,25.2,49.4,5.932,0.362,2.15,3.62,node_01
2026-04-26 22:05:11,3.33,25.2,49.4,5.91,0.37,2.187,3.62,node_01
2026-04-26 22:05:16,3.33,25.2,49.5,5.883,0.377,2.219,3.62,node_01
2026-04-26 22:05:21,3.33,25.2,49.5,5.856,0.383,2.241,3.61,node_01
2026-04-26 22:05:26,3.33,25.2,49.5,5.817,0.389,2.263,3.61,node_01
2026-04-26 22:05:31,2.5,25.2,49.4,5.777,0.394,2.273,3.6,node_01
2026-04-26 22:05:36,2.5,25.2,49.5,5.734,0.397,2.276,3.6,node_01
2026-04-26 22:05:41,3.33,25.2,49.7,5.691,0.399,2.27,3.59,node_01
2026-04-26 22:05:46,3.33,25.2,50.4,5.653,0.4,2.26,3.59,node_01
2026-04-26 22:05:51,3.33,25.2,50.4,5.598,0.4,2.238,3.58,node_01
2026-04-26 22:05:56,3.33,25.2,50.6,5.548,0.399,2.212,3.58,node_01
2026-04-26 22:06:01,3.33,25.2,50.5,5.497,0.396,2.179,3.57,node_01
2026-04-26 22:06:06,3.33,25.2,50.4,5.444,0.393,2.14,3.57,node_01
2026-04-26 22:06:11,3.33,25.2,50.3,5.386,0.389,2.093,3.56,node_01
2026-04-26 22:06:16,3.33,25.2,50.3,5.343,0.384,2.054,3.56,node_01
2026-04-26 22:06:21,3.33,25.2,50.3,5.272,0.376,1.984,3.56,node_01
2026-04-26 22:06:26,3.33,25.2,50.3,5.213,0.368,1.92,3.55,node_01
2026-04-26 22:06:31,3.33,25.2,50.3,5.16,0.36,1.86,3.55,node_01
2026-04-26 22:06:36,2.5,25.2,50.6,5.1,0.351,1.788,3.54,node_01
2026-04-26 22:06:41,3.33,25.2,50.8,5.06,0.343,1.737,3.54,node_01
2026-04-26 22:06:46,3.33,25.2,51.0,5.002,0.332,1.66,3.54,node_01
2026-04-26 22:06:51,3.33,25.2,51.0,4.94,0.318,1.572,3.53,node_01
2026-04-26 22:06:56,3.33,25.2,50.7,4.884,0.305,1.49,3.53,node_01
2026-04-26 22:07:01,2.5,25.2,50.6,4.844,0.295,1.428,3.52,node_01
2026-04-26 22:07:06,3.33,25.2,50.6,4.8,0.277,1.33,3.52,node_01
2026-04-26 22:07:11,3.33,25.2,50.7,4.8,0.262,1.26,3.51,node_01
2026-04-26 22:07:16,3.33,25.2,50.8,4.8,0.25,1.201,3.51,node_01
2026-04-26 22:07:21,3.33,25.2,50.7,4.8,0.233,1.117,3.51,node_01
2026-04-26 22:07:26,3.33,25.2,50.6,4.8,0.217,1.041,3.5,node_01
2026-04-26 22:09:03,3.33,25.3,50.3,12.088,0.0,0.0,12.0,station_node_01
2026-04-26 22:09:06,3.33,25.3,50.5,12.088,0.0,0.0,12.0,station_node_01
2026-04-26 22:09:10,3.33,25.3,50.6,12.088,0.041,0.5,12.21,station_node_01
2026-04-26 22:09:15,2.5,25.3,50.6,12.088,0.0,0.0,12.0,station_node_01
2026-04-26 22:09:20,2.5,25.3,50.5,12.088,0.121,1.463,12.22,station_node_01
2026-04-26 22:09:25,2.5,25.3,50.5,12.088,0.021,0.254,12.2,station_node_01
2026-04-26 22:09:30,3.33,25.3,50.5,12.088,0.0,0.0,12.0,station_node_01
2026-04-26 22:09:35,3.33,25.3,50.6,12.088,0.131,1.588,12.22,station_node_01
2026-04-26 22:09:40,3.33,25.3,50.6,12.088,0.0,0.0,12.0,station_node_01
2026-04-26 22:09:45,2.5,25.3,50.5,12.088,0.0,0.0,12.0,station_node_01
2026-04-26 22:09:50,2.5,25.3,50.2,12.088,0.121,1.463,12.22,station_node_01
2026-04-26 22:09:55,2.5,25.3,50.4,12.088,0.091,1.1,12.21,station_node_01
2026-04-26 22:10:00,2.5,25.3,50.5,12.088,0.101,1.221,12.22,station_node_01
2026-04-26 22:10:05,2.5,25.3,50.6,12.088,0.0,0.0,12.0,station_node_01
2026-04-26 22:10:10,2.5,25.3,50.5,12.088,0.0,0.0,12.0,station_node_01
2026-04-26 22:10:15,2.5,25.3,50.6,12.088,0.081,0.979,12.21,station_node_01
2026-04-26 22:10:20,2.5,25.3,51.0,12.088,0.131,1.584,12.22,station_node_01
2026-04-26 22:10:25,2.5,25.3,50.8,12.088,0.101,1.221,12.22,station_node_01
2026-04-26 22:10:30,2.5,25.3,50.7,12.088,0.0,0.0,12.0,station_node_01
2026-04-26 22:10:35,2.5,25.3,50.7,12.088,0.011,0.133,12.2,station_node_01
2026-04-26 22:10:40,2.5,25.3,50.6,12.088,0.0,0.0,12.0,station_node_01
2026-04-26 22:10:45,2.5,25.3,50.6,12.088,0.121,1.463,12.22,station_node_01
2026-04-26 22:10:50,2.5,25.3,50.6,12.088,0.0,0.0,12.0,station_node_01
2026-04-26 22:10:55,2.5,25.3,50.5,12.088,0.0,0.0,12.0,station_node_01
2026-04-26 22:11:00,2.5,25.4,50.6,12.084,0.0,0.0,12.0,station_node_01
2026-04-26 22:11:05,2.5,25.3,50.5,12.088,0.111,1.342,12.22,station_node_01
2026-04-26 22:11:10,2.5,25.3,50.5,12.088,0.0,0.0,12.0,station_node_01
2026-04-26 22:11:15,2.5,25.3,50.6,12.088,0.001,0.012,12.0,station_node_01
2026-04-26 22:11:20,2.5,25.4,50.6,12.084,0.0,0.0,12.0,station_node_01
2026-04-26 22:11:25,2.5,25.4,50.5,12.084,0.0,0.0,12.0,station_node_01
2026-04-26 22:11:30,2.5,25.4,50.3,12.084,0.101,1.22,12.22,station_node_01
2026-04-26 22:11:36,2.5,25.4,50.4,12.084,0.111,1.341,12.22,station_node_01
2026-04-26 22:11:41,2.5,25.4,50.4,12.084,0.071,0.858,12.21,station_node_01
2026-04-26 22:11:46,2.5,25.4,50.4,12.084,0.0,0.0,12.0,station_node_01
2026-04-26 22:11:51,2.5,25.4,50.4,12.084,0.101,1.22,12.22,station_node_01
2026-04-26 22:11:56,2.5,25.4,50.3,12.084,0.081,0.979,12.21,station_node_01
2026-04-26 22:12:01,2.5,25.4,50.3,12.084,0.0,0.0,12.0,station_node_01
2026-04-26 22:12:06,2.5,25.4,50.3,12.084,0.061,0.737,12.21,station_node_01
2026-04-26 22:12:11,2.5,25.4,50.3,12.084,0.121,1.462,12.22,station_node_01
2026-04-26 22:12:16,2.5,25.4,50.3,12.084,0.021,0.254,12.2,station_node_01
2026-04-26 22:12:21,2.5,25.4,50.3,12.084,0.0,0.0,12.0,station_node_01
2026-04-26 22:12:26,2.5,25.4,50.3,12.084,0.021,0.254,12.2,station_node_01
2026-04-26 22:25:20,3.33,25.4,49.3,0.0,0.0,0.0,12.1,solar_station_01
2026-04-26 22:25:22,3.33,25.4,49.3,0.0,0.0,0.0,12.1,solar_station_01
2026-04-26 22:25:27,3.33,25.3,49.2,0.0,0.0,0.0,12.1,solar_station_01
2026-04-26 22:25:32,3.33,25.4,49.2,0.0,0.0,0.0,12.1,solar_station_01
2026-04-26 22:25:37,2.5,25.4,49.2,0.0,0.0,0.0,12.1,solar_station_01
2026-04-26 22:26:28,3.33,25.3,49.0,0.0,0.0,0.0,12.1,solar_station_01
2026-04-26 22:26:33,3.33,25.3,49.0,0.0,0.0,0.0,12.1,solar_station_01
2026-04-26 22:26:38,3.33,25.4,49.0,0.0,0.0,0.0,12.1,solar_station_01
2026-04-26 22:26:44,3.33,25.3,49.0,0.0,0.0,0.0,12.1,solar_station_01
2026-04-26 22:26:49,3.33,25.3,49.0,0.0,0.0,0.0,12.1,solar_station_01
2026-04-26 22:26:54,3.33,25.3,49.0,0.0,0.0,0.0,12.1,solar_station_01
2026-04-26 22:26:59,3.33,25.3,49.2,0.0,0.0,0.0,12.1,solar_station_01
2026-04-26 22:27:12,3.33,25.3,49.6,0.0,0.0,0.0,12.1,solar_station_01
2026-04-26 22:27:17,3.33,25.3,49.7,0.0,0.0,0.0,12.1,solar_station_01
2026-04-26 22:27:22,3.33,25.3,49.6,0.0,0.0,0.0,12.1,solar_station_01
2026-04-26 22:27:27,3.33,25.3,49.4,0.0,0.0,0.0,12.1,solar_station_01
2026-04-26 22:27:32,3.33,25.3,49.3,0.0,0.0,0.0,12.1,solar_station_01
2026-04-26 22:27:37,3.33,25.3,49.2,0.0,0.0,0.0,12.1,solar_station_01
2026-04-26 22:27:42,3.33,25.3,49.2,0.0,0.0,0.0,12.1,solar_station_01
2026-04-26 22:27:47,3.33,25.3,49.1,0.0,0.0,0.0,12.1,solar_station_01
2026-04-26 22:27:52,3.33,25.3,49.2,0.0,0.0,0.0,12.1,solar_station_01
2026-04-26 22:27:57,3.33,25.3,49.1,0.0,0.0,0.0,12.1,solar_station_01
2026-04-26 22:28:02,3.33,25.3,49.1,0.0,0.0,0.0,12.1,solar_station_01
2026-04-26 22:28:07,3.33,25.3,49.1,0.0,0.0,0.0,12.1,solar_station_01
2026-04-26 22:28:12,3.33,25.3,49.0,0.0,0.0,0.0,12.1,solar_station_01
2026-04-26 22:28:17,3.33,25.3,49.1,0.0,0.0,0.0,12.1,solar_station_01
2026-04-26 22:28:22,3.33,25.3,49.0,0.0,0.0,0.0,12.1,solar_station_01
2026-04-26 22:28:27,3.33,25.3,49.0,0.0,0.0,0.0,12.1,solar_station_01
2026-04-26 22:28:32,3.33,25.3,49.0,0.0,0.0,0.0,12.1,solar_station_01
2026-04-26 22:28:37,3.33,25.3,49.0,0.0,0.0,0.0,12.1,solar_station_01
2026-04-26 22:28:42,3.33,25.3,48.9,0.0,0.0,0.0,12.1,solar_station_01
2026-04-26 22:28:47,3.33,25.3,48.8,0.0,0.0,0.0,12.1,solar_station_01
2026-04-26 22:28:52,3.33,25.3,48.8,0.0,0.0,0.0,12.1,solar_station_01
2026-04-26 22:28:57,3.33,25.3,48.7,0.0,0.0,0.0,12.1,solar_station_01
2026-04-26 22:29:02,3.33,25.3,48.7,0.0,0.0,0.0,12.1,solar_station_01
2026-04-26 22:29:07,3.33,25.3,48.8,0.0,0.0,0.0,12.1,solar_station_01
2026-04-26 22:29:12,3.33,25.3,48.8,0.0,0.0,0.0,12.1,solar_station_01
2026-04-26 22:29:17,3.33,25.3,48.9,0.0,0.0,0.0,12.1,solar_station_01
2026-04-26 22:29:22,3.33,25.3,48.9,0.0,0.0,0.0,12.1,solar_station_01
2026-04-26 22:29:27,3.33,25.2,48.9,0.0,0.0,0.0,12.1,solar_station_01
2026-04-26 22:29:32,3.33,25.2,48.9,0.0,0.0,0.0,12.1,solar_station_01
2026-04-26 22:29:37,3.33,25.3,48.9,0.0,0.0,0.0,12.1,solar_station_01
2026-04-26 22:29:42,3.33,25.2,48.9,0.0,0.0,0.0,12.1,solar_station_01
2026-04-26 22:29:47,3.33,25.3,48.9,0.0,0.0,0.0,12.1,solar_station_01
2026-04-26 22:29:52,3.33,25.2,49.0,0.0,0.0,0.0,12.1,solar_station_01
2026-04-26 22:29:57,3.33,25.2,49.1,0.0,0.0,0.0,12.1,solar_station_01
2026-04-26 22:30:02,3.33,25.2,49.2,0.0,0.0,0.0,12.1,solar_station_01
2026-04-26 22:30:07,3.33,25.2,49.5,0.0,0.0,0.0,12.1,solar_station_01
2026-04-26 22:30:12,2.5,25.2,49.8,0.0,0.0,0.0,12.1,solar_station_01
2026-04-26 22:30:17,2.5,25.2,49.7,0.0,0.0,0.0,12.1,solar_station_01
2026-04-26 22:30:31,3.33,25.2,49.5,0.0,0.0,0.0,12.1,solar_station_01
2026-04-26 22:30:36,2.5,25.2,49.6,0.0,0.0,0.0,12.1,solar_station_01
2026-04-26 22:30:41,3.33,25.2,49.6,0.0,0.0,0.0,12.1,solar_station_01
2026-04-26 22:30:46,2.5,25.3,49.6,0.0,0.0,0.0,12.1,solar_station_01
2026-04-26 22:30:51,2.5,25.2,49.5,0.0,0.0,0.0,12.1,solar_station_01
2026-04-26 22:30:56,2.5,25.2,49.4,0.0,0.0,0.0,12.1,solar_station_01
2026-04-26 22:31:01,2.5,25.3,49.3,0.0,0.0,0.0,12.1,solar_station_01
2026-04-26 22:31:06,2.5,25.2,49.1,0.0,0.0,0.0,12.1,solar_station_01
2026-04-26 22:31:11,1.67,25.3,49.3,0.0,0.0,0.0,12.1,solar_station_01
2026-04-26 22:31:16,2.5,25.2,49.2,0.0,0.0,0.0,12.1,solar_station_01
2026-04-26 22:31:21,2.5,25.2,49.3,0.0,0.0,0.0,12.1,solar_station_01
2026-04-26 22:31:26,2.5,25.2,49.3,0.0,0.0,0.0,12.1,solar_station_01
2026-04-26 22:31:31,1.67,25.2,49.4,0.0,0.0,0.0,12.1,solar_station_01
2026-04-26 22:31:36,2.5,25.2,49.3,0.0,0.0,0.0,12.1,solar_station_01
2026-04-26 22:31:41,2.5,25.2,49.3,0.0,0.0,0.0,12.1,solar_station_01
2026-04-26 22:31:46,2.5,25.3,49.2,0.0,0.0,0.0,12.1,solar_station_01
2026-04-26 22:31:51,2.5,25.2,49.2,0.0,0.0,0.0,12.1,solar_station_01
2026-04-26 22:31:56,2.5,25.2,49.2,0.0,0.0,0.0,12.1,solar_station_01
2026-04-26 22:32:01,2.5,25.2,49.4,0.0,0.0,0.0,12.1,solar_station_01
2026-04-26 22:32:06,3.33,25.2,49.4,0.0,0.0,0.0,12.1,solar_station_01
2026-04-26 22:32:11,3.33,25.2,49.4,0.0,0.0,0.0,12.1,solar_station_01
2026-04-26 22:32:16,3.33,25.2,49.4,0.0,0.0,0.0,12.1,solar_station_01
2026-04-26 22:32:21,3.33,25.2,49.5,0.0,0.0,0.0,12.1,solar_station_01
2026-04-26 22:32:26,3.33,25.2,49.6,0.0,0.0,0.0,12.1,solar_station_01
2026-04-26 22:32:31,3.33,25.2,49.8,0.0,0.0,0.0,12.1,solar_station_01
2026-04-26 22:32:36,3.33,25.2,49.9,0.0,0.0,0.0,12.1,solar_station_01
2026-04-26 22:32:41,3.33,25.2,50.0,0.0,0.0,0.0,12.1,solar_station_01
2026-04-26 22:32:46,3.33,25.2,49.9,0.0,0.0,0.0,12.1,solar_station_01
2026-04-26 22:32:51,3.33,25.2,49.9,0.0,0.0,0.0,12.1,solar_station_01
2026-04-26 22:32:56,3.33,25.2,49.8,0.0,0.0,0.0,12.1,solar_station_01
2026-04-26 22:33:01,3.33,12.6,24.9,0.0,0.0,0.0,12.1,solar_station_01
2026-04-26 22:33:06,3.33,25.2,49.7,0.0,0.0,0.0,12.1,solar_station_01
2026-04-26 22:33:11,3.33,25.2,49.8,0.0,0.0,0.0,12.1,solar_station_01
2026-04-26 22:33:16,3.33,25.2,49.8,0.0,0.0,0.0,12.1,solar_station_01
2026-04-26 22:33:21,3.33,25.2,49.9,0.0,0.0,0.0,12.1,solar_station_01
2026-04-26 22:33:26,3.33,25.2,49.9,0.0,0.0,0.0,12.1,solar_station_01
2026-04-26 22:33:31,3.33,25.2,49.9,0.0,0.0,0.0,12.1,solar_station_01
2026-04-26 22:33:36,2.5,25.2,49.9,0.0,0.0,0.0,12.1,solar_station_01
2026-04-26 22:33:41,3.33,25.2,50.0,0.0,0.0,0.0,12.1,solar_station_01
2026-04-26 22:33:46,3.33,25.2,50.0,0.0,0.0,0.0,12.1,solar_station_01
2026-04-26 22:33:51,3.33,25.2,50.1,0.0,0.0,0.0,12.1,solar_station_01
2026-04-26 22:33:56,3.33,25.2,50.2,0.0,0.0,0.0,12.1,solar_station_01
2026-04-26 22:34:01,3.33,25.2,50.2,0.0,0.0,0.0,12.1,solar_station_01
2026-04-26 22:34:06,2.5,25.2,50.3,0.0,0.0,0.0,12.1,solar_station_01
2026-04-26 22:34:11,3.33,25.2,50.2,0.0,0.0,0.0,12.1,solar_station_01
2026-04-26 22:34:16,3.33,25.2,50.0,0.0,0.0,0.0,12.1,solar_station_01
2026-04-26 22:34:21,3.33,25.2,50.1,0.0,0.0,0.0,12.1,solar_station_01
2026-04-26 22:34:26,3.33,25.2,50.0,0.0,0.0,0.0,12.1,solar_station_01
2026-04-26 22:34:31,3.33,25.2,50.1,0.0,0.0,0.0,12.1,solar_station_01
2026-04-26 22:34:36,3.33,25.2,50.1,0.0,0.0,0.0,12.1,solar_station_01
2026-04-26 22:34:41,3.33,25.2,50.1,0.0,0.0,0.0,12.1,solar_station_01
2026-04-26 22:34:46,3.33,25.2,50.0,0.0,0.0,0.0,12.1,solar_station_01
2026-04-26 22:34:51,3.33,25.2,49.9,0.0,0.0,0.0,12.1,solar_station_01
2026-04-26 22:34:56,3.33,25.2,49.9,0.0,0.0,0.0,12.1,solar_station_01
2026-04-26 22:35:01,3.33,25.2,49.8,0.0,0.0,0.0,12.1,solar_station_01
2026-04-26 22:35:06,3.33,25.2,49.8,0.0,0.0,0.0,12.1,solar_station_01
2026-04-26 22:35:11,3.33,25.2,49.9,0.0,0.0,0.0,12.1,solar_station_01
2026-04-26 22:35:16,3.33,25.2,50.0,0.0,0.0,0.0,12.1,solar_station_01
2026-04-26 22:35:21,3.33,25.2,50.1,0.0,0.0,0.0,12.1,solar_station_01
2026-04-26 22:35:26,3.33,25.2,50.1,0.0,0.0,0.0,12.1,solar_station_01
2026-04-26 22:35:31,3.33,25.2,50.2,0.0,0.0,0.0,12.1,solar_station_01
2026-04-26 22:35:36,1.67,25.2,50.2,0.0,0.0,0.0,12.1,solar_station_01
2026-04-27 09:32:55,140.0,23.8,60.3,12.304,0.104,1.275,12.32,hybrid_demo
2026-04-27 09:33:00,140.0,23.9,60.2,12.304,0.024,0.291,12.3,hybrid_demo
2026-04-27 09:33:06,140.0,23.9,60.2,12.304,0.084,1.029,12.31,hybrid_demo
2026-04-27 09:33:10,140.83,0.0,0.0,12.306,0.034,0.419,12.31,hybrid_demo
2026-04-27 09:33:19,139.17,23.9,60.1,12.303,0.133,1.639,12.32,hybrid_demo
2026-04-27 09:33:24,140.0,23.9,60.1,12.304,0.114,1.398,12.32,hybrid_demo
2026-04-27 09:33:29,140.0,23.9,60.1,12.304,0.054,0.66,12.31,hybrid_demo
2026-04-27 09:33:35,139.17,23.9,60.0,12.303,0.103,1.27,12.32,hybrid_demo
2026-04-27 09:33:40,139.17,0.0,0.0,12.303,0.093,1.147,12.31,hybrid_demo
2026-04-27 09:33:45,140.83,23.9,60.1,12.306,0.084,1.034,12.31,hybrid_demo
2026-04-27 09:33:50,140.0,23.9,60.1,12.304,0.084,1.029,12.31,hybrid_demo
2026-04-27 09:33:55,140.0,23.9,60.0,12.304,0.084,1.029,12.31,hybrid_demo
2026-04-27 09:34:01,140.83,23.9,59.9,12.306,0.014,0.172,12.3,hybrid_demo
2026-04-27 09:34:06,140.83,23.9,60.0,12.306,0.054,0.665,12.31,hybrid_demo
2026-04-27 09:34:11,140.83,23.9,60.1,12.306,0.034,0.419,12.31,hybrid_demo
2026-04-27 09:34:17,140.0,23.9,60.0,12.304,0.054,0.66,12.31,hybrid_demo
2026-04-27 09:34:22,140.83,23.9,60.0,12.306,0.014,0.172,12.3,hybrid_demo
2026-04-27 09:34:27,140.0,23.9,60.1,12.304,0.004,0.045,12.3,hybrid_demo
2026-04-27 09:34:36,140.0,23.9,60.1,12.304,0.004,0.045,12.3,hybrid_demo
2026-04-27 09:34:40,140.0,23.9,60.1,12.304,0.074,0.906,12.31,hybrid_demo
2026-04-27 09:34:45,140.83,23.9,60.1,12.306,0.064,0.788,12.31,hybrid_demo
2026-04-27 09:34:50,141.67,23.9,60.2,12.308,0.004,0.054,12.3,hybrid_demo
2026-04-27 09:34:56,140.83,23.9,60.3,12.306,0.044,0.542,12.31,hybrid_demo
2026-04-27 09:35:01,140.83,23.9,60.2,12.306,0.124,1.526,12.32,hybrid_demo
2026-04-27 09:35:06,140.83,23.9,60.2,12.306,0.134,1.649,12.32,hybrid_demo
2026-04-27 09:35:17,140.83,23.9,60.5,12.306,0.034,0.419,12.31,hybrid_demo
2026-04-27 09:35:32,140.83,23.9,60.5,12.306,0.014,0.172,12.3,hybrid_demo
2026-04-27 09:35:50,140.83,23.9,60.2,12.306,0.124,1.526,12.32,hybrid_demo
2026-04-27 09:36:04,141.67,23.9,59.7,12.308,0.014,0.177,12.3,hybrid_demo
2026-04-27 09:36:18,141.67,11.9,29.7,12.308,0.084,1.039,12.31,hybrid_demo
2026-04-27 09:36:27,141.67,23.9,59.0,12.308,0.004,0.054,12.3,hybrid_demo
2026-04-27 09:36:44,144.17,23.9,58.7,12.313,0.136,1.669,12.32,hybrid_demo
2026-04-27 09:36:56,145.0,23.9,59.0,12.315,0.086,1.058,12.31,hybrid_demo
2026-04-27 09:37:04,145.83,23.9,59.2,12.317,0.0,0.0,12.3,hybrid_demo
2026-04-27 09:37:12,146.67,23.9,59.4,12.318,0.037,0.452,12.31,hybrid_demo
2026-04-27 09:37:19,146.67,23.9,59.5,12.318,0.047,0.575,12.31,hybrid_demo
2026-04-27 09:37:23,147.5,23.9,59.4,12.32,0.107,1.319,12.32,hybrid_demo
2026-04-27 09:37:28,147.5,23.9,59.5,12.32,0.027,0.333,12.3,hybrid_demo
2026-04-27 09:37:36,147.5,24.0,59.6,12.32,0.057,0.703,12.31,hybrid_demo
2026-04-27 09:37:41,147.5,23.9,59.6,12.32,0.087,1.072,12.31,hybrid_demo
2026-04-27 09:37:46,147.5,23.9,59.4,12.32,0.137,1.688,12.32,hybrid_demo
2026-04-27 09:37:51,147.5,23.9,59.2,12.32,0.037,0.456,12.31,hybrid_demo
2026-04-27 09:37:56,147.5,23.9,59.1,12.32,0.097,1.196,12.31,hybrid_demo
2026-04-27 09:38:01,148.33,23.9,59.1,12.322,0.077,0.954,12.31,hybrid_demo
2026-04-27 09:38:06,148.33,23.9,59.0,12.322,0.0,0.0,12.3,hybrid_demo
2026-04-27 09:38:11,148.33,23.9,59.1,12.322,0.007,0.091,12.3,hybrid_demo
2026-04-27 09:38:17,148.33,23.9,59.1,12.322,0.137,1.693,12.32,hybrid_demo
2026-04-27 09:38:22,148.33,23.9,58.9,12.322,0.137,1.693,12.32,hybrid_demo
2026-04-27 09:38:27,148.33,23.9,58.7,12.322,0.067,0.831,12.31,hybrid_demo
2026-04-27 09:38:32,148.33,23.9,58.6,12.322,0.127,1.57,12.32,hybrid_demo
2026-04-27 09:38:37,148.33,23.9,58.6,12.322,0.127,1.57,12.32,hybrid_demo
2026-04-27 09:38:42,148.33,23.9,58.5,12.322,0.047,0.584,12.31,hybrid_demo
2026-04-27 09:38:47,146.67,23.9,58.8,12.318,0.107,1.314,12.32,hybrid_demo
2026-04-27 09:38:52,147.5,23.9,58.9,12.32,0.117,1.442,12.32,hybrid_demo
2026-04-27 09:38:59,146.67,23.9,59.2,12.318,0.047,0.575,12.31,hybrid_demo
2026-04-27 09:39:04,146.67,23.9,59.2,12.318,0.117,1.437,12.32,hybrid_demo
2026-04-27 09:39:09,147.5,23.9,59.4,12.32,0.0,0.0,12.3,hybrid_demo
2026-04-27 09:39:14,146.67,23.9,59.5,12.318,0.137,1.684,12.32,hybrid_demo
2026-04-27 09:39:19,146.67,23.9,59.6,12.318,0.027,0.328,12.3,hybrid_demo
2026-04-27 09:39:24,146.67,23.9,59.9,12.318,0.087,1.068,12.31,hybrid_demo
2026-04-27 09:39:29,146.67,23.9,59.9,12.318,0.137,1.684,12.32,hybrid_demo
2026-04-27 09:39:34,145.83,23.9,59.8,12.317,0.096,1.186,12.31,hybrid_demo
2026-04-27 09:39:43,145.83,23.9,59.6,12.317,0.106,1.309,12.32,hybrid_demo
2026-04-27 09:39:48,145.0,23.9,59.4,12.315,0.126,1.551,12.32,hybrid_demo
2026-04-27 09:39:53,144.17,23.9,59.4,12.313,0.036,0.437,12.31,hybrid_demo
2026-04-27 09:39:58,142.5,23.9,59.2,12.31,0.095,1.167,12.31,hybrid_demo
2026-04-27 09:40:04,142.5,23.9,59.1,12.31,0.085,1.044,12.31,hybrid_demo
2026-04-27 09:40:08,141.67,24.0,59.1,12.308,0.044,0.546,12.31,hybrid_demo
2026-04-27 09:40:16,140.0,23.9,58.9,12.304,0.004,0.045,12.3,hybrid_demo
2026-04-27 09:40:22,141.67,24.0,58.8,12.308,0.054,0.669,12.31,hybrid_demo
2026-04-27 09:40:27,141.67,24.0,58.7,12.308,0.014,0.177,12.3,hybrid_demo
2026-04-27 09:40:32,140.83,24.0,58.9,12.306,0.044,0.542,12.31,hybrid_demo
2026-04-27 09:40:37,140.0,23.9,59.2,12.304,0.014,0.168,12.3,hybrid_demo
2026-04-27 09:40:42,139.17,23.9,59.3,12.303,0.063,0.778,12.31,hybrid_demo
2026-04-27 09:40:47,138.33,24.0,59.5,12.301,0.133,1.635,12.32,hybrid_demo
2026-04-27 09:40:52,137.5,24.0,59.5,12.299,0.023,0.277,12.3,hybrid_demo
2026-04-27 09:41:01,139.17,23.9,59.7,12.303,0.093,1.147,12.31,hybrid_demo
2026-04-27 09:41:06,141.67,23.9,59.8,12.308,0.054,0.669,12.31,hybrid_demo
2026-04-27 09:41:12,143.33,24.0,59.8,12.312,0.105,1.295,12.32,hybrid_demo
2026-04-27 09:41:17,145.83,24.0,59.7,12.317,0.0,0.0,12.3,hybrid_demo
2026-04-27 09:41:22,147.5,23.9,59.8,12.32,0.137,1.688,12.32,hybrid_demo
2026-04-27 09:41:27,148.33,24.0,59.8,12.322,0.087,1.077,12.31,hybrid_demo
2026-04-27 09:41:32,149.17,24.0,59.8,12.324,0.038,0.466,12.31,hybrid_demo
2026-04-27 09:41:38,149.17,24.0,59.8,12.324,0.0,0.0,12.3,hybrid_demo
2026-04-27 09:41:48,150.0,24.0,59.9,12.325,0.048,0.594,12.31,hybrid_demo
2026-04-27 09:42:00,151.67,24.0,60.2,12.329,0.129,1.59,12.32,hybrid_demo
2026-04-27 09:42:19,151.67,24.0,60.0,12.329,0.039,0.48,12.31,hybrid_demo
2026-04-27 09:42:35,150.0,24.0,60.1,12.325,0.038,0.471,12.31,hybrid_demo
2026-04-27 09:42:58,145.0,24.0,60.0,12.315,0.006,0.073,12.3,hybrid_demo
2026-04-27 09:43:15,137.5,24.0,59.9,12.299,0.093,1.138,12.31,hybrid_demo
2026-04-27 09:43:27,125.83,0.0,0.0,12.272,0.0,0.0,12.3,hybrid_demo
2026-04-27 09:43:44,125.0,24.0,60.0,12.27,0.017,0.206,12.3,hybrid_demo
2026-04-27 09:43:57,126.67,24.0,59.9,12.274,0.098,1.198,12.31,hybrid_demo
2026-04-27 09:44:08,135.0,24.0,59.6,12.293,0.041,0.509,12.31,hybrid_demo
2026-04-27 09:44:19,146.67,24.0,59.3,12.318,0.067,0.821,12.31,hybrid_demo
2026-04-27 09:44:30,150.0,24.1,59.0,12.325,0.088,1.087,12.31,hybrid_demo
2026-04-27 09:44:54,150.0,24.1,58.7,12.325,0.0,0.0,12.3,hybrid_demo
2026-04-27 09:45:07,149.17,24.0,58.9,12.324,0.118,1.452,12.32,hybrid_demo
2026-04-27 09:45:16,138.33,24.0,59.0,12.301,0.043,0.527,12.31,hybrid_demo
2026-04-27 09:45:24,133.33,24.0,59.2,12.29,0.001,0.007,12.3,hybrid_demo
2026-04-27 09:45:31,130.0,24.1,59.4,12.282,0.049,0.603,12.31,hybrid_demo
2026-04-27 09:45:38,126.67,0.0,0.0,12.274,0.0,0.0,12.3,hybrid_demo
2026-04-27 09:45:44,129.17,24.0,59.5,12.28,0.029,0.353,12.3,hybrid_demo
2026-04-27 09:45:50,135.0,24.0,59.6,12.293,0.111,1.369,12.32,hybrid_demo
2026-04-27 09:45:55,137.5,24.1,59.6,12.299,0.043,0.523,12.31,hybrid_demo
2026-04-27 09:46:00,136.67,24.0,59.6,12.297,0.002,0.026,12.3,hybrid_demo
2026-04-27 09:46:05,149.17,24.0,59.5,12.324,0.018,0.219,12.3,hybrid_demo
2026-04-27 09:46:10,153.33,24.1,59.4,12.332,0.11,1.353,12.32,hybrid_demo
2026-04-27 09:46:15,154.17,24.0,59.4,12.334,0.12,1.481,12.32,hybrid_demo
2026-04-27 09:46:20,154.17,24.1,59.2,12.334,0.11,1.358,12.32,hybrid_demo
2026-04-27 09:46:25,154.17,24.0,59.2,12.334,0.04,0.494,12.31,hybrid_demo
2026-04-27 09:46:37,155.0,24.0,59.1,12.335,0.13,1.609,12.32,hybrid_demo
2026-04-27 09:46:44,155.0,24.0,58.9,12.335,0.09,1.116,12.31,hybrid_demo
2026-04-27 09:46:50,155.0,24.0,59.2,12.335,0.02,0.252,12.3,hybrid_demo
2026-04-27 09:46:58,155.83,24.0,59.5,12.337,0.041,0.504,12.31,hybrid_demo
2026-04-27 09:47:11,155.83,24.0,59.7,12.337,0.031,0.38,12.3,hybrid_demo
2026-04-27 09:47:41,156.67,24.0,59.5,12.338,0.101,1.249,12.32,hybrid_demo
2026-04-27 09:47:55,156.67,24.0,59.4,12.338,0.031,0.385,12.3,hybrid_demo
2026-04-27 09:48:09,157.5,24.1,59.5,12.34,0.022,0.266,12.3,hybrid_demo
2026-04-27 09:48:31,158.33,24.1,59.8,12.342,0.032,0.395,12.3,hybrid_demo
2026-04-27 09:48:46,159.17,24.1,59.4,12.343,0.042,0.523,12.31,hybrid_demo
2026-04-27 09:49:00,159.17,24.1,58.8,12.343,0.022,0.276,12.3,hybrid_demo
2026-04-27 09:49:11,159.17,24.1,58.8,12.343,0.062,0.77,12.31,hybrid_demo
2026-04-27 09:49:21,159.17,24.1,58.6,12.343,0.092,1.14,12.31,hybrid_demo
2026-04-27 09:49:31,159.17,24.1,58.5,12.343,0.012,0.152,12.3,hybrid_demo
2026-04-27 09:49:41,158.33,24.1,58.5,12.342,0.122,1.505,12.32,hybrid_demo
2026-04-27 09:49:58,158.33,24.1,58.7,12.342,0.082,1.012,12.31,hybrid_demo
2026-04-27 09:50:06,157.5,24.1,58.8,12.34,0.062,0.76,12.31,hybrid_demo
2026-04-27 09:50:18,156.67,24.1,58.8,12.338,0.101,1.249,12.32,hybrid_demo
2026-04-27 09:50:27,155.83,24.1,58.9,12.337,0.011,0.134,12.3,hybrid_demo
2026-04-27 09:50:36,155.83,24.1,58.8,12.337,0.121,1.491,12.32,hybrid_demo
2026-04-27 09:50:42,155.83,24.1,58.9,12.337,0.081,0.997,12.31,hybrid_demo
2026-04-27 09:50:48,155.0,24.1,59.0,12.335,0.09,1.116,12.31,hybrid_demo
2026-04-27 09:50:53,155.83,0.0,0.0,12.337,0.131,1.614,12.32,hybrid_demo
2026-04-27 09:50:58,155.83,24.1,59.0,12.337,0.0,0.0,12.3,hybrid_demo
2026-04-27 09:51:08,156.67,24.1,59.1,12.338,0.061,0.755,12.31,hybrid_demo
2026-04-27 09:51:14,157.5,24.1,59.2,12.34,0.042,0.513,12.31,hybrid_demo
2026-04-27 09:51:19,158.33,24.1,59.2,12.342,0.052,0.641,12.31,hybrid_demo
2026-04-27 09:51:25,160.0,24.1,59.3,12.345,0.143,1.762,12.32,hybrid_demo
2026-04-27 09:51:30,160.83,24.1,59.3,12.346,0.043,0.532,12.31,hybrid_demo
2026-04-27 09:51:35,162.5,24.1,59.3,12.349,0.044,0.542,12.31,hybrid_demo
2026-04-27 09:51:45,165.0,24.1,59.4,12.354,0.085,1.05,12.31,hybrid_demo
2026-04-27 09:51:51,167.5,24.1,59.4,12.359,0.146,1.806,12.32,hybrid_demo
2026-04-27 09:51:56,169.17,24.1,59.4,12.362,0.107,1.321,12.32,hybrid_demo
2026-04-27 09:52:04,171.67,24.1,59.4,12.366,0.098,1.212,12.31,hybrid_demo
2026-04-27 09:52:09,173.33,24.1,59.5,12.369,0.099,1.222,12.31,hybrid_demo
2026-04-27 09:52:15,175.0,24.1,59.5,12.372,0.13,1.603,12.32,hybrid_demo
2026-04-27 09:52:21,176.67,24.1,59.5,12.375,0.11,1.365,12.32,hybrid_demo
2026-04-27 09:52:27,178.33,24.1,59.5,12.378,0.121,1.498,12.32,hybrid_demo
2026-04-27 09:52:32,179.17,24.1,59.6,12.379,0.061,0.761,12.31,hybrid_demo
2026-04-27 09:52:46,180.83,24.2,59.6,12.382,0.112,1.389,12.32,hybrid_demo
2026-04-27 09:53:18,185.83,24.2,59.5,12.39,0.014,0.179,12.3,hybrid_demo
2026-04-27 09:53:31,188.33,24.2,59.7,12.394,0.156,1.929,12.32,hybrid_demo
2026-04-27 09:53:45,190.0,24.2,59.8,12.397,0.056,0.699,12.31,hybrid_demo
2026-04-27 09:54:01,191.67,24.2,59.8,12.399,0.087,1.08,12.31,hybrid_demo
2026-04-27 09:54:13,193.33,24.2,59.7,12.402,0.098,1.214,12.31,hybrid_demo
2026-04-27 09:54:45,197.5,24.2,59.7,12.408,0.16,1.983,12.32,hybrid_demo
2026-04-27 09:55:28,217.5,24.3,59.7,12.438,0.079,0.981,12.31,hybrid_demo
2026-04-27 09:55:49,235.0,24.3,59.8,12.461,0.047,0.583,12.31,hybrid_demo
2026-04-27 09:55:56,240.83,24.3,59.3,12.468,0.149,1.864,12.32,hybrid_demo
2026-04-27 09:56:07,238.33,24.3,59.0,12.465,0.088,1.101,12.31,hybrid_demo
2026-04-27 09:56:23,240.0,24.3,59.2,12.467,0.069,0.861,12.31,hybrid_demo
2026-04-27 09:56:35,240.0,24.3,59.3,12.467,0.099,1.235,12.31,hybrid_demo
2026-04-27 09:56:52,240.83,24.3,58.9,12.468,0.139,1.739,12.32,hybrid_demo
2026-04-27 09:57:07,242.5,24.3,59.2,12.471,0.13,1.624,12.32,hybrid_demo
2026-04-27 09:57:17,244.17,24.4,59.3,12.473,0.031,0.386,12.3,hybrid_demo
2026-04-27 09:57:30,245.83,24.4,58.8,12.475,0.142,1.768,12.32,hybrid_demo
2026-04-27 09:57:38,247.5,24.3,58.1,12.477,0.032,0.405,12.3,hybrid_demo
2026-04-27 09:57:53,247.5,24.4,58.3,12.477,0.052,0.655,12.31,hybrid_demo
2026-04-27 09:58:02,247.5,24.4,58.5,12.477,0.172,2.152,12.33,hybrid_demo
2026-04-27 09:58:21,246.67,24.3,58.2,12.476,0.032,0.401,12.3,hybrid_demo
2026-04-27 09:58:35,246.67,24.4,58.5,12.476,0.052,0.65,12.31,hybrid_demo
2026-04-27 09:58:46,248.33,24.4,58.4,12.478,0.163,2.032,12.32,hybrid_demo
2026-04-27 09:58:53,250.0,24.4,58.2,12.48,0.074,0.919,12.31,hybrid_demo
2026-04-27 09:59:04,254.17,24.4,58.3,12.485,0.036,0.444,12.31,hybrid_demo
2026-04-27 09:59:20,259.17,24.4,58.2,12.491,0.158,1.971,12.32,hybrid_demo
2026-04-27 10:00:04,254.17,24.4,58.2,12.485,0.076,0.943,12.31,hybrid_demo
2026-04-27 10:00:21,252.5,24.4,57.7,12.483,0.185,2.306,12.33,hybrid_demo
2026-04-27 10:01:30,255.83,24.4,56.8,12.487,0.076,0.953,12.31,hybrid_demo
2026-04-27 10:02:19,265.83,24.4,56.1,12.498,0.161,2.01,12.32,hybrid_demo
2026-04-27 10:03:16,259.17,24.4,56.8,12.491,0.098,1.222,12.31,hybrid_demo
2026-04-27 10:03:47,254.17,24.4,57.0,12.485,0.156,1.942,12.32,hybrid_demo
2026-04-27 10:04:52,246.67,24.5,57.7,12.476,0.182,2.272,12.33,hybrid_demo
2026-04-27 10:05:07,242.5,24.5,57.9,12.471,0.03,0.377,12.3,hybrid_demo
2026-04-27 10:05:39,242.5,24.5,58.1,12.471,0.14,1.749,12.32,hybrid_demo
2026-04-27 10:05:48,242.5,24.6,57.6,12.471,0.1,1.25,12.32,hybrid_demo
2026-04-27 10:06:17,249.17,24.5,56.2,12.479,0.103,1.289,12.32,hybrid_demo
2026-04-27 10:06:35,250.0,24.6,57.0,12.48,0.044,0.545,12.31,hybrid_demo
2026-04-27 10:06:50,251.67,24.6,57.6,12.482,0.064,0.804,12.31,hybrid_demo
2026-04-27 10:07:06,251.67,24.5,57.1,12.482,0.154,1.927,12.32,hybrid_demo
2026-04-27 10:07:16,252.5,24.6,57.3,12.483,0.175,2.182,12.33,hybrid_demo
2026-04-27 10:07:29,253.33,24.6,57.1,12.484,0.075,0.938,12.31,hybrid_demo
2026-04-27 10:07:51,259.17,24.6,56.5,12.491,0.058,0.722,12.31,hybrid_demo
2026-04-27 10:08:00,262.5,24.6,56.3,12.495,0.159,1.991,12.32,hybrid_demo
2026-04-27 10:08:04,263.33,24.6,56.3,12.496,0.04,0.496,12.31,hybrid_demo
2026-04-27 10:08:09,270.83,24.6,56.2,12.504,0.193,2.415,12.33,hybrid_demo
2026-04-27 10:08:16,270.0,24.6,55.8,12.503,0.143,1.785,12.32,hybrid_demo
2026-04-27 10:08:23,270.0,24.6,55.7,12.503,0.063,0.784,12.31,hybrid_demo
2026-04-27 10:08:28,271.67,24.6,55.5,12.505,0.053,0.669,12.31,hybrid_demo
2026-04-27 10:08:35,275.83,24.6,55.5,12.51,0.055,0.693,12.31,hybrid_demo
2026-04-27 10:08:39,278.33,24.6,55.9,12.512,0.187,2.334,12.33,hybrid_demo
2026-04-27 10:08:44,279.17,24.6,55.8,12.513,0.197,2.464,12.33,hybrid_demo
2026-04-27 10:08:51,281.67,24.6,55.7,12.516,0.168,2.103,12.33,hybrid_demo
2026-04-27 10:08:56,285.0,24.6,55.5,12.519,0.17,2.123,12.33,hybrid_demo
2026-04-27 10:09:01,304.17,24.5,55.2,12.539,0.188,2.361,12.33,hybrid_demo
2026-04-27 10:09:08,305.83,24.6,55.7,12.541,0.159,1.994,12.32,hybrid_demo
2026-04-27 10:09:13,308.33,24.6,55.7,12.543,0.18,2.26,12.33,hybrid_demo
2026-04-27 10:09:18,305.0,24.6,55.7,12.54,0.139,1.739,12.32,hybrid_demo
2026-04-27 10:09:23,305.83,24.6,55.3,12.541,0.109,1.367,12.32,hybrid_demo
2026-04-27 10:09:30,308.33,24.6,55.7,12.543,0.19,2.385,12.33,hybrid_demo
2026-04-27 10:09:36,314.17,24.6,55.7,12.549,0.073,0.914,12.31,hybrid_demo
2026-04-27 10:09:41,316.67,24.6,56.8,12.551,0.124,1.556,12.32,hybrid_demo
2026-04-27 10:09:46,317.5,24.5,56.5,12.552,0.144,1.812,12.32,hybrid_demo
2026-04-27 10:09:53,315.83,24.6,57.1,12.551,0.134,1.676,12.32,hybrid_demo
2026-04-27 10:10:00,317.5,24.5,56.9,12.552,0.084,1.058,12.31,hybrid_demo
2026-04-27 10:10:05,320.83,24.6,57.2,12.555,0.196,2.459,12.33,hybrid_demo
2026-04-27 10:10:12,318.33,24.6,56.8,12.553,0.145,1.816,12.32,hybrid_demo
2026-04-27 10:10:17,320.0,24.6,56.7,12.555,0.135,1.701,12.32,hybrid_demo
2026-04-27 10:10:24,321.67,24.6,56.9,12.556,0.086,1.082,12.31,hybrid_demo
2026-04-27 10:10:31,321.67,24.6,57.1,12.556,0.106,1.334,12.32,hybrid_demo
2026-04-27 10:10:36,324.17,24.6,57.1,12.558,0.067,0.846,12.31,hybrid_demo
2026-04-27 10:10:43,325.0,24.6,57.3,12.559,0.168,2.107,12.33,hybrid_demo
2026-04-27 10:10:48,326.67,24.6,57.4,12.561,0.148,1.865,12.32,hybrid_demo
2026-04-27 10:10:53,329.17,24.6,57.4,12.563,0.14,1.754,12.32,hybrid_demo
2026-04-27 10:10:58,330.0,24.6,57.6,12.564,0.16,2.01,12.32,hybrid_demo
2026-04-27 10:11:03,332.5,24.6,57.6,12.566,0.171,2.151,12.33,hybrid_demo
2026-04-27 10:11:08,334.17,24.6,57.7,12.568,0.152,1.909,12.32,hybrid_demo
2026-04-27 10:11:13,335.83,24.6,57.7,12.569,0.073,0.913,12.31,hybrid_demo
2026-04-27 10:11:20,337.5,24.6,57.2,12.571,0.073,0.923,12.31,hybrid_demo
2026-04-27 10:11:25,340.83,24.6,56.9,12.574,0.115,1.445,12.32,hybrid_demo
2026-04-27 10:11:30,342.5,24.6,56.7,12.575,0.136,1.706,12.32,hybrid_demo
2026-04-27 10:11:35,345.0,24.6,56.8,12.577,0.137,1.721,12.32,hybrid_demo
2026-04-27 10:11:40,347.5,24.6,57.0,12.58,0.218,2.742,12.33,hybrid_demo
2026-04-27 10:11:46,349.17,24.6,57.1,12.581,0.079,0.99,12.31,hybrid_demo
2026-04-27 10:11:51,350.83,24.6,57.1,12.582,0.209,2.636,12.33,hybrid_demo
2026-04-27 10:11:56,352.5,24.6,56.9,12.584,0.08,1.01,12.31,hybrid_demo
2026-04-27 10:12:03,357.5,24.6,57.2,12.588,0.082,1.039,12.31,hybrid_demo
2026-04-27 10:12:10,357.5,24.6,57.5,12.588,0.172,2.171,12.33,hybrid_demo
2026-04-27 10:12:15,360.0,24.6,57.7,12.59,0.174,2.186,12.33,hybrid_demo
2026-04-27 10:12:22,360.83,24.6,57.6,12.591,0.164,2.065,12.32,hybrid_demo
2026-04-27 10:12:28,365.0,24.6,57.8,12.594,0.206,2.593,12.33,hybrid_demo
2026-04-27 10:12:33,367.5,24.6,57.6,12.597,0.227,2.86,12.33,hybrid_demo
2026-04-27 10:12:38,370.83,24.6,57.4,12.599,0.139,1.746,12.32,hybrid_demo
2026-04-27 10:12:43,371.67,24.7,57.4,12.6,0.209,2.633,12.33,hybrid_demo
2026-04-27 10:12:48,373.33,24.6,57.5,12.601,0.2,2.516,12.33,hybrid_demo
2026-04-27 10:12:55,375.0,24.6,57.4,12.603,0.23,2.904,12.33,hybrid_demo
2026-04-27 10:13:00,377.5,24.6,57.3,12.605,0.212,2.667,12.33,hybrid_demo
2026-04-27 10:13:05,378.33,24.7,57.4,12.605,0.152,1.916,12.32,hybrid_demo
2026-04-27 10:13:13,379.17,24.7,57.6,12.606,0.152,1.921,12.32,hybrid_demo
2026-04-27 10:13:18,381.67,24.7,57.4,12.608,0.223,2.818,12.33,hybrid_demo
2026-04-27 10:13:25,380.83,24.7,57.3,12.607,0.163,2.056,12.32,hybrid_demo
2026-04-27 10:13:30,382.5,24.7,57.2,12.609,0.144,1.814,12.32,hybrid_demo
2026-04-27 10:13:35,383.33,24.7,57.1,12.609,0.124,1.567,12.32,hybrid_demo
2026-04-27 10:13:40,385.83,24.7,57.0,12.611,0.215,2.716,12.33,hybrid_demo
2026-04-27 10:13:45,387.5,24.7,56.8,12.613,0.196,2.474,12.33,hybrid_demo
2026-04-27 10:13:50,388.33,24.7,56.6,12.613,0.187,2.353,12.33,hybrid_demo
2026-04-27 10:13:55,390.0,24.7,56.6,12.615,0.227,2.867,12.33,hybrid_demo
2026-04-27 10:14:02,390.83,24.7,56.8,12.615,0.198,2.493,12.33,hybrid_demo
2026-04-27 10:14:07,390.0,24.7,56.7,12.615,0.137,1.732,12.32,hybrid_demo
2026-04-27 10:14:12,391.67,24.7,56.9,12.616,0.198,2.498,12.33,hybrid_demo
2026-04-27 10:14:19,392.5,24.7,57.2,12.616,0.128,1.62,12.32,hybrid_demo
2026-04-27 10:14:26,395.0,24.7,57.1,12.618,0.24,3.023,12.34,hybrid_demo
2026-04-27 10:14:31,394.17,24.7,56.9,12.618,0.099,1.251,12.31,hybrid_demo
2026-04-27 10:14:36,394.17,24.7,56.2,12.618,0.149,1.882,12.32,hybrid_demo
2026-04-27 10:14:41,395.0,24.7,56.2,12.618,0.17,2.139,12.33,hybrid_demo
2026-04-27 10:14:48,395.83,24.7,56.4,12.619,0.15,1.892,12.32,hybrid_demo
2026-04-27 10:14:53,395.0,24.7,56.6,12.618,0.18,2.266,12.33,hybrid_demo
2026-04-27 10:15:01,397.5,24.7,56.7,12.62,0.231,2.911,12.33,hybrid_demo
2026-04-27 10:15:05,400.0,24.7,56.8,12.622,0.122,1.538,12.32,hybrid_demo
2026-04-27 10:15:10,400.83,24.7,56.9,12.623,0.132,1.669,12.32,hybrid_demo
2026-04-27 10:15:15,404.17,24.7,56.9,12.625,0.224,2.824,12.33,hybrid_demo
2026-04-27 10:15:22,405.83,24.7,56.9,12.627,0.234,2.961,12.34,hybrid_demo
2026-04-27 10:15:27,409.17,24.7,56.7,12.629,0.186,2.349,12.33,hybrid_demo
2026-04-27 10:15:32,411.67,24.7,56.0,12.631,0.257,3.248,12.34,hybrid_demo
2026-04-27 10:15:39,415.0,24.7,55.7,12.633,0.149,1.878,12.32,hybrid_demo
2026-04-27 10:15:44,419.17,24.7,55.9,12.636,0.121,1.523,12.32,hybrid_demo
2026-04-27 10:15:51,421.67,24.7,56.2,12.638,0.192,2.422,12.33,hybrid_demo
2026-04-27 10:15:55,425.83,24.7,56.1,12.641,0.184,2.32,12.33,hybrid_demo
2026-04-27 10:16:00,428.33,24.7,56.0,12.643,0.215,2.714,12.33,hybrid_demo
2026-04-27 10:17:39,452.5,24.8,56.4,8.198,0.28,2.292,3.88,hybrid_demo
2026-04-27 10:17:41,450.83,24.8,56.6,8.211,0.282,2.313,3.88,hybrid_demo
2026-04-27 10:17:46,450.0,24.8,56.8,8.219,0.283,2.324,3.88,hybrid_demo
2026-04-27 10:17:51,448.33,24.8,56.7,8.224,0.284,2.334,3.88,hybrid_demo
2026-04-27 10:17:56,446.67,24.8,56.9,8.23,0.285,2.345,3.88,hybrid_demo
2026-04-27 10:18:01,445.0,24.8,57.0,8.235,0.286,2.355,3.88,hybrid_demo
2026-04-27 10:18:06,443.33,24.8,56.8,8.237,0.287,2.362,3.88,hybrid_demo
2026-04-27 10:18:11,444.17,24.8,56.4,8.257,0.289,2.385,3.88,hybrid_demo
2026-04-27 10:18:16,442.5,24.8,56.3,8.261,0.29,2.394,3.88,hybrid_demo
2026-04-27 10:18:21,439.17,-12.4,28.1,8.25,0.29,2.389,3.88,hybrid_demo
2026-04-27 10:18:26,438.33,24.8,56.2,8.256,0.291,2.399,3.88,hybrid_demo
2026-04-27 10:18:31,437.5,24.8,56.3,8.262,0.292,2.409,3.87,hybrid_demo
2026-04-27 10:18:36,436.67,24.8,56.4,8.267,0.292,2.418,3.87,hybrid_demo
2026-04-27 10:18:41,435.0,24.8,56.6,8.264,0.293,2.418,3.87,hybrid_demo
2026-04-27 10:18:46,435.0,24.8,56.9,8.272,0.294,2.429,3.87,hybrid_demo
2026-04-27 10:18:51,434.17,24.9,56.8,8.273,0.294,2.433,3.87,hybrid_demo
2026-04-27 10:18:56,434.17,24.8,56.5,8.279,0.295,2.442,3.87,hybrid_demo
2026-04-27 10:19:01,435.0,24.8,56.2,8.289,0.296,2.454,3.87,hybrid_demo
2026-04-27 10:19:06,435.0,24.9,56.3,8.292,0.297,2.459,3.87,hybrid_demo
2026-04-27 10:19:11,435.83,24.8,56.6,8.3,0.297,2.469,3.87,hybrid_demo
2026-04-27 10:19:16,436.67,24.8,56.6,8.307,0.298,2.477,3.87,hybrid_demo
2026-04-27 10:19:21,437.5,24.8,56.9,8.312,0.299,2.483,3.87,hybrid_demo
2026-04-27 10:19:26,437.5,24.8,57.0,8.31,0.299,2.483,3.87,hybrid_demo
2026-04-27 10:19:31,438.33,24.9,57.2,8.313,0.299,2.486,3.88,hybrid_demo
2026-04-27 10:19:36,438.33,24.9,57.3,8.308,0.299,2.482,3.88,hybrid_demo
2026-04-27 10:19:41,438.33,24.9,57.4,8.303,0.298,2.478,3.88,hybrid_demo
2026-04-27 10:19:46,439.17,24.9,57.5,8.302,0.298,2.477,3.88,hybrid_demo
2026-04-27 10:19:51,439.17,24.9,57.5,8.294,0.298,2.469,3.88,hybrid_demo
2026-04-27 10:19:56,439.17,24.9,57.7,8.285,0.297,2.46,3.88,hybrid_demo
2026-04-27 10:20:01,438.33,24.9,57.7,8.268,0.296,2.444,3.88,hybrid_demo
2026-04-27 10:20:06,439.17,24.9,57.9,8.263,0.295,2.437,3.88,hybrid_demo
2026-04-27 10:20:11,439.17,24.9,57.7,8.251,0.294,2.425,3.88,hybrid_demo
2026-04-27 10:20:16,439.17,24.9,57.7,8.238,0.293,2.411,3.88,hybrid_demo
2026-04-27 10:20:21,440.0,24.9,57.7,8.231,0.292,2.402,3.88,hybrid_demo
2026-04-27 10:20:26,440.83,24.9,57.8,8.221,0.291,2.39,3.88,hybrid_demo
2026-04-27 10:20:31,441.67,24.9,57.8,8.213,0.29,2.379,3.88,hybrid_demo
2026-04-27 10:20:36,442.5,24.9,57.9,8.202,0.288,2.366,3.88,hybrid_demo
2026-04-27 10:20:41,444.17,24.9,57.8,8.197,0.288,2.358,3.88,hybrid_demo
2026-04-27 10:20:46,445.83,24.9,57.8,8.191,0.287,2.348,3.88,hybrid_demo
2026-04-27 10:20:51,446.67,24.9,57.8,8.181,0.285,2.335,3.88,hybrid_demo
2026-04-27 10:20:56,447.5,25.0,57.7,8.169,0.284,2.319,3.88,hybrid_demo
2026-04-27 10:21:01,447.5,24.9,57.8,8.151,0.282,2.299,3.88,hybrid_demo
2026-04-27 10:21:06,448.33,24.9,57.7,8.14,0.281,2.284,3.88,hybrid_demo
2026-04-27 10:21:11,398.33,25.0,57.7,7.771,0.253,1.97,3.86,hybrid_demo
2026-04-27 10:21:16,442.5,25.0,57.7,8.063,0.274,2.206,3.88,hybrid_demo
2026-04-27 10:21:21,442.5,24.9,57.7,8.047,0.272,2.187,3.88,hybrid_demo
2026-04-27 10:21:26,440.0,25.0,57.7,8.01,0.268,2.149,3.88,hybrid_demo
2026-04-27 10:21:31,441.67,25.0,57.8,8.004,0.267,2.137,3.88,hybrid_demo
2026-04-27 10:21:36,441.67,25.0,57.8,7.991,0.266,2.122,3.88,hybrid_demo
2026-04-27 10:21:41,440.83,25.0,57.9,7.966,0.263,2.093,3.88,hybrid_demo
2026-04-27 10:21:46,439.17,24.9,57.8,7.938,0.26,2.064,3.88,hybrid_demo
2026-04-27 10:21:51,430.0,25.0,57.8,7.862,0.254,1.995,3.87,hybrid_demo
2026-04-27 10:21:56,432.5,25.0,57.8,7.865,0.253,1.991,3.87,hybrid_demo
2026-04-27 10:22:01,430.83,25.0,57.8,7.84,0.251,1.964,3.87,hybrid_demo
2026-04-27 10:22:06,429.17,25.0,57.8,7.816,0.248,1.939,3.87,hybrid_demo
2026-04-27 10:22:11,428.33,25.0,57.8,7.799,0.246,1.918,3.87,hybrid_demo
2026-04-27 10:22:16,425.0,25.0,57.9,7.765,0.243,1.884,3.87,hybrid_demo
2026-04-27 10:22:21,421.67,25.0,57.9,7.733,0.24,1.853,3.87,hybrid_demo
2026-04-27 10:22:26,425.0,25.0,58.0,7.748,0.24,1.858,3.87,hybrid_demo
2026-04-27 10:22:31,422.5,25.0,57.9,7.724,0.237,1.833,3.87,hybrid_demo
2026-04-27 10:22:36,421.67,25.0,58.0,7.712,0.236,1.818,3.87,hybrid_demo
2026-04-27 10:22:41,420.83,25.0,57.6,7.702,0.234,1.805,3.87,hybrid_demo
2026-04-27 10:22:46,419.17,25.0,57.4,7.687,0.233,1.788,3.87,hybrid_demo
2026-04-27 10:22:51,417.5,25.0,57.3,7.673,0.231,1.772,3.87,hybrid_demo
2026-04-27 10:22:56,415.83,25.0,57.3,7.661,0.229,1.757,3.87,hybrid_demo
2026-04-27 14:31:38,0.0,24.4,53.3,0.0,0.0,0.0,12.1,station_01
2026-04-27 14:31:42,0.0,24.4,52.5,0.0,0.0,0.0,12.1,station_01
2026-04-27 14:31:46,0.0,24.4,52.3,0.0,0.0,0.0,12.1,station_01
2026-04-27 14:31:51,0.0,24.4,52.1,0.0,0.0,0.0,12.1,station_01
2026-04-27 14:31:56,0.0,24.4,51.8,0.0,0.0,0.0,12.1,station_01
2026-04-27 14:32:01,0.0,24.4,51.6,0.0,0.0,0.0,12.1,station_01
2026-04-27 14:33:40,0.0,24.6,50.7,0.0,0.0,0.0,12.1,station_01
2026-04-27 14:33:42,0.0,24.6,50.9,0.0,0.0,0.0,12.1,station_01
2026-04-27 14:33:47,0.0,24.6,51.1,0.0,0.0,0.0,12.1,station_01
2026-04-27 14:33:52,0.0,24.6,50.8,0.0,0.0,0.0,12.1,station_01
2026-04-27 14:33:57,0.0,24.6,50.7,0.0,0.0,0.0,12.1,station_01
2026-04-27 14:34:02,0.0,24.6,50.9,0.0,0.0,0.0,12.1,station_01
2026-04-27 14:34:07,0.0,24.6,50.9,0.0,0.0,0.0,12.1,station_01
2026-04-27 14:34:12,0.0,24.6,51.1,0.0,0.0,0.0,12.1,station_01
2026-04-27 14:34:19,0.0,24.6,50.8,0.0,0.0,0.0,12.1,station_01
2026-04-27 14:34:24,0.0,24.6,50.6,0.0,0.0,0.0,12.1,station_01
2026-04-27 14:34:29,0.0,24.6,50.4,0.0,0.0,0.0,12.1,station_01
2026-04-27 14:34:34,0.0,24.6,49.9,0.0,0.0,0.0,12.1,station_01
2026-04-27 14:34:39,0.0,24.6,49.8,0.0,0.0,0.0,12.1,station_01
2026-04-27 14:34:44,0.0,24.6,49.9,0.0,0.0,0.0,12.1,station_01
2026-04-27 14:34:49,0.0,24.6,50.0,0.0,0.0,0.0,12.1,station_01
2026-04-27 14:34:54,0.0,24.6,50.4,0.0,0.0,0.0,12.1,station_01
2026-04-27 14:34:59,0.0,24.7,50.9,0.0,0.0,0.0,12.1,station_01
2026-04-27 14:35:04,0.0,24.6,50.6,0.0,0.0,0.0,12.1,station_01
2026-04-27 14:35:09,0.0,24.7,50.4,0.0,0.0,0.0,12.1,station_01
2026-04-27 14:35:14,0.0,24.6,50.3,0.0,0.0,0.0,12.1,station_01
2026-04-27 14:35:19,0.0,24.7,50.3,0.0,0.0,0.0,12.1,station_01
2026-04-27 14:35:24,0.0,24.7,50.3,0.0,0.0,0.0,12.1,station_01
2026-04-27 14:35:29,0.0,24.7,50.1,0.0,0.0,0.0,12.1,station_01
2026-04-27 14:44:36,0.0,25.0,49.7,0.0,0.0,0.0,12.1,station_01
2026-04-27 14:45:02,0.0,25.0,48.9,0.0,0.0,0.0,12.1,station_01
2026-04-27 14:45:10,0.0,25.0,48.9,0.0,0.0,0.0,12.1,station_01
2026-04-27 14:45:15,0.0,25.0,49.0,0.0,0.0,0.0,12.1,station_01
2026-04-27 14:45:20,0.0,25.0,48.8,0.0,0.0,0.0,12.1,station_01
2026-04-27 14:45:25,0.0,25.0,49.0,0.0,0.0,0.0,12.1,station_01
2026-04-27 14:45:33,0.0,25.0,49.1,0.0,0.0,0.0,12.1,station_01
2026-04-27 14:45:37,0.0,25.0,49.1,0.0,0.0,0.0,12.1,station_01
2026-04-27 14:47:05,51.67,25.1,49.8,11.459,0.173,1.983,12.2,station_01
2026-04-27 14:47:09,51.67,25.1,49.8,11.503,0.19,2.188,12.21,station_01
2026-04-27 14:47:14,51.67,25.1,49.9,11.537,0.203,2.345,12.21,station_01
2026-04-27 14:47:21,51.67,25.0,49.9,11.602,0.229,2.656,12.22,station_01
2026-04-27 14:47:26,50.83,25.1,49.9,11.646,0.246,2.866,12.22,station_01
2026-04-27 14:47:31,45.83,25.1,49.7,11.683,0.26,3.043,12.22,station_01
2026-04-27 14:47:55,25.0,25.1,50.6,11.844,0.325,3.852,12.24,station_01
2026-04-27 14:48:00,24.17,25.1,50.5,11.874,0.338,4.013,12.24,station_01
2026-04-27 14:48:06,23.33,25.2,50.3,11.901,0.349,4.158,12.25,station_01
2026-04-27 14:48:11,19.17,25.2,50.6,11.92,0.358,4.263,12.25,station_01
2026-04-27 14:48:16,30.83,25.2,51.1,11.942,0.367,4.383,12.25,station_01
2026-04-27 14:48:21,34.17,25.2,51.1,11.955,0.373,4.462,12.25,station_01
2026-04-27 14:48:26,36.67,25.2,50.9,11.973,0.382,4.571,12.26,station_01
2026-04-27 14:48:52,15.0,25.3,50.0,11.998,0.4,4.798,12.28,station_01
2026-04-27 14:49:08,29.17,25.3,49.6,11.972,0.396,4.741,12.28,station_01
2026-04-27 14:55:05,2.5,0.0,0.0,11.456,0.172,1.966,12.2,station_01
2026-04-27 14:55:15,18.33,0.0,0.0,11.567,0.215,2.489,12.21,station_01
2026-04-27 14:55:23,19.17,0.0,0.0,11.627,0.238,2.772,12.22,station_01
2026-04-27 14:55:27,19.17,0.0,0.0,11.657,0.25,2.917,12.22,station_01
2026-04-27 14:55:32,18.33,0.0,0.0,11.695,0.265,3.105,12.22,station_01
2026-04-27 14:55:37,14.17,0.0,0.0,11.738,0.283,3.317,12.23,station_01
2026-04-27 14:55:44,20.0,0.0,0.0,11.782,0.3,3.538,12.23,station_01
2026-04-27 14:55:49,20.0,0.0,0.0,11.808,0.311,3.669,12.23,station_01
2026-04-27 14:57:14,22.5,0.0,0.0,11.46,3.366,38.576,12.2,station_01
2026-04-27 14:57:18,22.5,0.0,0.0,11.492,3.429,39.407,12.21,station_01
2026-04-27 14:57:23,22.5,0.0,0.0,11.528,3.5,40.345,12.21,station_01
2026-04-27 14:57:28,22.5,0.0,0.0,11.59,3.62,41.954,12.22,station_01
2026-04-27 14:57:33,22.5,0.0,0.0,11.614,3.667,42.593,12.22,station_01
2026-04-27 14:57:42,22.5,0.0,0.0,11.697,3.832,44.819,12.22,station_01
2026-04-27 14:57:52,22.5,0.0,0.0,11.765,3.967,46.674,12.23,station_01
2026-04-27 14:57:56,22.5,0.0,0.0,11.794,4.024,47.461,12.23,station_01
2026-04-27 14:58:04,22.5,0.0,0.0,11.843,4.124,48.842,12.24,station_01
2026-04-27 14:58:12,21.67,0.0,0.0,11.886,4.214,50.091,12.24,station_01
2026-04-27 14:58:17,22.5,0.0,0.0,11.907,4.258,50.701,12.25,station_01
2026-04-27 14:58:22,22.5,0.0,0.0,11.933,4.315,51.495,12.25,station_01
2026-04-27 14:58:27,21.67,0.0,0.0,11.95,4.355,52.04,12.25,station_01
2026-04-27 14:58:32,22.5,0.0,0.0,11.962,4.383,52.428,12.26,station_01
2026-04-27 14:58:58,11.67,0.0,0.0,12.0,4.497,53.96,12.27,station_01
2026-04-27 14:59:48,20.83,0.0,0.0,11.84,4.287,50.759,12.3,station_01
2026-04-27 14:59:55,20.83,0.0,0.0,11.797,4.217,49.744,12.31,station_01
2026-04-27 15:00:00,20.83,0.0,0.0,11.766,4.165,49.009,12.31,station_01
2026-04-27 15:00:05,20.83,0.0,0.0,11.734,4.111,48.242,12.31,station_01
2026-04-27 15:00:10,20.0,0.0,0.0,11.698,4.05,47.378,12.31,station_01
2026-04-27 15:00:15,20.83,0.0,0.0,11.665,3.994,46.589,12.32,station_01
2026-04-27 15:00:20,16.67,0.0,0.0,11.622,3.917,45.521,12.32,station_01
2026-04-27 15:00:25,15.83,0.0,0.0,11.588,3.856,44.687,12.32,station_01
2026-04-27 15:00:30,19.17,0.0,0.0,11.537,3.764,43.43,12.33,station_01
2026-04-27 15:00:35,19.17,0.0,0.0,11.498,3.693,42.459,12.33,station_01
2026-04-27 15:00:40,19.17,0.0,0.0,11.462,3.627,41.577,12.33,station_01
2026-04-27 15:00:45,20.0,0.0,0.0,11.406,3.522,40.176,12.33,station_01
2026-04-27 15:00:50,20.0,0.0,0.0,11.366,3.446,39.166,12.34,station_01
2026-04-27 15:00:55,20.0,0.0,0.0,11.334,3.382,38.333,12.34,station_01
2026-04-27 15:01:00,20.0,26.2,48.0,11.292,3.301,37.278,12.34,station_01
2026-04-27 15:01:05,20.0,26.2,48.4,11.251,3.22,36.225,12.34,station_01
2026-04-27 15:01:10,20.0,26.2,48.6,11.2,3.115,34.888,12.35,station_01
2026-04-27 15:01:15,20.0,26.2,49.0,11.156,3.024,33.734,12.35,station_01
2026-04-27 15:01:20,20.0,26.3,49.1,11.12,2.949,32.791,12.35,station_01
2026-04-27 15:01:25,20.0,26.3,49.1,11.084,2.87,31.809,12.35,station_01
2026-04-27 15:01:30,19.17,26.3,49.1,11.055,2.807,31.037,12.35,station_01
2026-04-27 15:01:35,19.17,26.3,49.1,11.015,2.718,29.936,12.36,station_01
2026-04-27 15:01:40,19.17,26.2,48.8,10.982,2.64,28.994,12.36,station_01
2026-04-27 15:01:45,19.17,26.2,48.6,10.961,2.589,28.382,12.36,station_01
2026-04-27 15:01:52,19.17,26.3,48.9,10.914,2.472,26.974,12.36,station_01
2026-04-27 15:01:57,19.17,26.3,49.1,10.896,2.425,26.425,12.36,station_01
2026-04-27 15:02:02,19.17,26.2,49.2,10.873,2.362,25.681,12.37,station_01
2026-04-27 15:02:08,19.17,26.3,49.3,10.848,2.285,24.791,12.37,station_01
2026-04-27 15:02:12,19.17,26.2,49.2,10.833,2.238,24.241,12.37,station_01
2026-04-27 15:02:18,18.33,26.3,49.1,10.818,2.182,23.604,12.37,station_01
2026-04-27 15:02:23,18.33,26.3,49.1,10.81,2.146,23.197,12.37,station_01
2026-04-27 15:02:28,18.33,26.3,49.0,10.804,2.11,22.794,12.38,station_01
2026-04-27 15:02:36,20.0,26.3,48.7,10.8,2.061,22.258,12.38,station_01
2026-04-27 15:02:41,20.0,26.3,48.8,10.802,2.037,22.002,12.38,station_01
2026-04-27 15:03:22,18.33,26.3,48.7,10.928,2.058,22.491,12.39,station_01
2026-04-27 15:03:27,19.17,26.3,48.9,10.953,2.084,22.826,12.39,station_01
2026-04-27 15:03:32,18.33,26.3,48.9,10.985,2.118,23.266,12.39,station_01
2026-04-27 15:03:37,18.33,26.3,48.9,11.014,2.153,23.71,12.39,station_01
2026-04-27 15:03:42,18.33,26.3,48.9,11.047,2.194,24.242,12.39,station_01
2026-04-27 15:03:47,18.33,26.3,48.8,11.082,2.24,24.829,12.39,station_01
2026-04-27 15:03:52,20.0,26.3,48.9,11.12,2.292,25.491,12.4,station_01
2026-04-27 15:03:57,19.17,26.3,48.9,11.156,2.344,26.154,12.4,station_01
2026-04-27 15:04:02,16.67,26.3,48.9,11.198,2.408,26.969,12.4,station_01
2026-04-27 15:04:07,15.83,26.3,48.9,11.241,2.474,27.809,12.4,station_01
2026-04-27 15:04:12,15.0,26.3,48.9,11.27,2.521,28.411,12.4,station_01
2026-04-27 15:04:17,10.0,26.3,48.9,11.326,2.613,29.595,12.4,station_01
2026-04-27 15:04:30,16.67,26.3,48.9,11.441,2.816,32.216,12.4,station_01
2026-04-27 15:05:44,12.5,26.3,48.3,11.942,3.988,47.626,12.4,station_01
2026-04-27 15:05:49,12.5,26.3,48.3,11.959,4.054,48.476,12.4,station_01
2026-04-27 15:05:54,12.5,26.3,48.3,11.973,4.115,49.261,12.4,station_01
2026-04-27 15:05:59,12.5,26.3,48.0,11.982,4.16,49.839,12.4,station_01
2026-04-27 15:06:04,11.67,26.3,48.3,11.99,4.214,50.527,12.4,station_01
2026-04-27 15:06:09,11.67,26.3,48.4,11.997,4.274,51.28,12.39,station_01
2026-04-27 15:06:14,12.5,26.3,48.4,12.0,4.319,51.827,12.39,station_01
2026-04-27 15:06:17,11.67,0.0,0.0,11.456,3.358,38.469,12.2,station_01
2026-04-27 15:06:29,10.0,0.0,0.0,11.482,3.41,39.159,12.21,station_01
2026-04-27 15:06:34,10.0,26.3,48.8,11.538,3.519,40.601,12.21,station_01
2026-04-27 15:06:57,10.0,26.3,48.8,11.723,3.882,45.509,12.23,station_01
2026-04-27 15:07:02,9.17,26.3,48.8,11.754,3.944,46.35,12.23,station_01
2026-04-27 15:07:08,9.17,26.3,48.8,11.794,4.026,47.478,12.23,station_01
2026-04-27 15:07:22,9.17,26.3,48.8,11.879,4.199,49.879,12.24,station_01
2026-04-27 15:07:30,9.17,26.3,48.8,11.915,4.277,50.964,12.25,station_01
2026-04-27 15:07:35,13.33,26.3,48.8,11.93,4.308,51.392,12.25,station_01
2026-04-27 15:07:40,21.67,26.3,48.8,11.952,4.358,52.083,12.25,station_01
2026-04-27 15:07:45,23.33,26.3,48.8,11.965,4.388,52.504,12.26,station_01
2026-04-27 15:07:51,21.67,26.3,48.8,11.982,4.432,53.102,12.26,station_01
2026-04-27 15:09:20,16.67,26.3,48.8,11.706,4.064,47.58,12.31,station_01
2026-04-27 15:09:25,16.67,26.3,48.8,11.674,4.008,46.789,12.32,station_01
2026-04-27 15:09:30,16.67,26.3,48.8,11.636,3.941,45.86,12.32,station_01
2026-04-27 15:09:35,16.67,26.3,48.8,11.594,3.867,44.836,12.32,station_01
2026-04-27 15:09:40,17.5,26.3,48.8,11.554,3.795,43.843,12.32,station_01
2026-04-27 15:09:45,17.5,26.3,48.8,11.515,3.725,42.891,12.33,station_01
2026-04-27 15:09:50,16.67,26.3,48.8,11.471,3.643,41.789,12.33,station_01
2026-04-27 15:09:55,15.83,26.3,48.8,11.429,3.564,40.736,12.33,station_01
2026-04-27 15:10:00,14.17,26.3,48.8,11.384,3.479,39.61,12.33,station_01
2026-04-27 15:10:05,14.17,26.3,48.8,11.342,3.399,38.547,12.34,station_01
2026-04-27 15:10:10,14.17,26.3,48.8,11.298,3.312,37.416,12.34,station_01
2026-04-27 15:10:15,18.33,26.3,48.8,11.256,3.23,36.357,12.34,station_01
2026-04-27 15:10:20,18.33,26.3,48.8,11.216,3.148,35.308,12.34,station_01
2026-04-27 15:10:25,16.67,26.3,48.8,11.174,3.063,34.226,12.35,station_01
2026-04-27 15:10:30,16.67,26.3,48.8,11.132,2.974,33.103,12.35,station_01
2026-04-27 15:10:35,16.67,26.3,48.8,11.098,2.902,32.204,12.35,station_01
2026-04-27 15:10:40,15.83,26.3,48.8,11.07,2.841,31.449,12.35,station_01
2026-04-27 15:10:45,17.5,26.3,48.8,11.027,2.743,30.248,12.36,station_01
2026-04-27 15:10:50,18.33,26.3,48.8,10.991,2.66,29.238,12.36,station_01
2026-04-27 15:10:55,17.5,26.3,48.8,10.971,2.614,28.674,12.36,station_01
2026-04-27 15:11:00,10.0,26.3,48.8,10.941,2.54,27.793,12.36,station_01
2026-04-27 15:11:05,14.17,26.3,48.8,10.909,2.46,26.84,12.36,station_01
2026-04-27 15:11:10,12.5,26.3,48.8,10.886,2.399,26.112,12.37,station_01
2026-04-27 15:11:15,10.83,26.3,48.8,10.866,2.341,25.433,12.37,station_01
2026-04-27 15:11:20,10.0,26.3,48.8,10.846,2.28,24.727,12.37,station_01
2026-04-27 15:11:25,10.0,26.3,48.8,10.832,2.233,24.189,12.37,station_01
2026-04-27 15:11:30,10.0,26.3,48.8,10.819,2.182,23.611,12.37,station_01
2026-04-27 15:11:35,10.0,26.3,48.8,10.811,2.147,23.209,12.37,station_01
2026-04-27 15:11:40,10.0,26.3,48.8,10.804,2.109,22.782,12.38,station_01
2026-04-27 15:11:45,10.0,26.3,48.8,10.8,2.076,22.422,12.38,station_01
2026-04-27 15:11:50,12.5,26.3,48.8,10.8,2.053,22.177,12.38,station_01
2026-04-27 15:11:55,15.0,26.3,48.8,10.803,2.03,21.93,12.38,station_01
2026-04-27 15:12:00,15.0,26.3,48.8,10.809,2.015,21.776,12.38,station_01
2026-04-27 15:12:05,15.83,26.3,48.8,10.818,2.004,21.684,12.38,station_01
2026-04-27 15:12:10,15.83,26.3,48.8,10.827,2.001,21.661,12.38,station_01
2026-04-27 15:12:15,15.83,26.3,48.8,10.844,2.001,21.703,12.39,station_01
2026-04-27 15:12:20,15.0,26.3,48.8,10.862,2.008,21.811,12.39,station_01
2026-04-27 15:12:25,15.0,26.3,48.8,10.881,2.019,21.972,12.39,station_01
2026-04-27 15:12:30,15.83,26.3,48.8,10.906,2.038,22.23,12.39,station_01
2026-04-27 15:12:35,15.0,26.3,48.8,10.931,2.061,22.525,12.39,station_01
2026-04-27 15:12:40,15.0,26.3,48.8,10.96,2.09,22.911,12.39,station_01
2026-04-27 15:12:45,15.0,26.3,48.8,10.981,2.114,23.212,12.39,station_01
2026-04-27 15:12:50,15.83,26.3,48.8,11.023,2.164,23.853,12.39,station_01
2026-04-27 15:12:55,15.0,26.3,48.8,11.047,2.194,24.24,12.39,station_01
2026-04-27 15:13:00,15.0,26.3,48.8,11.094,2.256,25.032,12.39,station_01
2026-04-27 15:13:05,15.0,26.3,48.8,11.129,2.306,25.664,12.4,station_01
2026-04-27 15:13:10,15.0,26.3,48.8,11.165,2.358,26.326,12.4,station_01
2026-04-27 15:13:15,15.0,26.3,48.8,11.207,2.422,27.14,12.4,station_01
2026-04-27 15:13:20,15.0,26.3,48.8,11.25,2.489,28.001,12.4,station_01
2026-04-27 15:13:25,15.0,26.3,48.8,11.291,2.555,28.843,12.4,station_01
2026-04-27 15:13:30,15.0,26.3,48.8,11.33,2.621,29.694,12.4,station_01
2026-04-27 15:13:35,15.0,26.3,48.8,11.377,2.702,30.741,12.4,station_01
2026-04-27 15:13:41,10.0,26.3,48.8,11.432,2.799,31.993,12.4,station_01
2026-04-27 15:13:46,14.17,26.3,48.8,11.472,2.872,32.951,12.4,station_01
2026-04-27 15:13:51,15.83,26.3,48.8,11.511,2.947,33.921,12.4,station_01
2026-04-27 15:13:56,15.83,26.3,48.8,11.552,3.027,34.965,12.4,station_01
2026-04-27 15:14:01,15.83,26.3,48.8,11.595,3.112,36.081,12.4,station_01
2026-04-27 15:14:06,15.0,26.3,48.8,11.636,3.199,37.221,12.4,station_01
2026-04-27 15:14:11,15.0,26.3,48.8,11.666,3.263,38.062,12.4,station_01
2026-04-27 15:14:16,15.0,26.3,48.8,11.711,3.363,39.382,12.4,station_01
2026-04-27 15:14:21,14.17,26.3,48.8,11.749,3.45,40.532,12.4,station_01
2026-04-27 15:14:26,10.0,26.3,48.8,11.782,3.529,41.58,12.4,station_01
2026-04-28 10:30:21,479.17,24.2,52.3,11.618,3.675,42.696,12.22,station_01
2026-04-28 10:30:24,478.33,24.2,52.0,11.684,3.804,44.447,12.22,station_01
2026-04-28 10:30:29,477.5,24.2,51.9,11.716,3.869,45.326,12.23,station_01
2026-04-28 10:30:34,475.83,24.2,51.7,11.751,3.938,46.281,12.23,station_01
2026-04-28 10:30:39,474.17,24.2,51.7,11.779,3.995,47.057,12.23,station_01
2026-04-28 10:30:44,477.5,24.2,52.0,11.811,4.06,47.957,12.24,station_01
2026-04-28 10:30:49,477.5,24.2,51.8,11.849,4.137,49.022,12.24,station_01
2026-04-28 10:30:54,475.83,24.2,52.0,11.868,4.177,49.572,12.24,station_01
2026-04-28 10:30:59,475.0,24.2,51.7,11.899,4.241,50.46,12.25,station_01
2026-04-28 14:48:19,1252.5,25.6,45.4,11.557,3.556,41.098,12.21,station_01
2026-04-28 14:48:23,1260.83,25.6,45.1,11.606,3.653,42.393,12.22,station_01
2026-04-28 14:48:28,1265.0,25.6,45.4,11.631,3.701,43.043,12.22,station_01
2026-04-28 14:48:33,1262.5,25.6,45.8,11.68,3.797,44.347,12.22,station_01
2026-04-28 14:48:38,1253.33,25.6,46.2,11.72,3.876,45.426,12.23,station_01
2026-04-28 14:48:43,1252.5,25.6,46.2,11.752,3.941,46.32,12.23,station_01
2026-04-28 14:48:48,1252.5,25.6,46.0,11.778,3.992,47.012,12.23,station_01
2026-04-28 14:48:53,1255.83,25.6,44.0,11.818,4.073,48.139,12.24,station_01
2026-04-28 14:48:58,1257.5,25.6,43.3,11.849,4.137,49.017,12.24,station_01
2026-04-28 14:49:03,1258.33,25.6,43.8,11.876,4.193,49.79,12.24,station_01
2026-04-28 14:49:08,1255.0,25.6,44.7,11.901,4.246,50.531,12.25,station_01
2026-04-28 14:49:13,1255.0,25.6,45.2,11.924,4.296,51.226,12.25,station_01
2026-04-28 14:49:18,1252.5,25.6,45.5,11.941,4.334,51.749,12.25,station_01
2026-04-28 14:49:25,1256.67,25.6,45.7,11.967,4.394,52.589,12.26,station_01
2026-04-28 14:49:44,1270.0,25.6,46.1,11.999,4.483,53.792,12.27,station_01
2026-04-28 14:49:48,1295.83,25.6,46.1,12.0,4.493,53.922,12.27,station_01
2026-04-28 14:50:01,1346.67,25.6,46.2,11.99,4.498,53.928,12.28,station_01
2026-04-28 14:50:05,1350.0,25.6,46.2,11.984,4.493,53.841,12.28,station_01
2026-04-28 14:50:10,1345.0,25.6,46.3,11.971,4.479,53.616,12.28,station_01
2026-04-28 14:50:15,1328.33,25.6,46.4,11.955,4.458,53.302,12.29,station_01
2026-04-28 14:50:20,1315.83,25.6,46.4,11.94,4.437,52.981,12.29,station_01
2026-04-28 14:50:25,1310.0,25.6,46.3,11.922,4.413,52.615,12.29,station_01
2026-04-28 14:50:30,1312.5,25.6,46.5,11.899,4.378,52.099,12.3,station_01
2026-04-28 14:50:35,1324.17,25.6,46.6,11.869,4.332,51.414,12.3,station_01
2026-04-28 14:50:53,1396.67,25.6,46.5,11.763,4.16,48.929,12.31,station_01
2026-04-28 14:50:57,1417.5,25.6,46.7,11.733,4.111,48.23,12.31,station_01
2026-04-28 14:51:06,1450.83,25.7,46.7,11.662,3.987,46.493,12.32,station_01
2026-04-28 14:51:11,1460.83,25.6,46.7,11.634,3.939,45.831,12.32,station_01
2026-04-28 14:51:16,1470.83,25.6,46.8,11.587,3.855,44.671,12.32,station_01
2026-04-28 14:51:21,1478.33,25.7,46.8,11.545,3.78,43.642,12.33,station_01
2026-04-28 14:51:26,1484.17,25.7,46.6,11.515,3.724,42.878,12.33,station_01
2026-04-28 14:51:31,1494.17,25.6,46.5,11.459,3.62,41.482,12.33,station_01
2026-04-28 14:51:36,1500.83,25.6,46.5,11.419,3.546,40.492,12.33,station_01
2026-04-28 14:51:41,1507.5,25.7,46.6,11.372,3.456,39.3,12.34,station_01
2026-04-28 14:51:46,1494.17,25.7,46.6,11.332,3.38,38.301,12.34,station_01
2026-04-28 14:53:28,1470.0,25.7,46.7,10.8,2.062,22.268,12.38,station_01
2026-04-28 14:53:33,1478.33,25.7,46.7,10.801,2.046,22.097,12.38,station_01
2026-04-28 14:53:38,1495.0,25.7,46.8,10.805,2.023,21.858,12.38,station_01
2026-04-28 14:53:43,1509.17,25.7,46.6,10.811,2.012,21.748,12.38,station_01
2026-04-28 14:53:48,1525.83,25.7,46.6,10.82,2.004,21.677,12.38,station_01
2026-04-28 14:53:56,1544.17,25.7,46.6,10.847,2.002,21.714,12.39,station_01
2026-04-28 14:54:01,1551.67,25.7,46.5,10.864,2.009,21.828,12.39,station_01
2026-04-28 14:54:06,1555.0,25.7,46.5,10.879,2.018,21.955,12.39,station_01
2026-04-28 14:54:11,1556.67,25.8,46.6,10.901,2.035,22.181,12.39,station_01
2026-04-28 14:54:16,1558.33,25.8,46.7,10.932,2.062,22.54,12.39,station_01
2026-04-28 14:54:21,1536.67,25.8,46.8,10.951,2.081,22.795,12.39,station_01
2026-04-28 14:54:26,1555.83,25.7,46.8,10.992,2.126,23.369,12.39,station_01
2026-04-28 14:54:31,1553.33,25.8,46.6,11.017,2.157,23.763,12.39,station_01
2026-04-28 14:54:36,1550.83,25.7,46.6,11.049,2.196,24.264,12.39,station_01
2026-04-28 14:54:41,1558.33,25.8,46.4,11.09,2.252,24.971,12.39,station_01
2026-04-28 14:54:46,1660.0,25.8,46.4,11.122,2.296,25.541,12.4,station_01
2026-04-28 14:54:53,1560.0,25.7,46.4,11.187,2.391,26.753,12.4,station_01
2026-04-28 14:54:57,1554.17,25.8,46.4,11.223,2.447,27.462,12.4,station_01
2026-04-28 14:55:02,1450.83,25.8,46.0,11.264,2.511,28.287,12.4,station_01
2026-04-28 14:55:07,1531.67,25.8,46.0,11.308,2.583,29.213,12.4,station_01
2026-04-28 14:55:12,1520.0,25.8,46.3,11.343,2.643,29.976,12.4,station_01
2026-04-28 14:55:17,1495.83,25.8,46.1,11.383,2.711,30.857,12.4,station_01
2026-04-28 14:55:24,1459.17,25.8,46.1,11.456,2.844,32.577,12.4,station_01
2026-04-28 14:55:29,1453.33,25.8,46.2,11.493,2.912,33.467,12.4,station_01
2026-04-28 14:55:34,1451.67,25.8,46.4,11.536,2.994,34.537,12.4,station_01
2026-04-28 14:55:39,1451.67,25.8,46.4,11.576,3.075,35.594,12.4,station_01
2026-04-28 14:55:44,1452.5,25.8,46.5,11.61,3.143,36.493,12.4,station_01
2026-04-28 14:55:52,1450.83,25.8,46.4,11.684,3.302,38.58,12.4,station_01
2026-04-28 14:55:57,1449.17,25.8,46.3,11.717,3.376,39.557,12.4,station_01
2026-04-28 14:56:03,1447.5,25.8,46.4,11.757,3.47,40.795,12.4,station_01
2026-04-28 14:56:07,1446.67,25.8,46.5,11.789,3.547,41.822,12.4,station_01
